Input #0, mov,mp4,m4a,3gp,3g2,mj2, from '/Users/is9565/Downloads/NewHorizons/build/video/2026-10-07/newhorizons.mp4':
  Metadata:
    major_brand     : isom
    minor_version   : 512
    compatible_brands: isomiso2avc1mp41
    encoder         : Lavf63.1.101
  Duration: 00:05:10.00, start: 0.000000, bitrate: 3201 kb/s
  Stream #0:0[0x1](und): Video: h264 (High) (avc1 / 0x31637661), yuv420p(tv, bt709/unknown/unknown, progressive), 1920x1080 [SAR 1:1 DAR 16:9], 3027 kb/s, 60 fps, 60 tbr, 15360 tbn (default)
    Metadata:
      handler_name    : VideoHandler
      encoder         : Lavc63.1.101 libx264
    Side data:
      ICC Profile: (588 bytes)
  Stream #0:1[0x2](und): Audio: aac (LC) (mp4a / 0x6134706D), 48000 Hz, mono, fltp, 161 kb/s (default)
    Metadata:
      handler_name    : SoundHandler
Stream mapping:
  Stream #0:1 -> #0:0 (aac (native) -> pcm_s16le (native))
[Parsed_ebur128_0 @ 0x75bec0d2c0] t: 0.0999792  TARGET:-23 LUFS    M:-120.7 S:-120.7     I: -70.0 LUFS       LRA:   0.0 LU  FTPK:  -inf dBFS  TPK:  -inf dBFS
Output #0, null, to 'pipe:':
  Metadata:
    major_brand     : isom
    minor_version   : 512
    compatible_brands: isomiso2avc1mp41
    encoder         : Lavf63.1.101
  Stream #0:0(und): Audio: pcm_s16le, 48000 Hz, mono, s16, 768 kb/s (default)
    Metadata:
      encoder         : Lavc63.1.101 pcm_s16le
      handler_name    : SoundHandler
[Parsed_ebur128_0 @ 0x75bec0d2c0] t: 0.199979   TARGET:-23 LUFS    M:-120.7 S:-120.7     I: -70.0 LUFS       LRA:   0.0 LU  FTPK: -66.4 dBFS  TPK: -66.4 dBFS
[Parsed_ebur128_0 @ 0x75bec0d2c0] t: 0.299979   TARGET:-23 LUFS    M:-120.7 S:-120.7     I: -70.0 LUFS       LRA:   0.0 LU  FTPK:  -3.2 dBFS  TPK:  -3.2 dBFS
[Parsed_ebur128_0 @ 0x75bec0d2c0] t: 0.399979   TARGET:-23 LUFS    M: -20.9 S:-120.7     I: -20.9 LUFS       LRA:   0.0 LU  FTPK:  -4.4 dBFS  TPK:  -3.2 dBFS
[Parsed_ebur128_0 @ 0x75bec0d2c0] t: 0.499979   TARGET:-23 LUFS    M: -17.0 S:-120.7     I: -18.5 LUFS       LRA:   0.0 LU  FTPK:  -3.8 dBFS  TPK:  -3.2 dBFS
[Parsed_ebur128_0 @ 0x75bec0d2c0] t: 0.599979   TARGET:-23 LUFS    M: -15.7 S:-120.7     I: -17.4 LUFS       LRA:   0.0 LU  FTPK:  -7.4 dBFS  TPK:  -3.2 dBFS
[Parsed_ebur128_0 @ 0x75bec0d2c0] t: 0.699979   TARGET:-23 LUFS    M: -14.8 S:-120.7     I: -16.6 LUFS       LRA:   0.0 LU  FTPK:  -1.5 dBFS  TPK:  -1.5 dBFS
[Parsed_ebur128_0 @ 0x75bec0d2c0] t: 0.799979   TARGET:-23 LUFS    M: -14.7 S:-120.7     I: -16.1 LUFS       LRA:   0.0 LU  FTPK:  -7.0 dBFS  TPK:  -1.5 dBFS
[Parsed_ebur128_0 @ 0x75bec0d2c0] t: 0.899979   TARGET:-23 LUFS    M: -16.4 S:-120.7     I: -16.2 LUFS       LRA:   0.0 LU  FTPK: -10.1 dBFS  TPK:  -1.5 dBFS
[Parsed_ebur128_0 @ 0x75bec0d2c0] t: 0.999979   TARGET:-23 LUFS    M: -15.8 S:-120.7     I: -16.1 LUFS       LRA:   0.0 LU  FTPK:  -3.9 dBFS  TPK:  -1.5 dBFS
[Parsed_ebur128_0 @ 0x75bec0d2c0] t: 1.099979   TARGET:-23 LUFS    M: -17.0 S:-120.7     I: -16.2 LUFS       LRA:   0.0 LU  FTPK:  -5.3 dBFS  TPK:  -1.5 dBFS
[Parsed_ebur128_0 @ 0x75bec0d2c0] t: 1.199979   TARGET:-23 LUFS    M: -17.8 S:-120.7     I: -16.4 LUFS       LRA:   0.0 LU  FTPK:  -9.0 dBFS  TPK:  -1.5 dBFS
[Parsed_ebur128_0 @ 0x75bec0d2c0] t: 1.299979   TARGET:-23 LUFS    M: -16.9 S:-120.7     I: -16.4 LUFS       LRA:   0.0 LU  FTPK:  -4.6 dBFS  TPK:  -1.5 dBFS
[Parsed_ebur128_0 @ 0x75bec0d2c0] t: 1.399979   TARGET:-23 LUFS    M: -17.9 S:-120.7     I: -16.5 LUFS       LRA:   0.0 LU  FTPK:  -3.0 dBFS  TPK:  -1.5 dBFS
[Parsed_ebur128_0 @ 0x75bec0d2c0] t: 1.499979   TARGET:-23 LUFS    M: -18.6 S:-120.7     I: -16.7 LUFS       LRA:   0.0 LU  FTPK:  -9.3 dBFS  TPK:  -1.5 dBFS
[Parsed_ebur128_0 @ 0x75bec0d2c0] t: 1.599979   TARGET:-23 LUFS    M: -19.0 S:-120.7     I: -16.8 LUFS       LRA:   0.0 LU  FTPK: -16.5 dBFS  TPK:  -1.5 dBFS
[Parsed_ebur128_0 @ 0x75bec0d2c0] t: 1.699979   TARGET:-23 LUFS    M: -20.8 S:-120.7     I: -17.0 LUFS       LRA:   0.0 LU  FTPK: -40.1 dBFS  TPK:  -1.5 dBFS
[Parsed_ebur128_0 @ 0x75bec0d2c0] t: 1.799979   TARGET:-23 LUFS    M: -26.0 S:-120.7     I: -17.3 LUFS       LRA:   0.0 LU  FTPK: -20.0 dBFS  TPK:  -1.5 dBFS
[Parsed_ebur128_0 @ 0x75bec0d2c0] t: 1.899979   TARGET:-23 LUFS    M: -17.4 S:-120.7     I: -17.3 LUFS       LRA:   0.0 LU  FTPK:  -1.5 dBFS  TPK:  -1.5 dBFS
[Parsed_ebur128_0 @ 0x75bec0d2c0] t: 1.999979   TARGET:-23 LUFS    M: -16.4 S:-120.7     I: -17.2 LUFS       LRA:   0.0 LU  FTPK:  -3.8 dBFS  TPK:  -1.5 dBFS
[Parsed_ebur128_0 @ 0x75bec0d2c0] t: 2.099979   TARGET:-23 LUFS    M: -14.5 S:-120.7     I: -17.0 LUFS       LRA:   0.0 LU  FTPK:  -1.5 dBFS  TPK:  -1.5 dBFS
[Parsed_ebur128_0 @ 0x75bec0d2c0] t: 2.199979   TARGET:-23 LUFS    M: -13.4 S:-120.7     I: -16.7 LUFS       LRA:   0.0 LU  FTPK:  -4.2 dBFS  TPK:  -1.5 dBFS
[Parsed_ebur128_0 @ 0x75bec0d2c0] t: 2.299979   TARGET:-23 LUFS    M: -14.1 S:-120.7     I: -16.5 LUFS       LRA:   0.0 LU  FTPK:  -5.1 dBFS  TPK:  -1.5 dBFS
[Parsed_ebur128_0 @ 0x75bec0d2c0] t: 2.399979   TARGET:-23 LUFS    M: -14.2 S:-120.7     I: -16.4 LUFS       LRA:   0.0 LU  FTPK:  -7.3 dBFS  TPK:  -1.5 dBFS
[Parsed_ebur128_0 @ 0x75bec0d2c0] t: 2.499979   TARGET:-23 LUFS    M: -15.6 S:-120.7     I: -16.4 LUFS       LRA:   0.0 LU  FTPK:  -8.3 dBFS  TPK:  -1.5 dBFS
[Parsed_ebur128_0 @ 0x75bec0d2c0] t: 2.599979   TARGET:-23 LUFS    M: -14.8 S:-120.7     I: -16.3 LUFS       LRA:   0.0 LU  FTPK:  -2.2 dBFS  TPK:  -1.5 dBFS
[Parsed_ebur128_0 @ 0x75bec0d2c0] t: 2.699979   TARGET:-23 LUFS    M: -14.7 S:-120.7     I: -16.2 LUFS       LRA:   0.0 LU  FTPK:  -3.0 dBFS  TPK:  -1.5 dBFS
[Parsed_ebur128_0 @ 0x75bec0d2c0] t: 2.799979   TARGET:-23 LUFS    M: -14.6 S:-120.7     I: -16.1 LUFS       LRA:   0.0 LU  FTPK:  -6.3 dBFS  TPK:  -1.5 dBFS
[Parsed_ebur128_0 @ 0x75bec0d2c0] t: 2.899979   TARGET:-23 LUFS    M: -14.7 S:-120.7     I: -16.1 LUFS       LRA:   0.0 LU  FTPK:  -7.1 dBFS  TPK:  -1.5 dBFS
[Parsed_ebur128_0 @ 0x75bec0d2c0] t: 2.999979   TARGET:-23 LUFS    M: -14.6 S: -16.1     I: -16.0 LUFS       LRA:  20.0 LU  FTPK:  -2.6 dBFS  TPK:  -1.5 dBFS
[Parsed_ebur128_0 @ 0x75bec0d2c0] t: 3.099979   TARGET:-23 LUFS    M: -15.5 S: -15.9     I: -16.0 LUFS       LRA:  20.1 LU  FTPK:  -6.1 dBFS  TPK:  -1.5 dBFS
[Parsed_ebur128_0 @ 0x75bec0d2c0] t: 3.199979   TARGET:-23 LUFS    M: -15.2 S: -15.8     I: -15.8 LUFS       LRA:  20.1 LU  FTPK:  -5.4 dBFS  TPK:  -1.5 dBFS
[Parsed_ebur128_0 @ 0x75bec0d2c0] t: 3.299979   TARGET:-23 LUFS    M: -14.8 S: -15.8     I: -15.8 LUFS       LRA:  20.1 LU  FTPK:  -6.1 dBFS  TPK:  -1.5 dBFS
[Parsed_ebur128_0 @ 0x75bec0d2c0] t: 3.399979   TARGET:-23 LUFS    M: -16.9 S: -15.8     I: -15.8 LUFS       LRA:   0.3 LU  FTPK:  -9.0 dBFS  TPK:  -1.5 dBFS
[Parsed_ebur128_0 @ 0x75bec0d2c0] t: 3.499979   TARGET:-23 LUFS    M: -16.5 S: -15.9     I: -15.8 LUFS       LRA:   0.3 LU  FTPK:  -5.9 dBFS  TPK:  -1.5 dBFS
[Parsed_ebur128_0 @ 0x75bec0d2c0] t: 3.599979   TARGET:-23 LUFS    M: -16.4 S: -15.9     I: -15.8 LUFS       LRA:   0.3 LU  FTPK:  -6.0 dBFS  TPK:  -1.5 dBFS
[Parsed_ebur128_0 @ 0x75bec0d2c0] t: 3.699979   TARGET:-23 LUFS    M: -17.3 S: -16.1     I: -16.0 LUFS       LRA:   0.3 LU  FTPK: -10.9 dBFS  TPK:  -1.5 dBFS
[Parsed_ebur128_0 @ 0x75bec0d2c0] t: 3.799979   TARGET:-23 LUFS    M: -17.8 S: -16.2     I: -16.0 LUFS       LRA:   0.4 LU  FTPK: -21.4 dBFS  TPK:  -1.5 dBFS
[Parsed_ebur128_0 @ 0x75bec0d2c0] t: 3.899979   TARGET:-23 LUFS    M: -20.6 S: -16.2     I: -16.1 LUFS       LRA:   0.5 LU  FTPK: -41.4 dBFS  TPK:  -1.5 dBFS
[Parsed_ebur128_0 @ 0x75bec0d2c0] t: 3.999979   TARGET:-23 LUFS    M: -29.5 S: -16.5     I: -16.1 LUFS       LRA:   0.7 LU  FTPK: -64.7 dBFS  TPK:  -1.5 dBFS
[Parsed_ebur128_0 @ 0x75bec0d2c0] t: 4.099979   TARGET:-23 LUFS    M: -40.7 S: -16.6     I: -16.1 LUFS       LRA:   0.8 LU  FTPK: -129.1 dBFS  TPK:  -1.5 dBFS
[Parsed_ebur128_0 @ 0x75bec0d2c0] t: 4.199979   TARGET:-23 LUFS    M: -62.4 S: -16.6     I: -16.1 LUFS       LRA:   0.9 LU  FTPK:  -inf dBFS  TPK:  -1.5 dBFS
[Parsed_silencedetect_1 @ 0x75bec0d380] silence_start: 3.798125
[Parsed_ebur128_0 @ 0x75bec0d2c0] t: 4.299979   TARGET:-23 LUFS    M: -84.4 S: -16.8     I: -16.1 LUFS       LRA:   1.0 LU  FTPK:  -inf dBFS  TPK:  -1.5 dBFS
[Parsed_ebur128_0 @ 0x75bec0d2c0] t: 4.399979   TARGET:-23 LUFS    M:-149.5 S: -16.9     I: -16.1 LUFS       LRA:   1.0 LU  FTPK:  -inf dBFS  TPK:  -1.5 dBFS
[Parsed_ebur128_0 @ 0x75bec0d2c0] t: 4.499979   TARGET:-23 LUFS    M:   nan S: -17.0     I: -16.1 LUFS       LRA:   1.1 LU  FTPK:  -inf dBFS  TPK:  -1.5 dBFS
[Parsed_ebur128_0 @ 0x75bec0d2c0] t: 4.599979   TARGET:-23 LUFS    M:   nan S: -17.0     I: -16.1 LUFS       LRA:   1.2 LU  FTPK:  -inf dBFS  TPK:  -1.5 dBFS
[Parsed_ebur128_0 @ 0x75bec0d2c0] t: 4.699979   TARGET:-23 LUFS    M:   nan S: -17.0     I: -16.1 LUFS       LRA:   1.2 LU  FTPK:  -inf dBFS  TPK:  -1.5 dBFS
[Parsed_ebur128_0 @ 0x75bec0d2c0] t: 4.799979   TARGET:-23 LUFS    M:   nan S: -17.0     I: -16.1 LUFS       LRA:   1.2 LU  FTPK:  -inf dBFS  TPK:  -1.5 dBFS
[Parsed_ebur128_0 @ 0x75bec0d2c0] t: 4.899979   TARGET:-23 LUFS    M:   nan S: -17.5     I: -16.1 LUFS       LRA:   1.2 LU  FTPK:  -inf dBFS  TPK:  -1.5 dBFS
[Parsed_ebur128_0 @ 0x75bec0d2c0] t: 4.999979   TARGET:-23 LUFS    M:   nan S: -17.7     I: -16.1 LUFS       LRA:   1.8 LU  FTPK:  -inf dBFS  TPK:  -1.5 dBFS
[Parsed_ebur128_0 @ 0x75bec0d2c0] t: 5.099979   TARGET:-23 LUFS    M:   nan S: -18.2     I: -16.1 LUFS       LRA:   1.9 LU  FTPK:  -inf dBFS  TPK:  -1.5 dBFS
[Parsed_ebur128_0 @ 0x75bec0d2c0] t: 5.199979   TARGET:-23 LUFS    M: -86.4 S: -18.6     I: -16.1 LUFS       LRA:   2.4 LU  FTPK: -66.6 dBFS  TPK:  -1.5 dBFS
[Parsed_ebur128_0 @ 0x75bec0d2c0] t: 5.299979   TARGET:-23 LUFS    M: -20.8 S: -18.7     I: -16.2 LUFS       LRA:   2.8 LU  FTPK:  -3.0 dBFS  TPK:  -1.5 dBFS
[Parsed_silencedetect_1 @ 0x75bec0d380] silence_end: 5.25125 | silence_duration: 1.453125
[Parsed_ebur128_0 @ 0x75bec0d2c0] t: 5.399979   TARGET:-23 LUFS    M: -18.8 S: -18.6     I: -16.2 LUFS       LRA:   2.8 LU  FTPK:  -4.7 dBFS  TPK:  -1.5 dBFS
[Parsed_ebur128_0 @ 0x75bec0d2c0] t: 5.499979   TARGET:-23 LUFS    M: -15.4 S: -18.1     I: -16.2 LUFS       LRA:   2.8 LU  FTPK:  -1.5 dBFS  TPK:  -1.5 dBFS
[Parsed_ebur128_0 @ 0x75bec0d2c0] t: 5.599979   TARGET:-23 LUFS    M: -14.9 S: -18.6     I: -16.2 LUFS       LRA:   2.8 LU  FTPK:  -8.7 dBFS  TPK:  -1.5 dBFS
[Parsed_ebur128_0 @ 0x75bec0d2c0] t: 5.699979   TARGET:-23 LUFS    M: -13.7 S: -18.4     I: -16.1 LUFS       LRA:   2.8 LU  FTPK:  -2.4 dBFS  TPK:  -1.5 dBFS
[Parsed_ebur128_0 @ 0x75bec0d2c0] t: 5.799979   TARGET:-23 LUFS    M: -12.8 S: -18.0     I: -16.0 LUFS       LRA:   2.8 LU  FTPK:  -1.6 dBFS  TPK:  -1.5 dBFS
[Parsed_ebur128_0 @ 0x75bec0d2c0] t: 5.899979   TARGET:-23 LUFS    M: -13.1 S: -17.6     I: -15.9 LUFS       LRA:   2.8 LU  FTPK:  -2.3 dBFS  TPK:  -1.5 dBFS
[Parsed_ebur128_0 @ 0x75bec0d2c0] t: 5.999979   TARGET:-23 LUFS    M: -13.3 S: -18.1     I: -15.8 LUFS       LRA:   2.8 LU  FTPK: -18.1 dBFS  TPK:  -1.5 dBFS
[Parsed_ebur128_0 @ 0x75bec0d2c0] t: 6.099979   TARGET:-23 LUFS    M: -15.0 S: -18.2     I: -15.8 LUFS       LRA:   2.8 LU  FTPK:  -7.7 dBFS  TPK:  -1.5 dBFS
[Parsed_ebur128_0 @ 0x75bec0d2c0] t: 6.199979   TARGET:-23 LUFS    M: -16.7 S: -18.3     I: -15.8 LUFS       LRA:   2.8 LU  FTPK:  -8.0 dBFS  TPK:  -1.5 dBFS
[Parsed_ebur128_0 @ 0x75bec0d2c0] t: 6.299979   TARGET:-23 LUFS    M: -19.3 S: -18.4     I: -15.9 LUFS       LRA:   2.8 LU  FTPK:  -5.3 dBFS  TPK:  -1.5 dBFS
[Parsed_ebur128_0 @ 0x75bec0d2c0] t: 6.399979   TARGET:-23 LUFS    M: -19.1 S: -18.4     I: -15.9 LUFS       LRA:   2.8 LU  FTPK:  -9.4 dBFS  TPK:  -1.5 dBFS
[Parsed_ebur128_0 @ 0x75bec0d2c0] t: 6.499979   TARGET:-23 LUFS    M: -16.1 S: -18.1     I: -15.9 LUFS       LRA:   2.8 LU  FTPK:  -2.5 dBFS  TPK:  -1.5 dBFS
[Parsed_ebur128_0 @ 0x75bec0d2c0] t: 6.599979   TARGET:-23 LUFS    M: -15.4 S: -18.1     I: -15.9 LUFS       LRA:   2.8 LU  FTPK:  -4.7 dBFS  TPK:  -1.5 dBFS
[Parsed_ebur128_0 @ 0x75bec0d2c0] t: 6.699979   TARGET:-23 LUFS    M: -15.5 S: -18.0     I: -15.9 LUFS       LRA:   2.8 LU  FTPK:  -6.8 dBFS  TPK:  -1.5 dBFS
[Parsed_ebur128_0 @ 0x75bec0d2c0] t: 6.799979   TARGET:-23 LUFS    M: -15.4 S: -18.0     I: -15.9 LUFS       LRA:   2.8 LU  FTPK:  -8.6 dBFS  TPK:  -1.5 dBFS
[Parsed_ebur128_0 @ 0x75bec0d2c0] t: 6.899979   TARGET:-23 LUFS    M: -18.7 S: -18.0     I: -15.9 LUFS       LRA:   2.8 LU  FTPK: -11.8 dBFS  TPK:  -1.5 dBFS
[Parsed_ebur128_0 @ 0x75bec0d2c0] t: 6.999979   TARGET:-23 LUFS    M: -17.4 S: -17.5     I: -16.0 LUFS       LRA:   2.8 LU  FTPK:  -2.0 dBFS  TPK:  -1.5 dBFS
[Parsed_ebur128_0 @ 0x75bec0d2c0] t: 7.099979   TARGET:-23 LUFS    M: -16.4 S: -17.2     I: -16.0 LUFS       LRA:   2.8 LU  FTPK:  -2.1 dBFS  TPK:  -1.5 dBFS
[Parsed_ebur128_0 @ 0x75bec0d2c0] t: 7.199979   TARGET:-23 LUFS    M: -16.1 S: -17.2     I: -16.0 LUFS       LRA:   2.8 LU  FTPK:  -8.8 dBFS  TPK:  -1.5 dBFS
[Parsed_ebur128_0 @ 0x75bec0d2c0] t: 7.299979   TARGET:-23 LUFS    M: -14.9 S: -16.9     I: -15.9 LUFS       LRA:   2.8 LU  FTPK:  -3.6 dBFS  TPK:  -1.5 dBFS
[Parsed_ebur128_0 @ 0x75bec0d2c0] t: 7.399979   TARGET:-23 LUFS    M: -16.7 S: -16.9     I: -16.0 LUFS       LRA:   2.6 LU  FTPK:  -6.0 dBFS  TPK:  -1.5 dBFS
[Parsed_ebur128_0 @ 0x75bec0d2c0] t: 7.499979   TARGET:-23 LUFS    M: -17.1 S: -16.7     I: -16.0 LUFS       LRA:   2.6 LU  FTPK:  -3.4 dBFS  TPK:  -1.5 dBFS
[Parsed_ebur128_0 @ 0x75bec0d2c0] t: 7.599979   TARGET:-23 LUFS    M: -15.8 S: -16.4     I: -16.0 LUFS       LRA:   2.6 LU  FTPK:  -4.2 dBFS  TPK:  -1.5 dBFS
[Parsed_ebur128_0 @ 0x75bec0d2c0] t: 7.699979   TARGET:-23 LUFS    M: -17.4 S: -16.4     I: -16.0 LUFS       LRA:   2.6 LU  FTPK: -11.9 dBFS  TPK:  -1.5 dBFS
[Parsed_ebur128_0 @ 0x75bec0d2c0] t: 7.799979   TARGET:-23 LUFS    M: -17.2 S: -16.3     I: -16.0 LUFS       LRA:   2.6 LU  FTPK:  -4.9 dBFS  TPK:  -1.5 dBFS
[Parsed_ebur128_0 @ 0x75bec0d2c0] t: 7.899979   TARGET:-23 LUFS    M: -16.6 S: -16.1     I: -16.0 LUFS       LRA:   2.6 LU  FTPK:  -3.0 dBFS  TPK:  -1.5 dBFS
[Parsed_ebur128_0 @ 0x75bec0d2c0] t: 7.999979   TARGET:-23 LUFS    M: -15.7 S: -15.8     I: -16.0 LUFS       LRA:   2.6 LU  FTPK:  -2.1 dBFS  TPK:  -1.5 dBFS
[Parsed_ebur128_0 @ 0x75bec0d2c0] t: 8.099979   TARGET:-23 LUFS    M: -15.7 S: -15.8     I: -16.0 LUFS       LRA:   2.6 LU  FTPK:  -6.7 dBFS  TPK:  -1.5 dBFS
[Parsed_ebur128_0 @ 0x75bec0d2c0] t: 8.199979   TARGET:-23 LUFS    M: -16.1 S: -15.8     I: -16.0 LUFS       LRA:   2.6 LU  FTPK: -11.1 dBFS  TPK:  -1.5 dBFS
[Parsed_ebur128_0 @ 0x75bec0d2c0] t: 8.299979   TARGET:-23 LUFS    M: -15.9 S: -15.7     I: -16.0 LUFS       LRA:   2.6 LU  FTPK:  -2.3 dBFS  TPK:  -1.5 dBFS
[Parsed_ebur128_0 @ 0x75bec0d2c0] t: 8.399979   TARGET:-23 LUFS    M: -17.5 S: -15.7     I: -16.0 LUFS       LRA:   2.6 LU  FTPK:  -5.5 dBFS  TPK:  -1.5 dBFS
[Parsed_ebur128_0 @ 0x75bec0d2c0] t: 8.499979   TARGET:-23 LUFS    M: -16.8 S: -16.0     I: -16.0 LUFS       LRA:   2.6 LU  FTPK:  -5.9 dBFS  TPK:  -1.5 dBFS
[Parsed_ebur128_0 @ 0x75bec0d2c0] t: 8.599979   TARGET:-23 LUFS    M: -16.4 S: -16.0     I: -16.0 LUFS       LRA:   2.6 LU  FTPK:  -7.2 dBFS  TPK:  -1.5 dBFS
[Parsed_ebur128_0 @ 0x75bec0d2c0] t: 8.699979   TARGET:-23 LUFS    M: -18.8 S: -16.4     I: -16.1 LUFS       LRA:   2.6 LU  FTPK: -17.3 dBFS  TPK:  -1.5 dBFS
[Parsed_ebur128_0 @ 0x75bec0d2c0] t: 8.799979   TARGET:-23 LUFS    M: -21.0 S: -16.8     I: -16.1 LUFS       LRA:   2.6 LU  FTPK:  -7.6 dBFS  TPK:  -1.5 dBFS
[Parsed_ebur128_0 @ 0x75bec0d2c0] t: 8.899979   TARGET:-23 LUFS    M: -19.6 S: -17.0     I: -16.1 LUFS       LRA:   2.6 LU  FTPK:  -5.6 dBFS  TPK:  -1.5 dBFS
[Parsed_ebur128_0 @ 0x75bec0d2c0] t: 8.999979   TARGET:-23 LUFS    M: -20.7 S: -16.9     I: -16.2 LUFS       LRA:   2.6 LU  FTPK: -10.6 dBFS  TPK:  -1.5 dBFS
[Parsed_ebur128_0 @ 0x75bec0d2c0] t: 9.099979   TARGET:-23 LUFS    M: -16.3 S: -16.6     I: -16.2 LUFS       LRA:   2.6 LU  FTPK:  -1.5 dBFS  TPK:  -1.5 dBFS
[Parsed_ebur128_0 @ 0x75bec0d2c0] t: 9.199979   TARGET:-23 LUFS    M: -16.0 S: -16.7     I: -16.2 LUFS       LRA:   2.6 LU  FTPK:  -4.4 dBFS  TPK:  -1.5 dBFS
[Parsed_ebur128_0 @ 0x75bec0d2c0] t: 9.299979   TARGET:-23 LUFS    M: -16.9 S: -16.7     I: -16.2 LUFS       LRA:   2.6 LU  FTPK:  -6.7 dBFS  TPK:  -1.5 dBFS
[Parsed_ebur128_0 @ 0x75bec0d2c0] t: 9.399979   TARGET:-23 LUFS    M: -17.0 S: -16.7     I: -16.2 LUFS       LRA:   2.6 LU  FTPK: -19.1 dBFS  TPK:  -1.5 dBFS
[Parsed_ebur128_0 @ 0x75bec0d2c0] t: 9.499979   TARGET:-23 LUFS    M: -17.6 S: -16.8     I: -16.2 LUFS       LRA:   2.6 LU  FTPK:  -2.2 dBFS  TPK:  -1.5 dBFS
[Parsed_ebur128_0 @ 0x75bec0d2c0] t: 9.599979   TARGET:-23 LUFS    M: -17.7 S: -17.0     I: -16.2 LUFS       LRA:   2.6 LU  FTPK:  -4.2 dBFS  TPK:  -1.5 dBFS
[Parsed_ebur128_0 @ 0x75bec0d2c0] t: 9.699979   TARGET:-23 LUFS    M: -16.8 S: -16.9     I: -16.2 LUFS       LRA:   2.6 LU  FTPK:  -6.8 dBFS  TPK:  -1.5 dBFS
[Parsed_ebur128_0 @ 0x75bec0d2c0] t: 9.799979   TARGET:-23 LUFS    M: -16.8 S: -16.9     I: -16.2 LUFS       LRA:   2.6 LU  FTPK: -14.1 dBFS  TPK:  -1.5 dBFS
[Parsed_ebur128_0 @ 0x75bec0d2c0] t: 9.899979   TARGET:-23 LUFS    M: -20.5 S: -17.0     I: -16.3 LUFS       LRA:   2.6 LU  FTPK: -41.4 dBFS  TPK:  -1.5 dBFS
[Parsed_ebur128_0 @ 0x75bec0d2c0] t: 9.999979   TARGET:-23 LUFS    M: -22.2 S: -17.4     I: -16.3 LUFS       LRA:   2.6 LU  FTPK: -64.4 dBFS  TPK:  -1.5 dBFS
[Parsed_ebur128_0 @ 0x75bec0d2c0] t: 10.099979  TARGET:-23 LUFS    M: -35.7 S: -17.6     I: -16.3 LUFS       LRA:   2.6 LU  FTPK: -162.3 dBFS  TPK:  -1.5 dBFS
[Parsed_ebur128_0 @ 0x75bec0d2c0] t: 10.199979  TARGET:-23 LUFS    M: -64.1 S: -17.7     I: -16.3 LUFS       LRA:   2.6 LU  FTPK:  -inf dBFS  TPK:  -1.5 dBFS
[Parsed_silencedetect_1 @ 0x75bec0d380] silence_start: 9.797562
[Parsed_ebur128_0 @ 0x75bec0d2c0] t: 10.299979  TARGET:-23 LUFS    M: -85.9 S: -18.0     I: -16.3 LUFS       LRA:   2.6 LU  FTPK:  -inf dBFS  TPK:  -1.5 dBFS
[Parsed_ebur128_0 @ 0x75bec0d2c0] t: 10.399979  TARGET:-23 LUFS    M:   nan S: -18.1     I: -16.3 LUFS       LRA:   2.5 LU  FTPK:  -inf dBFS  TPK:  -1.5 dBFS
[Parsed_ebur128_0 @ 0x75bec0d2c0] t: 10.499979  TARGET:-23 LUFS    M:   nan S: -18.3     I: -16.3 LUFS       LRA:   2.6 LU  FTPK:  -inf dBFS  TPK:  -1.5 dBFS
[Parsed_ebur128_0 @ 0x75bec0d2c0] t: 10.599979  TARGET:-23 LUFS    M:   nan S: -18.7     I: -16.3 LUFS       LRA:   2.6 LU  FTPK:  -inf dBFS  TPK:  -1.5 dBFS
[Parsed_ebur128_0 @ 0x75bec0d2c0] t: 10.699979  TARGET:-23 LUFS    M:   nan S: -18.7     I: -16.3 LUFS       LRA:   2.6 LU  FTPK:  -inf dBFS  TPK:  -1.5 dBFS
[Parsed_ebur128_0 @ 0x75bec0d2c0] t: 10.799979  TARGET:-23 LUFS    M:   nan S: -18.9     I: -16.3 LUFS       LRA:   2.6 LU  FTPK:  -inf dBFS  TPK:  -1.5 dBFS
[Parsed_ebur128_0 @ 0x75bec0d2c0] t: 10.899979  TARGET:-23 LUFS    M:   nan S: -19.3     I: -16.3 LUFS       LRA:   2.8 LU  FTPK:  -inf dBFS  TPK:  -1.5 dBFS
[Parsed_ebur128_0 @ 0x75bec0d2c0] t: 10.999979  TARGET:-23 LUFS    M:   nan S: -20.0     I: -16.3 LUFS       LRA:   2.8 LU  FTPK:  -inf dBFS  TPK:  -1.5 dBFS
[Parsed_ebur128_0 @ 0x75bec0d2c0] t: 11.099979  TARGET:-23 LUFS    M:   nan S: -20.1     I: -16.3 LUFS       LRA:   2.9 LU  FTPK:  -inf dBFS  TPK:  -1.5 dBFS
[Parsed_ebur128_0 @ 0x75bec0d2c0] t: 11.199979  TARGET:-23 LUFS    M:   nan S: -20.1     I: -16.3 LUFS       LRA:   2.9 LU  FTPK:  -inf dBFS  TPK:  -1.5 dBFS
[Parsed_ebur128_0 @ 0x75bec0d2c0] t: 11.299979  TARGET:-23 LUFS    M:   nan S: -20.8     I: -16.3 LUFS       LRA:   2.9 LU  FTPK:  -inf dBFS  TPK:  -1.5 dBFS
[Parsed_ebur128_0 @ 0x75bec0d2c0] t: 11.399979  TARGET:-23 LUFS    M:   nan S: -21.2     I: -16.3 LUFS       LRA:   2.9 LU  FTPK:  -inf dBFS  TPK:  -1.5 dBFS
[Parsed_ebur128_0 @ 0x75bec0d2c0] t: 11.499979  TARGET:-23 LUFS    M:   nan S: -21.5     I: -16.3 LUFS       LRA:   3.0 LU  FTPK:  -inf dBFS  TPK:  -1.5 dBFS
[Parsed_ebur128_0 @ 0x75bec0d2c0] t: 11.599979  TARGET:-23 LUFS    M:   nan S: -21.8     I: -16.3 LUFS       LRA:   3.1 LU  FTPK:  -inf dBFS  TPK:  -1.5 dBFS
[Parsed_ebur128_0 @ 0x75bec0d2c0] t: 11.699979  TARGET:-23 LUFS    M:   nan S: -21.8     I: -16.3 LUFS       LRA:   3.5 LU  FTPK:  -inf dBFS  TPK:  -1.5 dBFS
[Parsed_ebur128_0 @ 0x75bec0d2c0] t: 11.799979  TARGET:-23 LUFS    M:   nan S: -21.9     I: -16.3 LUFS       LRA:   4.3 LU  FTPK:  -inf dBFS  TPK:  -1.5 dBFS
[Parsed_ebur128_0 @ 0x75bec0d2c0] t: 11.899979  TARGET:-23 LUFS    M:   nan S: -22.5     I: -16.3 LUFS       LRA:   4.3 LU  FTPK:  -inf dBFS  TPK:  -1.5 dBFS
[Parsed_ebur128_0 @ 0x75bec0d2c0] t: 11.999979  TARGET:-23 LUFS    M:   nan S: -22.6     I: -16.3 LUFS       LRA:   4.4 LU  FTPK:  -inf dBFS  TPK:  -1.5 dBFS
[Parsed_ebur128_0 @ 0x75bec0d2c0] t: 12.099979  TARGET:-23 LUFS    M:   nan S: -24.6     I: -16.3 LUFS       LRA:   5.0 LU  FTPK:  -inf dBFS  TPK:  -1.5 dBFS
[Parsed_ebur128_0 @ 0x75bec0d2c0] t: 12.199979  TARGET:-23 LUFS    M: -81.1 S: -25.1     I: -16.3 LUFS       LRA:   5.5 LU  FTPK: -57.7 dBFS  TPK:  -1.5 dBFS
[Parsed_ebur128_0 @ 0x75bec0d2c0] t: 12.299979  TARGET:-23 LUFS    M: -19.8 S: -23.7     I: -16.3 LUFS       LRA:   5.8 LU  FTPK:  -2.6 dBFS  TPK:  -1.5 dBFS
[Parsed_silencedetect_1 @ 0x75bec0d380] silence_end: 12.231312 | silence_duration: 2.43375
[Parsed_ebur128_0 @ 0x75bec0d2c0] t: 12.399979  TARGET:-23 LUFS    M: -16.2 S: -22.2     I: -16.3 LUFS       LRA:   5.8 LU  FTPK:  -1.5 dBFS  TPK:  -1.5 dBFS
[Parsed_ebur128_0 @ 0x75bec0d2c0] t: 12.499979  TARGET:-23 LUFS    M: -15.8 S: -23.3     I: -16.3 LUFS       LRA:   6.0 LU  FTPK:  -7.9 dBFS  TPK:  -1.5 dBFS
[Parsed_ebur128_0 @ 0x75bec0d2c0] t: 12.599979  TARGET:-23 LUFS    M: -15.1 S: -23.1     I: -16.3 LUFS       LRA:   6.0 LU  FTPK:  -4.8 dBFS  TPK:  -1.5 dBFS
[Parsed_ebur128_0 @ 0x75bec0d2c0] t: 12.699979  TARGET:-23 LUFS    M: -16.9 S: -23.8     I: -16.3 LUFS       LRA:   6.1 LU  FTPK: -26.0 dBFS  TPK:  -1.5 dBFS
[Parsed_ebur128_0 @ 0x75bec0d2c0] t: 12.799979  TARGET:-23 LUFS    M: -18.8 S: -23.1     I: -16.3 LUFS       LRA:   6.4 LU  FTPK:  -3.9 dBFS  TPK:  -1.5 dBFS
[Parsed_ebur128_0 @ 0x75bec0d2c0] t: 12.899979  TARGET:-23 LUFS    M: -19.1 S: -22.9     I: -16.4 LUFS       LRA:   6.8 LU  FTPK: -10.6 dBFS  TPK:  -1.5 dBFS
[Parsed_ebur128_0 @ 0x75bec0d2c0] t: 12.999979  TARGET:-23 LUFS    M: -16.6 S: -21.5     I: -16.4 LUFS       LRA:   6.8 LU  FTPK:  -1.5 dBFS  TPK:  -1.5 dBFS
[Parsed_ebur128_0 @ 0x75bec0d2c0] t: 13.099979  TARGET:-23 LUFS    M: -15.0 S: -20.8     I: -16.4 LUFS       LRA:   6.8 LU  FTPK:  -2.3 dBFS  TPK:  -1.5 dBFS
[Parsed_ebur128_0 @ 0x75bec0d2c0] t: 13.199979  TARGET:-23 LUFS    M: -14.9 S: -20.3     I: -16.3 LUFS       LRA:   6.8 LU  FTPK:  -5.6 dBFS  TPK:  -1.5 dBFS
[Parsed_ebur128_0 @ 0x75bec0d2c0] t: 13.299979  TARGET:-23 LUFS    M: -14.9 S: -20.2     I: -16.3 LUFS       LRA:   6.8 LU  FTPK:  -7.3 dBFS  TPK:  -1.5 dBFS
[Parsed_ebur128_0 @ 0x75bec0d2c0] t: 13.399979  TARGET:-23 LUFS    M: -16.6 S: -20.0     I: -16.3 LUFS       LRA:   6.4 LU  FTPK:  -7.6 dBFS  TPK:  -1.5 dBFS
[Parsed_ebur128_0 @ 0x75bec0d2c0] t: 13.499979  TARGET:-23 LUFS    M: -18.3 S: -19.9     I: -16.3 LUFS       LRA:   6.4 LU  FTPK:  -9.5 dBFS  TPK:  -1.5 dBFS
[Parsed_ebur128_0 @ 0x75bec0d2c0] t: 13.599979  TARGET:-23 LUFS    M: -17.5 S: -19.4     I: -16.3 LUFS       LRA:   6.4 LU  FTPK:  -2.4 dBFS  TPK:  -1.5 dBFS
[Parsed_ebur128_0 @ 0x75bec0d2c0] t: 13.699979  TARGET:-23 LUFS    M: -15.9 S: -18.9     I: -16.3 LUFS       LRA:   6.4 LU  FTPK:  -2.2 dBFS  TPK:  -1.5 dBFS
[Parsed_ebur128_0 @ 0x75bec0d2c0] t: 13.799979  TARGET:-23 LUFS    M: -14.6 S: -18.4     I: -16.3 LUFS       LRA:   6.4 LU  FTPK:  -2.2 dBFS  TPK:  -1.5 dBFS
[Parsed_ebur128_0 @ 0x75bec0d2c0] t: 13.899979  TARGET:-23 LUFS    M: -13.7 S: -18.0     I: -16.3 LUFS       LRA:   6.4 LU  FTPK:  -4.8 dBFS  TPK:  -1.5 dBFS
[Parsed_ebur128_0 @ 0x75bec0d2c0] t: 13.999979  TARGET:-23 LUFS    M: -14.5 S: -17.9     I: -16.3 LUFS       LRA:   6.4 LU  FTPK:  -9.1 dBFS  TPK:  -1.5 dBFS
[Parsed_ebur128_0 @ 0x75bec0d2c0] t: 14.099979  TARGET:-23 LUFS    M: -13.5 S: -17.3     I: -16.2 LUFS       LRA:   6.4 LU  FTPK:  -1.5 dBFS  TPK:  -1.5 dBFS
[Parsed_ebur128_0 @ 0x75bec0d2c0] t: 14.199979  TARGET:-23 LUFS    M: -12.9 S: -16.7     I: -16.2 LUFS       LRA:   6.4 LU  FTPK:  -1.6 dBFS  TPK:  -1.5 dBFS
[Parsed_ebur128_0 @ 0x75bec0d2c0] t: 14.299979  TARGET:-23 LUFS    M: -13.4 S: -16.6     I: -16.1 LUFS       LRA:   6.4 LU  FTPK:  -6.3 dBFS  TPK:  -1.5 dBFS
[Parsed_ebur128_0 @ 0x75bec0d2c0] t: 14.399979  TARGET:-23 LUFS    M: -12.8 S: -16.3     I: -16.1 LUFS       LRA:   6.1 LU  FTPK:  -1.5 dBFS  TPK:  -1.5 dBFS
[Parsed_ebur128_0 @ 0x75bec0d2c0] t: 14.499979  TARGET:-23 LUFS    M: -13.8 S: -16.1     I: -16.1 LUFS       LRA:   6.1 LU  FTPK:  -1.5 dBFS  TPK:  -1.5 dBFS
[Parsed_ebur128_0 @ 0x75bec0d2c0] t: 14.599979  TARGET:-23 LUFS    M: -16.0 S: -16.1     I: -16.1 LUFS       LRA:   6.1 LU  FTPK:  -9.7 dBFS  TPK:  -1.5 dBFS
[Parsed_ebur128_0 @ 0x75bec0d2c0] t: 14.699979  TARGET:-23 LUFS    M: -16.7 S: -16.0     I: -16.1 LUFS       LRA:   6.1 LU  FTPK:  -8.3 dBFS  TPK:  -1.5 dBFS
[Parsed_ebur128_0 @ 0x75bec0d2c0] t: 14.799979  TARGET:-23 LUFS    M: -19.0 S: -16.0     I: -16.1 LUFS       LRA:   6.1 LU  FTPK: -14.5 dBFS  TPK:  -1.5 dBFS
[Parsed_ebur128_0 @ 0x75bec0d2c0] t: 14.899979  TARGET:-23 LUFS    M: -23.2 S: -16.0     I: -16.1 LUFS       LRA:   6.1 LU  FTPK: -15.6 dBFS  TPK:  -1.5 dBFS
[Parsed_ebur128_0 @ 0x75bec0d2c0] t: 14.999979  TARGET:-23 LUFS    M: -24.8 S: -16.0     I: -16.2 LUFS       LRA:   6.1 LU  FTPK: -11.7 dBFS  TPK:  -1.5 dBFS
[Parsed_ebur128_0 @ 0x75bec0d2c0] t: 15.099979  TARGET:-23 LUFS    M: -25.7 S: -16.0     I: -16.2 LUFS       LRA:   6.1 LU  FTPK: -10.7 dBFS  TPK:  -1.5 dBFS
[Parsed_ebur128_0 @ 0x75bec0d2c0] t: 15.199979  TARGET:-23 LUFS    M: -26.5 S: -16.0     I: -16.2 LUFS       LRA:   6.1 LU  FTPK: -44.8 dBFS  TPK:  -1.5 dBFS
[Parsed_ebur128_0 @ 0x75bec0d2c0] t: 15.299979  TARGET:-23 LUFS    M: -27.0 S: -16.2     I: -16.2 LUFS       LRA:   6.1 LU  FTPK: -67.7 dBFS  TPK:  -1.5 dBFS
[Parsed_ebur128_0 @ 0x75bec0d2c0] t: 15.399979  TARGET:-23 LUFS    M: -29.8 S: -16.6     I: -16.2 LUFS       LRA:   6.0 LU  FTPK:  -inf dBFS  TPK:  -1.5 dBFS
[Parsed_ebur128_0 @ 0x75bec0d2c0] t: 15.499979  TARGET:-23 LUFS    M: -70.5 S: -16.6     I: -16.2 LUFS       LRA:   6.0 LU  FTPK:  -inf dBFS  TPK:  -1.5 dBFS
[Parsed_silencedetect_1 @ 0x75bec0d380] silence_start: 15.077208
[Parsed_ebur128_0 @ 0x75bec0d2c0] t: 15.599979  TARGET:-23 LUFS    M: -89.5 S: -16.7     I: -16.2 LUFS       LRA:   6.0 LU  FTPK:  -inf dBFS  TPK:  -1.5 dBFS
[Parsed_ebur128_0 @ 0x75bec0d2c0] t: 15.699979  TARGET:-23 LUFS    M:-154.4 S: -16.7     I: -16.2 LUFS       LRA:   6.0 LU  FTPK:  -inf dBFS  TPK:  -1.5 dBFS
[Parsed_ebur128_0 @ 0x75bec0d2c0] t: 15.799979  TARGET:-23 LUFS    M:-154.4 S: -16.9     I: -16.2 LUFS       LRA:   6.0 LU  FTPK:  -inf dBFS  TPK:  -1.5 dBFS
[Parsed_ebur128_0 @ 0x75bec0d2c0] t: 15.899979  TARGET:-23 LUFS    M:-154.4 S: -17.0     I: -16.2 LUFS       LRA:   6.0 LU  FTPK:  -inf dBFS  TPK:  -1.5 dBFS
[Parsed_ebur128_0 @ 0x75bec0d2c0] t: 15.999979  TARGET:-23 LUFS    M:-154.4 S: -17.4     I: -16.2 LUFS       LRA:   6.0 LU  FTPK:  -inf dBFS  TPK:  -1.5 dBFS
[Parsed_ebur128_0 @ 0x75bec0d2c0] t: 16.099979  TARGET:-23 LUFS    M:-154.4 S: -17.7     I: -16.2 LUFS       LRA:   6.0 LU  FTPK:  -inf dBFS  TPK:  -1.5 dBFS
[Parsed_ebur128_0 @ 0x75bec0d2c0] t: 16.199979  TARGET:-23 LUFS    M: -85.0 S: -17.9     I: -16.2 LUFS       LRA:   6.0 LU  FTPK: -63.6 dBFS  TPK:  -1.5 dBFS
[Parsed_ebur128_0 @ 0x75bec0d2c0] t: 16.299979  TARGET:-23 LUFS    M: -25.1 S: -17.9     I: -16.3 LUFS       LRA:   6.0 LU  FTPK:  -8.1 dBFS  TPK:  -1.5 dBFS
[Parsed_silencedetect_1 @ 0x75bec0d380] silence_end: 16.228687 | silence_duration: 1.151479
[Parsed_ebur128_0 @ 0x75bec0d2c0] t: 16.399979  TARGET:-23 LUFS    M: -17.8 S: -17.5     I: -16.3 LUFS       LRA:   6.0 LU  FTPK:  -1.5 dBFS  TPK:  -1.5 dBFS
[Parsed_ebur128_0 @ 0x75bec0d2c0] t: 16.499979  TARGET:-23 LUFS    M: -16.7 S: -17.5     I: -16.3 LUFS       LRA:   6.0 LU  FTPK:  -7.8 dBFS  TPK:  -1.5 dBFS
[Parsed_ebur128_0 @ 0x75bec0d2c0] t: 16.599979  TARGET:-23 LUFS    M: -14.7 S: -17.4     I: -16.3 LUFS       LRA:   6.0 LU  FTPK:  -1.5 dBFS  TPK:  -1.5 dBFS
[Parsed_ebur128_0 @ 0x75bec0d2c0] t: 16.699979  TARGET:-23 LUFS    M: -13.4 S: -17.2     I: -16.2 LUFS       LRA:   6.0 LU  FTPK:  -1.5 dBFS  TPK:  -1.5 dBFS
[Parsed_ebur128_0 @ 0x75bec0d2c0] t: 16.799979  TARGET:-23 LUFS    M: -13.6 S: -17.3     I: -16.2 LUFS       LRA:   6.0 LU  FTPK:  -3.1 dBFS  TPK:  -1.5 dBFS
[Parsed_ebur128_0 @ 0x75bec0d2c0] t: 16.899979  TARGET:-23 LUFS    M: -13.6 S: -17.4     I: -16.1 LUFS       LRA:   6.0 LU  FTPK:  -4.4 dBFS  TPK:  -1.5 dBFS
[Parsed_ebur128_0 @ 0x75bec0d2c0] t: 16.999979  TARGET:-23 LUFS    M: -15.0 S: -17.5     I: -16.1 LUFS       LRA:   6.0 LU  FTPK:  -8.3 dBFS  TPK:  -1.5 dBFS
[Parsed_ebur128_0 @ 0x75bec0d2c0] t: 17.099979  TARGET:-23 LUFS    M: -14.7 S: -17.6     I: -16.1 LUFS       LRA:   6.0 LU  FTPK:  -1.5 dBFS  TPK:  -1.5 dBFS
[Parsed_ebur128_0 @ 0x75bec0d2c0] t: 17.199979  TARGET:-23 LUFS    M: -15.8 S: -18.1     I: -16.1 LUFS       LRA:   6.0 LU  FTPK:  -9.5 dBFS  TPK:  -1.5 dBFS
[Parsed_ebur128_0 @ 0x75bec0d2c0] t: 17.299979  TARGET:-23 LUFS    M: -15.6 S: -18.1     I: -16.1 LUFS       LRA:   6.0 LU  FTPK:  -5.6 dBFS  TPK:  -1.5 dBFS
[Parsed_ebur128_0 @ 0x75bec0d2c0] t: 17.399979  TARGET:-23 LUFS    M: -15.4 S: -18.4     I: -16.1 LUFS       LRA:   5.7 LU  FTPK: -11.0 dBFS  TPK:  -1.5 dBFS
[Parsed_ebur128_0 @ 0x75bec0d2c0] t: 17.499979  TARGET:-23 LUFS    M: -18.5 S: -18.6     I: -16.1 LUFS       LRA:   5.7 LU  FTPK:  -6.6 dBFS  TPK:  -1.5 dBFS
[Parsed_ebur128_0 @ 0x75bec0d2c0] t: 17.599979  TARGET:-23 LUFS    M: -17.6 S: -18.4     I: -16.1 LUFS       LRA:   5.7 LU  FTPK:  -4.5 dBFS  TPK:  -1.5 dBFS
[Parsed_ebur128_0 @ 0x75bec0d2c0] t: 17.699979  TARGET:-23 LUFS    M: -18.2 S: -18.3     I: -16.1 LUFS       LRA:   5.7 LU  FTPK:  -5.1 dBFS  TPK:  -1.5 dBFS
[Parsed_ebur128_0 @ 0x75bec0d2c0] t: 17.799979  TARGET:-23 LUFS    M: -18.3 S: -18.3     I: -16.1 LUFS       LRA:   5.7 LU  FTPK: -10.3 dBFS  TPK:  -1.5 dBFS
[Parsed_ebur128_0 @ 0x75bec0d2c0] t: 17.899979  TARGET:-23 LUFS    M: -15.3 S: -17.7     I: -16.1 LUFS       LRA:   5.7 LU  FTPK:  -1.9 dBFS  TPK:  -1.5 dBFS
[Parsed_ebur128_0 @ 0x75bec0d2c0] t: 17.999979  TARGET:-23 LUFS    M: -15.6 S: -17.5     I: -16.1 LUFS       LRA:   5.6 LU  FTPK:  -4.0 dBFS  TPK:  -1.5 dBFS
[Parsed_ebur128_0 @ 0x75bec0d2c0] t: 18.099979  TARGET:-23 LUFS    M: -15.7 S: -17.4     I: -16.1 LUFS       LRA:   5.6 LU  FTPK:  -6.2 dBFS  TPK:  -1.5 dBFS
[Parsed_ebur128_0 @ 0x75bec0d2c0] t: 18.199979  TARGET:-23 LUFS    M: -15.3 S: -17.3     I: -16.1 LUFS       LRA:   5.6 LU  FTPK:  -6.3 dBFS  TPK:  -1.5 dBFS
[Parsed_ebur128_0 @ 0x75bec0d2c0] t: 18.299979  TARGET:-23 LUFS    M: -16.7 S: -17.1     I: -16.1 LUFS       LRA:   5.6 LU  FTPK:  -2.5 dBFS  TPK:  -1.5 dBFS
[Parsed_ebur128_0 @ 0x75bec0d2c0] t: 18.399979  TARGET:-23 LUFS    M: -17.7 S: -17.0     I: -16.1 LUFS       LRA:   5.6 LU  FTPK: -11.6 dBFS  TPK:  -1.5 dBFS
[Parsed_ebur128_0 @ 0x75bec0d2c0] t: 18.499979  TARGET:-23 LUFS    M: -18.7 S: -17.0     I: -16.2 LUFS       LRA:   5.6 LU  FTPK: -15.7 dBFS  TPK:  -1.5 dBFS
[Parsed_ebur128_0 @ 0x75bec0d2c0] t: 18.599979  TARGET:-23 LUFS    M: -20.1 S: -17.0     I: -16.2 LUFS       LRA:   5.6 LU  FTPK: -31.5 dBFS  TPK:  -1.5 dBFS
[Parsed_ebur128_0 @ 0x75bec0d2c0] t: 18.699979  TARGET:-23 LUFS    M: -31.1 S: -17.0     I: -16.2 LUFS       LRA:   5.6 LU  FTPK: -60.6 dBFS  TPK:  -1.5 dBFS
[Parsed_ebur128_0 @ 0x75bec0d2c0] t: 18.799979  TARGET:-23 LUFS    M: -34.3 S: -17.0     I: -16.2 LUFS       LRA:   5.6 LU  FTPK: -65.5 dBFS  TPK:  -1.5 dBFS
[Parsed_ebur128_0 @ 0x75bec0d2c0] t: 18.899979  TARGET:-23 LUFS    M: -49.3 S: -17.0     I: -16.2 LUFS       LRA:   5.6 LU  FTPK:  -inf dBFS  TPK:  -1.5 dBFS
[Parsed_ebur128_0 @ 0x75bec0d2c0] t: 18.999979  TARGET:-23 LUFS    M: -80.0 S: -17.0     I: -16.2 LUFS       LRA:   5.6 LU  FTPK:  -inf dBFS  TPK:  -1.5 dBFS
[Parsed_silencedetect_1 @ 0x75bec0d380] silence_start: 18.559771
[Parsed_ebur128_0 @ 0x75bec0d2c0] t: 19.099979  TARGET:-23 LUFS    M: -91.2 S: -17.0     I: -16.2 LUFS       LRA:   5.6 LU  FTPK:  -inf dBFS  TPK:  -1.5 dBFS
[Parsed_ebur128_0 @ 0x75bec0d2c0] t: 19.199979  TARGET:-23 LUFS    M:-151.9 S: -17.0     I: -16.2 LUFS       LRA:   5.6 LU  FTPK:  -inf dBFS  TPK:  -1.5 dBFS
[Parsed_ebur128_0 @ 0x75bec0d2c0] t: 19.299979  TARGET:-23 LUFS    M:-151.9 S: -17.1     I: -16.2 LUFS       LRA:   5.6 LU  FTPK:  -inf dBFS  TPK:  -1.5 dBFS
[Parsed_ebur128_0 @ 0x75bec0d2c0] t: 19.399979  TARGET:-23 LUFS    M:-151.9 S: -17.5     I: -16.2 LUFS       LRA:   5.4 LU  FTPK:  -inf dBFS  TPK:  -1.5 dBFS
[Parsed_ebur128_0 @ 0x75bec0d2c0] t: 19.499979  TARGET:-23 LUFS    M: -91.9 S: -17.7     I: -16.2 LUFS       LRA:   5.4 LU  FTPK: -69.4 dBFS  TPK:  -1.5 dBFS
[Parsed_ebur128_0 @ 0x75bec0d2c0] t: 19.599979  TARGET:-23 LUFS    M: -28.6 S: -18.1     I: -16.2 LUFS       LRA:   5.4 LU  FTPK:  -6.5 dBFS  TPK:  -1.5 dBFS
[Parsed_silencedetect_1 @ 0x75bec0d380] silence_end: 19.574125 | silence_duration: 1.014354
[Parsed_ebur128_0 @ 0x75bec0d2c0] t: 19.699979  TARGET:-23 LUFS    M: -21.5 S: -18.5     I: -16.2 LUFS       LRA:   5.4 LU  FTPK:  -4.3 dBFS  TPK:  -1.5 dBFS
[Parsed_ebur128_0 @ 0x75bec0d2c0] t: 19.799979  TARGET:-23 LUFS    M: -17.1 S: -18.4     I: -16.2 LUFS       LRA:   5.4 LU  FTPK:  -1.5 dBFS  TPK:  -1.5 dBFS
[Parsed_ebur128_0 @ 0x75bec0d2c0] t: 19.899979  TARGET:-23 LUFS    M: -14.0 S: -17.8     I: -16.2 LUFS       LRA:   5.4 LU  FTPK:  -2.7 dBFS  TPK:  -1.5 dBFS
[Parsed_ebur128_0 @ 0x75bec0d2c0] t: 19.999979  TARGET:-23 LUFS    M: -13.6 S: -17.7     I: -16.2 LUFS       LRA:   5.4 LU  FTPK:  -4.1 dBFS  TPK:  -1.5 dBFS
[Parsed_ebur128_0 @ 0x75bec0d2c0] t: 20.099979  TARGET:-23 LUFS    M: -13.4 S: -18.0     I: -16.1 LUFS       LRA:   5.4 LU  FTPK:  -3.6 dBFS  TPK:  -1.5 dBFS
[Parsed_ebur128_0 @ 0x75bec0d2c0] t: 20.199979  TARGET:-23 LUFS    M: -13.3 S: -17.7     I: -16.1 LUFS       LRA:   5.4 LU  FTPK:  -4.1 dBFS  TPK:  -1.5 dBFS
[Parsed_ebur128_0 @ 0x75bec0d2c0] t: 20.299979  TARGET:-23 LUFS    M: -15.5 S: -17.8     I: -16.1 LUFS       LRA:   5.4 LU  FTPK:  -8.9 dBFS  TPK:  -1.5 dBFS
[Parsed_ebur128_0 @ 0x75bec0d2c0] t: 20.399979  TARGET:-23 LUFS    M: -14.2 S: -17.4     I: -16.1 LUFS       LRA:   4.9 LU  FTPK:  -1.6 dBFS  TPK:  -1.5 dBFS
[Parsed_ebur128_0 @ 0x75bec0d2c0] t: 20.499979  TARGET:-23 LUFS    M: -14.4 S: -17.3     I: -16.1 LUFS       LRA:   4.9 LU  FTPK:  -7.6 dBFS  TPK:  -1.5 dBFS
[Parsed_ebur128_0 @ 0x75bec0d2c0] t: 20.599979  TARGET:-23 LUFS    M: -15.3 S: -17.3     I: -16.1 LUFS       LRA:   4.9 LU  FTPK:  -6.2 dBFS  TPK:  -1.5 dBFS
[Parsed_ebur128_0 @ 0x75bec0d2c0] t: 20.699979  TARGET:-23 LUFS    M: -14.2 S: -17.1     I: -16.0 LUFS       LRA:   4.9 LU  FTPK:  -5.0 dBFS  TPK:  -1.5 dBFS
[Parsed_ebur128_0 @ 0x75bec0d2c0] t: 20.799979  TARGET:-23 LUFS    M: -15.4 S: -17.0     I: -16.0 LUFS       LRA:   4.9 LU  FTPK:  -6.4 dBFS  TPK:  -1.5 dBFS
[Parsed_ebur128_0 @ 0x75bec0d2c0] t: 20.899979  TARGET:-23 LUFS    M: -14.4 S: -17.1     I: -16.0 LUFS       LRA:   4.9 LU  FTPK:  -1.5 dBFS  TPK:  -1.5 dBFS
[Parsed_ebur128_0 @ 0x75bec0d2c0] t: 20.999979  TARGET:-23 LUFS    M: -14.6 S: -17.1     I: -16.0 LUFS       LRA:   4.9 LU  FTPK:  -3.3 dBFS  TPK:  -1.5 dBFS
[Parsed_ebur128_0 @ 0x75bec0d2c0] t: 21.099979  TARGET:-23 LUFS    M: -15.0 S: -17.0     I: -16.0 LUFS       LRA:   4.9 LU  FTPK:  -4.2 dBFS  TPK:  -1.5 dBFS
[Parsed_ebur128_0 @ 0x75bec0d2c0] t: 21.199979  TARGET:-23 LUFS    M: -14.8 S: -16.9     I: -16.0 LUFS       LRA:   4.9 LU  FTPK:  -4.3 dBFS  TPK:  -1.5 dBFS
[Parsed_ebur128_0 @ 0x75bec0d2c0] t: 21.299979  TARGET:-23 LUFS    M: -15.8 S: -16.9     I: -16.0 LUFS       LRA:   4.9 LU  FTPK:  -5.3 dBFS  TPK:  -1.5 dBFS
[Parsed_ebur128_0 @ 0x75bec0d2c0] t: 21.399979  TARGET:-23 LUFS    M: -16.4 S: -16.9     I: -16.0 LUFS       LRA:   4.9 LU  FTPK:  -8.1 dBFS  TPK:  -1.5 dBFS
[Parsed_ebur128_0 @ 0x75bec0d2c0] t: 21.499979  TARGET:-23 LUFS    M: -16.8 S: -16.7     I: -16.0 LUFS       LRA:   4.9 LU  FTPK:  -5.9 dBFS  TPK:  -1.5 dBFS
[Parsed_ebur128_0 @ 0x75bec0d2c0] t: 21.599979  TARGET:-23 LUFS    M: -17.4 S: -16.6     I: -16.0 LUFS       LRA:   4.9 LU  FTPK:  -7.9 dBFS  TPK:  -1.5 dBFS
[Parsed_ebur128_0 @ 0x75bec0d2c0] t: 21.699979  TARGET:-23 LUFS    M: -17.5 S: -16.5     I: -16.0 LUFS       LRA:   4.9 LU  FTPK:  -5.6 dBFS  TPK:  -1.5 dBFS
[Parsed_ebur128_0 @ 0x75bec0d2c0] t: 21.799979  TARGET:-23 LUFS    M: -17.4 S: -16.4     I: -16.0 LUFS       LRA:   4.9 LU  FTPK:  -7.3 dBFS  TPK:  -1.5 dBFS
[Parsed_ebur128_0 @ 0x75bec0d2c0] t: 21.899979  TARGET:-23 LUFS    M: -18.8 S: -16.4     I: -16.0 LUFS       LRA:   4.9 LU  FTPK: -15.3 dBFS  TPK:  -1.5 dBFS
[Parsed_ebur128_0 @ 0x75bec0d2c0] t: 21.999979  TARGET:-23 LUFS    M: -20.3 S: -16.4     I: -16.1 LUFS       LRA:   4.8 LU  FTPK: -19.2 dBFS  TPK:  -1.5 dBFS
[Parsed_ebur128_0 @ 0x75bec0d2c0] t: 22.099979  TARGET:-23 LUFS    M: -25.7 S: -16.4     I: -16.1 LUFS       LRA:   4.8 LU  FTPK: -16.6 dBFS  TPK:  -1.5 dBFS
[Parsed_ebur128_0 @ 0x75bec0d2c0] t: 22.199979  TARGET:-23 LUFS    M: -21.0 S: -16.2     I: -16.1 LUFS       LRA:   4.8 LU  FTPK:  -5.6 dBFS  TPK:  -1.5 dBFS
[Parsed_ebur128_0 @ 0x75bec0d2c0] t: 22.299979  TARGET:-23 LUFS    M: -18.6 S: -16.1     I: -16.1 LUFS       LRA:   4.8 LU  FTPK:  -1.5 dBFS  TPK:  -1.5 dBFS
[Parsed_ebur128_0 @ 0x75bec0d2c0] t: 22.399979  TARGET:-23 LUFS    M: -14.8 S: -15.6     I: -16.1 LUFS       LRA:   4.5 LU  FTPK:  -1.8 dBFS  TPK:  -1.5 dBFS
[Parsed_ebur128_0 @ 0x75bec0d2c0] t: 22.499979  TARGET:-23 LUFS    M: -13.4 S: -15.4     I: -16.1 LUFS       LRA:   4.5 LU  FTPK:  -3.1 dBFS  TPK:  -1.5 dBFS
[Parsed_ebur128_0 @ 0x75bec0d2c0] t: 22.599979  TARGET:-23 LUFS    M: -13.3 S: -15.2     I: -16.1 LUFS       LRA:   4.5 LU  FTPK:  -5.3 dBFS  TPK:  -1.5 dBFS
[Parsed_ebur128_0 @ 0x75bec0d2c0] t: 22.699979  TARGET:-23 LUFS    M: -13.0 S: -15.2     I: -16.0 LUFS       LRA:   4.5 LU  FTPK:  -3.3 dBFS  TPK:  -1.5 dBFS
[Parsed_ebur128_0 @ 0x75bec0d2c0] t: 22.799979  TARGET:-23 LUFS    M: -14.5 S: -15.3     I: -16.0 LUFS       LRA:   4.6 LU  FTPK:  -6.3 dBFS  TPK:  -1.5 dBFS
[Parsed_ebur128_0 @ 0x75bec0d2c0] t: 22.899979  TARGET:-23 LUFS    M: -15.6 S: -15.6     I: -16.0 LUFS       LRA:   4.6 LU  FTPK:  -6.8 dBFS  TPK:  -1.5 dBFS
[Parsed_ebur128_0 @ 0x75bec0d2c0] t: 22.999979  TARGET:-23 LUFS    M: -16.3 S: -15.6     I: -16.0 LUFS       LRA:   4.6 LU  FTPK:  -7.5 dBFS  TPK:  -1.5 dBFS
[Parsed_ebur128_0 @ 0x75bec0d2c0] t: 23.099979  TARGET:-23 LUFS    M: -15.2 S: -15.5     I: -16.0 LUFS       LRA:   4.6 LU  FTPK:  -1.5 dBFS  TPK:  -1.5 dBFS
[Parsed_ebur128_0 @ 0x75bec0d2c0] t: 23.199979  TARGET:-23 LUFS    M: -15.6 S: -15.7     I: -16.0 LUFS       LRA:   4.6 LU  FTPK:  -6.1 dBFS  TPK:  -1.5 dBFS
[Parsed_ebur128_0 @ 0x75bec0d2c0] t: 23.299979  TARGET:-23 LUFS    M: -15.6 S: -15.6     I: -16.0 LUFS       LRA:   4.6 LU  FTPK:  -6.3 dBFS  TPK:  -1.5 dBFS
[Parsed_ebur128_0 @ 0x75bec0d2c0] t: 23.399979  TARGET:-23 LUFS    M: -16.3 S: -16.0     I: -16.0 LUFS       LRA:   4.5 LU  FTPK:  -9.7 dBFS  TPK:  -1.5 dBFS
[Parsed_ebur128_0 @ 0x75bec0d2c0] t: 23.499979  TARGET:-23 LUFS    M: -19.0 S: -16.0     I: -16.0 LUFS       LRA:   4.5 LU  FTPK:  -6.6 dBFS  TPK:  -1.5 dBFS
[Parsed_ebur128_0 @ 0x75bec0d2c0] t: 23.599979  TARGET:-23 LUFS    M: -17.4 S: -16.0     I: -16.0 LUFS       LRA:   4.5 LU  FTPK:  -5.8 dBFS  TPK:  -1.5 dBFS
[Parsed_ebur128_0 @ 0x75bec0d2c0] t: 23.699979  TARGET:-23 LUFS    M: -18.1 S: -16.2     I: -16.0 LUFS       LRA:   4.5 LU  FTPK:  -3.8 dBFS  TPK:  -1.5 dBFS
[Parsed_ebur128_0 @ 0x75bec0d2c0] t: 23.799979  TARGET:-23 LUFS    M: -15.3 S: -15.9     I: -16.0 LUFS       LRA:   4.5 LU  FTPK:  -2.9 dBFS  TPK:  -1.5 dBFS
[Parsed_ebur128_0 @ 0x75bec0d2c0] t: 23.899979  TARGET:-23 LUFS    M: -15.3 S: -16.1     I: -16.0 LUFS       LRA:   4.5 LU  FTPK:  -5.9 dBFS  TPK:  -1.5 dBFS
[Parsed_ebur128_0 @ 0x75bec0d2c0] t: 23.999979  TARGET:-23 LUFS    M: -15.8 S: -16.1     I: -16.0 LUFS       LRA:   4.5 LU  FTPK:  -7.1 dBFS  TPK:  -1.5 dBFS
[Parsed_ebur128_0 @ 0x75bec0d2c0] t: 24.099979  TARGET:-23 LUFS    M: -15.9 S: -16.3     I: -16.0 LUFS       LRA:   4.5 LU  FTPK:  -9.2 dBFS  TPK:  -1.5 dBFS
[Parsed_ebur128_0 @ 0x75bec0d2c0] t: 24.199979  TARGET:-23 LUFS    M: -19.1 S: -16.4     I: -16.0 LUFS       LRA:   4.5 LU  FTPK:  -7.5 dBFS  TPK:  -1.5 dBFS
[Parsed_ebur128_0 @ 0x75bec0d2c0] t: 24.299979  TARGET:-23 LUFS    M: -16.0 S: -16.2     I: -16.0 LUFS       LRA:   4.5 LU  FTPK:  -3.5 dBFS  TPK:  -1.5 dBFS
[Parsed_ebur128_0 @ 0x75bec0d2c0] t: 24.399979  TARGET:-23 LUFS    M: -15.7 S: -16.0     I: -16.0 LUFS       LRA:   4.4 LU  FTPK:  -4.3 dBFS  TPK:  -1.5 dBFS
[Parsed_ebur128_0 @ 0x75bec0d2c0] t: 24.499979  TARGET:-23 LUFS    M: -15.1 S: -16.1     I: -16.0 LUFS       LRA:   4.4 LU  FTPK:  -5.4 dBFS  TPK:  -1.5 dBFS
[Parsed_ebur128_0 @ 0x75bec0d2c0] t: 24.599979  TARGET:-23 LUFS    M: -15.0 S: -16.1     I: -16.0 LUFS       LRA:   4.4 LU  FTPK:  -7.5 dBFS  TPK:  -1.5 dBFS
[Parsed_ebur128_0 @ 0x75bec0d2c0] t: 24.699979  TARGET:-23 LUFS    M: -18.2 S: -16.2     I: -16.0 LUFS       LRA:   4.4 LU  FTPK: -10.8 dBFS  TPK:  -1.5 dBFS
[Parsed_ebur128_0 @ 0x75bec0d2c0] t: 24.799979  TARGET:-23 LUFS    M: -19.3 S: -16.2     I: -16.0 LUFS       LRA:   4.4 LU  FTPK:  -6.1 dBFS  TPK:  -1.5 dBFS
[Parsed_ebur128_0 @ 0x75bec0d2c0] t: 24.899979  TARGET:-23 LUFS    M: -20.4 S: -16.2     I: -16.1 LUFS       LRA:   4.4 LU  FTPK:  -8.0 dBFS  TPK:  -1.5 dBFS
[Parsed_ebur128_0 @ 0x75bec0d2c0] t: 24.999979  TARGET:-23 LUFS    M: -21.5 S: -16.1     I: -16.1 LUFS       LRA:   4.4 LU  FTPK: -15.5 dBFS  TPK:  -1.5 dBFS
[Parsed_ebur128_0 @ 0x75bec0d2c0] t: 25.099979  TARGET:-23 LUFS    M: -20.1 S: -16.1     I: -16.1 LUFS       LRA:   4.4 LU  FTPK:  -8.0 dBFS  TPK:  -1.5 dBFS
[Parsed_ebur128_0 @ 0x75bec0d2c0] t: 25.199979  TARGET:-23 LUFS    M: -20.9 S: -16.2     I: -16.1 LUFS       LRA:   4.4 LU  FTPK:  -7.9 dBFS  TPK:  -1.5 dBFS
[Parsed_ebur128_0 @ 0x75bec0d2c0] t: 25.299979  TARGET:-23 LUFS    M: -19.6 S: -16.2     I: -16.1 LUFS       LRA:   4.4 LU  FTPK:  -7.0 dBFS  TPK:  -1.5 dBFS
[Parsed_ebur128_0 @ 0x75bec0d2c0] t: 25.399979  TARGET:-23 LUFS    M: -18.2 S: -16.6     I: -16.1 LUFS       LRA:   4.4 LU  FTPK:  -5.6 dBFS  TPK:  -1.5 dBFS
[Parsed_ebur128_0 @ 0x75bec0d2c0] t: 25.499979  TARGET:-23 LUFS    M: -18.7 S: -16.9     I: -16.1 LUFS       LRA:   4.4 LU  FTPK:  -7.7 dBFS  TPK:  -1.5 dBFS
[Parsed_ebur128_0 @ 0x75bec0d2c0] t: 25.599979  TARGET:-23 LUFS    M: -19.3 S: -17.1     I: -16.1 LUFS       LRA:   4.4 LU  FTPK: -13.4 dBFS  TPK:  -1.5 dBFS
[Parsed_ebur128_0 @ 0x75bec0d2c0] t: 25.699979  TARGET:-23 LUFS    M: -21.6 S: -17.4     I: -16.2 LUFS       LRA:   4.4 LU  FTPK: -39.8 dBFS  TPK:  -1.5 dBFS
[Parsed_ebur128_0 @ 0x75bec0d2c0] t: 25.799979  TARGET:-23 LUFS    M: -26.6 S: -17.6     I: -16.2 LUFS       LRA:   4.4 LU  FTPK: -59.8 dBFS  TPK:  -1.5 dBFS
[Parsed_ebur128_0 @ 0x75bec0d2c0] t: 25.899979  TARGET:-23 LUFS    M: -35.8 S: -17.7     I: -16.2 LUFS       LRA:   4.4 LU  FTPK: -71.0 dBFS  TPK:  -1.5 dBFS
[Parsed_ebur128_0 @ 0x75bec0d2c0] t: 25.999979  TARGET:-23 LUFS    M: -60.3 S: -17.9     I: -16.2 LUFS       LRA:   4.3 LU  FTPK: -109.2 dBFS  TPK:  -1.5 dBFS
[Parsed_ebur128_0 @ 0x75bec0d2c0] t: 26.099979  TARGET:-23 LUFS    M: -84.0 S: -18.5     I: -16.2 LUFS       LRA:   4.3 LU  FTPK:  -inf dBFS  TPK:  -1.5 dBFS
[Parsed_silencedetect_1 @ 0x75bec0d380] silence_start: 25.607167
[Parsed_ebur128_0 @ 0x75bec0d2c0] t: 26.199979  TARGET:-23 LUFS    M: -91.3 S: -18.6     I: -16.2 LUFS       LRA:   4.3 LU  FTPK:  -inf dBFS  TPK:  -1.5 dBFS
[Parsed_ebur128_0 @ 0x75bec0d2c0] t: 26.299979  TARGET:-23 LUFS    M:-126.4 S: -18.8     I: -16.2 LUFS       LRA:   4.3 LU  FTPK:  -inf dBFS  TPK:  -1.5 dBFS
[Parsed_ebur128_0 @ 0x75bec0d2c0] t: 26.399979  TARGET:-23 LUFS    M:-148.2 S: -18.8     I: -16.2 LUFS       LRA:   4.3 LU  FTPK:  -inf dBFS  TPK:  -1.5 dBFS
[Parsed_ebur128_0 @ 0x75bec0d2c0] t: 26.499979  TARGET:-23 LUFS    M:-148.2 S: -19.1     I: -16.2 LUFS       LRA:   4.3 LU  FTPK: -151.4 dBFS  TPK:  -1.5 dBFS
[Parsed_ebur128_0 @ 0x75bec0d2c0] t: 26.599979  TARGET:-23 LUFS    M: -82.9 S: -19.4     I: -16.2 LUFS       LRA:   4.3 LU  FTPK: -62.8 dBFS  TPK:  -1.5 dBFS
[Parsed_ebur128_0 @ 0x75bec0d2c0] t: 26.699979  TARGET:-23 LUFS    M: -26.1 S: -19.4     I: -16.2 LUFS       LRA:   4.3 LU  FTPK:  -4.2 dBFS  TPK:  -1.5 dBFS
[Parsed_silencedetect_1 @ 0x75bec0d380] silence_end: 26.638417 | silence_duration: 1.03125
[Parsed_ebur128_0 @ 0x75bec0d2c0] t: 26.799979  TARGET:-23 LUFS    M: -16.7 S: -19.2     I: -16.2 LUFS       LRA:   4.3 LU  FTPK:  -1.5 dBFS  TPK:  -1.5 dBFS
[Parsed_ebur128_0 @ 0x75bec0d2c0] t: 26.899979  TARGET:-23 LUFS    M: -15.0 S: -19.0     I: -16.2 LUFS       LRA:   4.3 LU  FTPK:  -1.5 dBFS  TPK:  -1.5 dBFS
[Parsed_ebur128_0 @ 0x75bec0d2c0] t: 26.999979  TARGET:-23 LUFS    M: -14.9 S: -19.2     I: -16.2 LUFS       LRA:   4.3 LU  FTPK:  -8.2 dBFS  TPK:  -1.5 dBFS
[Parsed_ebur128_0 @ 0x75bec0d2c0] t: 27.099979  TARGET:-23 LUFS    M: -13.1 S: -18.4     I: -16.2 LUFS       LRA:   4.3 LU  FTPK:  -1.5 dBFS  TPK:  -1.5 dBFS
[Parsed_ebur128_0 @ 0x75bec0d2c0] t: 27.199979  TARGET:-23 LUFS    M: -13.6 S: -17.9     I: -16.1 LUFS       LRA:   4.3 LU  FTPK:  -1.9 dBFS  TPK:  -1.5 dBFS
[Parsed_ebur128_0 @ 0x75bec0d2c0] t: 27.299979  TARGET:-23 LUFS    M: -14.5 S: -18.5     I: -16.1 LUFS       LRA:   4.3 LU  FTPK:  -7.1 dBFS  TPK:  -1.5 dBFS
[Parsed_ebur128_0 @ 0x75bec0d2c0] t: 27.399979  TARGET:-23 LUFS    M: -14.3 S: -18.7     I: -16.1 LUFS       LRA:   4.2 LU  FTPK:  -8.6 dBFS  TPK:  -1.5 dBFS
[Parsed_ebur128_0 @ 0x75bec0d2c0] t: 27.499979  TARGET:-23 LUFS    M: -15.9 S: -18.6     I: -16.1 LUFS       LRA:   4.2 LU  FTPK:  -2.6 dBFS  TPK:  -1.5 dBFS
[Parsed_ebur128_0 @ 0x75bec0d2c0] t: 27.599979  TARGET:-23 LUFS    M: -18.6 S: -18.6     I: -16.1 LUFS       LRA:   4.2 LU  FTPK:  -9.8 dBFS  TPK:  -1.5 dBFS
[Parsed_ebur128_0 @ 0x75bec0d2c0] t: 27.699979  TARGET:-23 LUFS    M: -17.9 S: -18.5     I: -16.1 LUFS       LRA:   4.2 LU  FTPK:  -4.6 dBFS  TPK:  -1.5 dBFS
[Parsed_ebur128_0 @ 0x75bec0d2c0] t: 27.799979  TARGET:-23 LUFS    M: -16.6 S: -18.3     I: -16.1 LUFS       LRA:   4.2 LU  FTPK:  -4.2 dBFS  TPK:  -1.5 dBFS
[Parsed_ebur128_0 @ 0x75bec0d2c0] t: 27.899979  TARGET:-23 LUFS    M: -18.0 S: -18.3     I: -16.1 LUFS       LRA:   4.2 LU  FTPK:  -8.3 dBFS  TPK:  -1.5 dBFS
[Parsed_ebur128_0 @ 0x75bec0d2c0] t: 27.999979  TARGET:-23 LUFS    M: -17.8 S: -18.2     I: -16.1 LUFS       LRA:   4.2 LU  FTPK:  -8.3 dBFS  TPK:  -1.5 dBFS
[Parsed_ebur128_0 @ 0x75bec0d2c0] t: 28.099979  TARGET:-23 LUFS    M: -18.0 S: -18.2     I: -16.2 LUFS       LRA:   4.2 LU  FTPK:  -8.1 dBFS  TPK:  -1.5 dBFS
[Parsed_ebur128_0 @ 0x75bec0d2c0] t: 28.199979  TARGET:-23 LUFS    M: -18.5 S: -18.1     I: -16.2 LUFS       LRA:   4.2 LU  FTPK:  -7.0 dBFS  TPK:  -1.5 dBFS
[Parsed_ebur128_0 @ 0x75bec0d2c0] t: 28.299979  TARGET:-23 LUFS    M: -18.1 S: -18.1     I: -16.2 LUFS       LRA:   4.2 LU  FTPK:  -7.1 dBFS  TPK:  -1.5 dBFS
[Parsed_ebur128_0 @ 0x75bec0d2c0] t: 28.399979  TARGET:-23 LUFS    M: -17.4 S: -18.1     I: -16.2 LUFS       LRA:   4.1 LU  FTPK:  -8.5 dBFS  TPK:  -1.5 dBFS
[Parsed_ebur128_0 @ 0x75bec0d2c0] t: 28.499979  TARGET:-23 LUFS    M: -16.0 S: -17.8     I: -16.2 LUFS       LRA:   4.1 LU  FTPK:  -1.5 dBFS  TPK:  -1.5 dBFS
[Parsed_ebur128_0 @ 0x75bec0d2c0] t: 28.599979  TARGET:-23 LUFS    M: -16.0 S: -17.6     I: -16.2 LUFS       LRA:   4.1 LU  FTPK:  -3.7 dBFS  TPK:  -1.5 dBFS
[Parsed_ebur128_0 @ 0x75bec0d2c0] t: 28.699979  TARGET:-23 LUFS    M: -15.0 S: -17.3     I: -16.2 LUFS       LRA:   4.1 LU  FTPK:  -1.8 dBFS  TPK:  -1.5 dBFS
[Parsed_ebur128_0 @ 0x75bec0d2c0] t: 28.799979  TARGET:-23 LUFS    M: -15.4 S: -17.2     I: -16.2 LUFS       LRA:   4.1 LU  FTPK:  -5.8 dBFS  TPK:  -1.5 dBFS
[Parsed_ebur128_0 @ 0x75bec0d2c0] t: 28.899979  TARGET:-23 LUFS    M: -16.4 S: -17.1     I: -16.2 LUFS       LRA:   4.1 LU  FTPK:  -4.1 dBFS  TPK:  -1.5 dBFS
[Parsed_ebur128_0 @ 0x75bec0d2c0] t: 28.999979  TARGET:-23 LUFS    M: -16.9 S: -17.0     I: -16.2 LUFS       LRA:   4.1 LU  FTPK:  -6.5 dBFS  TPK:  -1.5 dBFS
[Parsed_ebur128_0 @ 0x75bec0d2c0] t: 29.099979  TARGET:-23 LUFS    M: -19.6 S: -16.9     I: -16.2 LUFS       LRA:   4.1 LU  FTPK: -12.9 dBFS  TPK:  -1.5 dBFS
[Parsed_ebur128_0 @ 0x75bec0d2c0] t: 29.199979  TARGET:-23 LUFS    M: -19.0 S: -16.8     I: -16.2 LUFS       LRA:   4.1 LU  FTPK:  -5.7 dBFS  TPK:  -1.5 dBFS
[Parsed_ebur128_0 @ 0x75bec0d2c0] t: 29.299979  TARGET:-23 LUFS    M: -20.0 S: -16.8     I: -16.2 LUFS       LRA:   4.1 LU  FTPK: -10.9 dBFS  TPK:  -1.5 dBFS
[Parsed_ebur128_0 @ 0x75bec0d2c0] t: 29.399979  TARGET:-23 LUFS    M: -20.4 S: -16.7     I: -16.2 LUFS       LRA:   3.7 LU  FTPK:  -8.7 dBFS  TPK:  -1.5 dBFS
[Parsed_ebur128_0 @ 0x75bec0d2c0] t: 29.499979  TARGET:-23 LUFS    M: -17.6 S: -16.5     I: -16.2 LUFS       LRA:   3.7 LU  FTPK:  -2.0 dBFS  TPK:  -1.5 dBFS
[Parsed_ebur128_0 @ 0x75bec0d2c0] t: 29.599979  TARGET:-23 LUFS    M: -17.0 S: -16.3     I: -16.2 LUFS       LRA:   3.7 LU  FTPK:  -4.4 dBFS  TPK:  -1.5 dBFS
[Parsed_ebur128_0 @ 0x75bec0d2c0] t: 29.699979  TARGET:-23 LUFS    M: -17.1 S: -16.3     I: -16.2 LUFS       LRA:   3.7 LU  FTPK:  -9.1 dBFS  TPK:  -1.5 dBFS
[Parsed_ebur128_0 @ 0x75bec0d2c0] t: 29.799979  TARGET:-23 LUFS    M: -17.7 S: -16.8     I: -16.2 LUFS       LRA:   3.7 LU  FTPK: -16.5 dBFS  TPK:  -1.5 dBFS
[Parsed_ebur128_0 @ 0x75bec0d2c0] t: 29.899979  TARGET:-23 LUFS    M: -20.9 S: -17.1     I: -16.3 LUFS       LRA:   3.7 LU  FTPK: -25.6 dBFS  TPK:  -1.5 dBFS
[Parsed_ebur128_0 @ 0x75bec0d2c0] t: 29.999979  TARGET:-23 LUFS    M: -29.6 S: -17.2     I: -16.3 LUFS       LRA:   3.7 LU  FTPK: -60.2 dBFS  TPK:  -1.5 dBFS
[Parsed_ebur128_0 @ 0x75bec0d2c0] t: 30.099979  TARGET:-23 LUFS    M: -38.6 S: -17.8     I: -16.3 LUFS       LRA:   3.7 LU  FTPK: -66.3 dBFS  TPK:  -1.5 dBFS
[Parsed_ebur128_0 @ 0x75bec0d2c0] t: 30.199979  TARGET:-23 LUFS    M: -44.5 S: -18.3     I: -16.3 LUFS       LRA:   3.7 LU  FTPK:  -inf dBFS  TPK:  -1.5 dBFS
[Parsed_ebur128_0 @ 0x75bec0d2c0] t: 30.299979  TARGET:-23 LUFS    M: -78.6 S: -18.3     I: -16.3 LUFS       LRA:   3.7 LU  FTPK:  -inf dBFS  TPK:  -1.5 dBFS
[Parsed_silencedetect_1 @ 0x75bec0d380] silence_start: 29.873292
[Parsed_ebur128_0 @ 0x75bec0d2c0] t: 30.399979  TARGET:-23 LUFS    M: -91.7 S: -18.4     I: -16.3 LUFS       LRA:   3.6 LU  FTPK:  -inf dBFS  TPK:  -1.5 dBFS
[Parsed_ebur128_0 @ 0x75bec0d2c0] t: 30.499979  TARGET:-23 LUFS    M:-148.9 S: -18.8     I: -16.3 LUFS       LRA:   3.6 LU  FTPK:  -inf dBFS  TPK:  -1.5 dBFS
[Parsed_ebur128_0 @ 0x75bec0d2c0] t: 30.599979  TARGET:-23 LUFS    M:-148.9 S: -18.9     I: -16.3 LUFS       LRA:   3.6 LU  FTPK:  -inf dBFS  TPK:  -1.5 dBFS
[Parsed_ebur128_0 @ 0x75bec0d2c0] t: 30.699979  TARGET:-23 LUFS    M:-148.9 S: -19.0     I: -16.3 LUFS       LRA:   3.6 LU  FTPK:  -inf dBFS  TPK:  -1.5 dBFS
[Parsed_ebur128_0 @ 0x75bec0d2c0] t: 30.799979  TARGET:-23 LUFS    M: -91.0 S: -19.4     I: -16.3 LUFS       LRA:   3.6 LU  FTPK: -68.5 dBFS  TPK:  -1.5 dBFS
[Parsed_ebur128_0 @ 0x75bec0d2c0] t: 30.899979  TARGET:-23 LUFS    M: -39.6 S: -19.5     I: -16.3 LUFS       LRA:   3.7 LU  FTPK: -12.4 dBFS  TPK:  -1.5 dBFS
[Parsed_silencedetect_1 @ 0x75bec0d380] silence_end: 30.883458 | silence_duration: 1.010167
[Parsed_ebur128_0 @ 0x75bec0d2c0] t: 30.999979  TARGET:-23 LUFS    M: -19.3 S: -19.1     I: -16.3 LUFS       LRA:   3.7 LU  FTPK:  -2.8 dBFS  TPK:  -1.5 dBFS
[Parsed_ebur128_0 @ 0x75bec0d2c0] t: 31.099979  TARGET:-23 LUFS    M: -16.4 S: -18.7     I: -16.3 LUFS       LRA:   3.7 LU  FTPK:  -2.1 dBFS  TPK:  -1.5 dBFS
[Parsed_ebur128_0 @ 0x75bec0d2c0] t: 31.199979  TARGET:-23 LUFS    M: -14.8 S: -18.5     I: -16.3 LUFS       LRA:   3.7 LU  FTPK:  -4.9 dBFS  TPK:  -1.5 dBFS
[Parsed_ebur128_0 @ 0x75bec0d2c0] t: 31.299979  TARGET:-23 LUFS    M: -14.3 S: -18.5     I: -16.2 LUFS       LRA:   3.7 LU  FTPK:  -8.1 dBFS  TPK:  -1.5 dBFS
[Parsed_ebur128_0 @ 0x75bec0d2c0] t: 31.399979  TARGET:-23 LUFS    M: -14.6 S: -18.4     I: -16.2 LUFS       LRA:   3.6 LU  FTPK:  -4.1 dBFS  TPK:  -1.5 dBFS
[Parsed_ebur128_0 @ 0x75bec0d2c0] t: 31.499979  TARGET:-23 LUFS    M: -15.5 S: -18.6     I: -16.2 LUFS       LRA:   3.6 LU  FTPK:  -7.0 dBFS  TPK:  -1.5 dBFS
[Parsed_ebur128_0 @ 0x75bec0d2c0] t: 31.599979  TARGET:-23 LUFS    M: -14.9 S: -18.3     I: -16.2 LUFS       LRA:   3.6 LU  FTPK:  -3.2 dBFS  TPK:  -1.5 dBFS
[Parsed_ebur128_0 @ 0x75bec0d2c0] t: 31.699979  TARGET:-23 LUFS    M: -14.4 S: -18.3     I: -16.2 LUFS       LRA:   3.6 LU  FTPK:  -3.4 dBFS  TPK:  -1.5 dBFS
[Parsed_ebur128_0 @ 0x75bec0d2c0] t: 31.799979  TARGET:-23 LUFS    M: -15.6 S: -18.4     I: -16.2 LUFS       LRA:   3.6 LU  FTPK: -14.4 dBFS  TPK:  -1.5 dBFS
[Parsed_ebur128_0 @ 0x75bec0d2c0] t: 31.899979  TARGET:-23 LUFS    M: -16.4 S: -18.6     I: -16.2 LUFS       LRA:   3.6 LU  FTPK: -38.3 dBFS  TPK:  -1.5 dBFS
[Parsed_ebur128_0 @ 0x75bec0d2c0] t: 31.999979  TARGET:-23 LUFS    M: -18.6 S: -18.5     I: -16.2 LUFS       LRA:   3.6 LU  FTPK:  -2.0 dBFS  TPK:  -1.5 dBFS
[Parsed_ebur128_0 @ 0x75bec0d2c0] t: 32.099979  TARGET:-23 LUFS    M: -19.6 S: -18.3     I: -16.2 LUFS       LRA:   3.6 LU  FTPK:  -3.2 dBFS  TPK:  -1.5 dBFS
[Parsed_ebur128_0 @ 0x75bec0d2c0] t: 32.199979  TARGET:-23 LUFS    M: -17.8 S: -18.3     I: -16.2 LUFS       LRA:   3.6 LU  FTPK:  -5.8 dBFS  TPK:  -1.5 dBFS
[Parsed_ebur128_0 @ 0x75bec0d2c0] t: 32.299979  TARGET:-23 LUFS    M: -15.9 S: -18.0     I: -16.2 LUFS       LRA:   3.6 LU  FTPK:  -1.5 dBFS  TPK:  -1.5 dBFS
[Parsed_ebur128_0 @ 0x75bec0d2c0] t: 32.399979  TARGET:-23 LUFS    M: -15.1 S: -17.7     I: -16.2 LUFS       LRA:   3.6 LU  FTPK:  -2.9 dBFS  TPK:  -1.5 dBFS
[Parsed_ebur128_0 @ 0x75bec0d2c0] t: 32.499979  TARGET:-23 LUFS    M: -15.3 S: -17.9     I: -16.2 LUFS       LRA:   3.6 LU  FTPK:  -3.1 dBFS  TPK:  -1.5 dBFS
[Parsed_ebur128_0 @ 0x75bec0d2c0] t: 32.599979  TARGET:-23 LUFS    M: -15.6 S: -18.0     I: -16.2 LUFS       LRA:   3.6 LU  FTPK:  -3.9 dBFS  TPK:  -1.5 dBFS
[Parsed_ebur128_0 @ 0x75bec0d2c0] t: 32.699979  TARGET:-23 LUFS    M: -14.9 S: -17.5     I: -16.2 LUFS       LRA:   3.6 LU  FTPK:  -3.6 dBFS  TPK:  -1.5 dBFS
[Parsed_ebur128_0 @ 0x75bec0d2c0] t: 32.799979  TARGET:-23 LUFS    M: -15.0 S: -17.3     I: -16.2 LUFS       LRA:   3.6 LU  FTPK:  -3.1 dBFS  TPK:  -1.5 dBFS
[Parsed_ebur128_0 @ 0x75bec0d2c0] t: 32.899979  TARGET:-23 LUFS    M: -15.6 S: -17.2     I: -16.2 LUFS       LRA:   3.6 LU  FTPK: -11.9 dBFS  TPK:  -1.5 dBFS
[Parsed_ebur128_0 @ 0x75bec0d2c0] t: 32.999979  TARGET:-23 LUFS    M: -15.3 S: -17.1     I: -16.2 LUFS       LRA:   3.6 LU  FTPK:  -5.7 dBFS  TPK:  -1.5 dBFS
[Parsed_ebur128_0 @ 0x75bec0d2c0] t: 33.099979  TARGET:-23 LUFS    M: -17.2 S: -17.0     I: -16.2 LUFS       LRA:   3.6 LU  FTPK:  -8.2 dBFS  TPK:  -1.5 dBFS
[Parsed_ebur128_0 @ 0x75bec0d2c0] t: 33.199979  TARGET:-23 LUFS    M: -19.8 S: -16.9     I: -16.2 LUFS       LRA:   3.6 LU  FTPK: -15.3 dBFS  TPK:  -1.5 dBFS
[Parsed_ebur128_0 @ 0x75bec0d2c0] t: 33.299979  TARGET:-23 LUFS    M: -17.0 S: -16.7     I: -16.2 LUFS       LRA:   3.6 LU  FTPK:  -2.0 dBFS  TPK:  -1.5 dBFS
[Parsed_ebur128_0 @ 0x75bec0d2c0] t: 33.399979  TARGET:-23 LUFS    M: -17.6 S: -16.6     I: -16.2 LUFS       LRA:   3.6 LU  FTPK:  -5.9 dBFS  TPK:  -1.5 dBFS
[Parsed_ebur128_0 @ 0x75bec0d2c0] t: 33.499979  TARGET:-23 LUFS    M: -18.2 S: -16.5     I: -16.2 LUFS       LRA:   3.6 LU  FTPK: -11.2 dBFS  TPK:  -1.5 dBFS
[Parsed_ebur128_0 @ 0x75bec0d2c0] t: 33.599979  TARGET:-23 LUFS    M: -15.7 S: -16.2     I: -16.2 LUFS       LRA:   3.6 LU  FTPK:  -2.3 dBFS  TPK:  -1.5 dBFS
[Parsed_ebur128_0 @ 0x75bec0d2c0] t: 33.699979  TARGET:-23 LUFS    M: -15.7 S: -16.0     I: -16.2 LUFS       LRA:   3.6 LU  FTPK:  -4.8 dBFS  TPK:  -1.5 dBFS
[Parsed_ebur128_0 @ 0x75bec0d2c0] t: 33.799979  TARGET:-23 LUFS    M: -16.1 S: -16.0     I: -16.2 LUFS       LRA:   3.6 LU  FTPK:  -9.1 dBFS  TPK:  -1.5 dBFS
[Parsed_ebur128_0 @ 0x75bec0d2c0] t: 33.899979  TARGET:-23 LUFS    M: -16.4 S: -16.0     I: -16.2 LUFS       LRA:   3.6 LU  FTPK: -18.0 dBFS  TPK:  -1.5 dBFS
[Parsed_ebur128_0 @ 0x75bec0d2c0] t: 33.999979  TARGET:-23 LUFS    M: -19.5 S: -16.3     I: -16.2 LUFS       LRA:   3.5 LU  FTPK: -24.9 dBFS  TPK:  -1.5 dBFS
[Parsed_ebur128_0 @ 0x75bec0d2c0] t: 34.099979  TARGET:-23 LUFS    M: -28.7 S: -16.5     I: -16.2 LUFS       LRA:   3.5 LU  FTPK: -59.8 dBFS  TPK:  -1.5 dBFS
[Parsed_ebur128_0 @ 0x75bec0d2c0] t: 34.199979  TARGET:-23 LUFS    M: -38.3 S: -16.8     I: -16.2 LUFS       LRA:   3.5 LU  FTPK: -69.2 dBFS  TPK:  -1.5 dBFS
[Parsed_ebur128_0 @ 0x75bec0d2c0] t: 34.299979  TARGET:-23 LUFS    M: -44.7 S: -16.9     I: -16.2 LUFS       LRA:   3.5 LU  FTPK:  -inf dBFS  TPK:  -1.5 dBFS
[Parsed_ebur128_0 @ 0x75bec0d2c0] t: 34.399979  TARGET:-23 LUFS    M: -79.6 S: -17.2     I: -16.2 LUFS       LRA:   3.5 LU  FTPK:  -inf dBFS  TPK:  -1.5 dBFS
[Parsed_silencedetect_1 @ 0x75bec0d380] silence_start: 33.956292
[Parsed_ebur128_0 @ 0x75bec0d2c0] t: 34.499979  TARGET:-23 LUFS    M:-100.1 S: -17.3     I: -16.2 LUFS       LRA:   3.5 LU  FTPK:  -inf dBFS  TPK:  -1.5 dBFS
[Parsed_ebur128_0 @ 0x75bec0d2c0] t: 34.599979  TARGET:-23 LUFS    M:-150.2 S: -17.8     I: -16.2 LUFS       LRA:   3.5 LU  FTPK:  -inf dBFS  TPK:  -1.5 dBFS
[Parsed_ebur128_0 @ 0x75bec0d2c0] t: 34.699979  TARGET:-23 LUFS    M:-150.2 S: -18.1     I: -16.2 LUFS       LRA:   3.5 LU  FTPK:  -inf dBFS  TPK:  -1.5 dBFS
[Parsed_ebur128_0 @ 0x75bec0d2c0] t: 34.799979  TARGET:-23 LUFS    M:-150.2 S: -18.1     I: -16.2 LUFS       LRA:   3.5 LU  FTPK:  -inf dBFS  TPK:  -1.5 dBFS
[Parsed_ebur128_0 @ 0x75bec0d2c0] t: 34.899979  TARGET:-23 LUFS    M: -78.9 S: -18.1     I: -16.2 LUFS       LRA:   3.5 LU  FTPK: -56.8 dBFS  TPK:  -1.5 dBFS
[Parsed_ebur128_0 @ 0x75bec0d2c0] t: 34.999979  TARGET:-23 LUFS    M: -22.0 S: -18.1     I: -16.3 LUFS       LRA:   3.5 LU  FTPK:  -1.5 dBFS  TPK:  -1.5 dBFS
[Parsed_silencedetect_1 @ 0x75bec0d380] silence_end: 34.940958 | silence_duration: 0.984667
[Parsed_ebur128_0 @ 0x75bec0d2c0] t: 35.099979  TARGET:-23 LUFS    M: -17.7 S: -17.9     I: -16.3 LUFS       LRA:   3.5 LU  FTPK:  -1.5 dBFS  TPK:  -1.5 dBFS
[Parsed_ebur128_0 @ 0x75bec0d2c0] t: 35.199979  TARGET:-23 LUFS    M: -17.5 S: -18.1     I: -16.3 LUFS       LRA:   3.5 LU  FTPK:  -5.6 dBFS  TPK:  -1.5 dBFS
[Parsed_ebur128_0 @ 0x75bec0d2c0] t: 35.299979  TARGET:-23 LUFS    M: -14.0 S: -17.6     I: -16.3 LUFS       LRA:   3.5 LU  FTPK:  -1.5 dBFS  TPK:  -1.5 dBFS
[Parsed_ebur128_0 @ 0x75bec0d2c0] t: 35.399979  TARGET:-23 LUFS    M: -13.9 S: -17.7     I: -16.2 LUFS       LRA:   3.4 LU  FTPK:  -4.3 dBFS  TPK:  -1.5 dBFS
[Parsed_ebur128_0 @ 0x75bec0d2c0] t: 35.499979  TARGET:-23 LUFS    M: -14.3 S: -17.6     I: -16.2 LUFS       LRA:   3.4 LU  FTPK:  -2.6 dBFS  TPK:  -1.5 dBFS
[Parsed_ebur128_0 @ 0x75bec0d2c0] t: 35.599979  TARGET:-23 LUFS    M: -14.2 S: -17.7     I: -16.2 LUFS       LRA:   3.4 LU  FTPK:  -6.5 dBFS  TPK:  -1.5 dBFS
[Parsed_ebur128_0 @ 0x75bec0d2c0] t: 35.699979  TARGET:-23 LUFS    M: -17.1 S: -18.1     I: -16.2 LUFS       LRA:   3.4 LU  FTPK:  -5.3 dBFS  TPK:  -1.5 dBFS
[Parsed_ebur128_0 @ 0x75bec0d2c0] t: 35.799979  TARGET:-23 LUFS    M: -16.2 S: -18.0     I: -16.2 LUFS       LRA:   3.4 LU  FTPK:  -1.5 dBFS  TPK:  -1.5 dBFS
[Parsed_ebur128_0 @ 0x75bec0d2c0] t: 35.899979  TARGET:-23 LUFS    M: -17.5 S: -18.0     I: -16.2 LUFS       LRA:   3.4 LU  FTPK: -20.8 dBFS  TPK:  -1.5 dBFS
[Parsed_ebur128_0 @ 0x75bec0d2c0] t: 35.999979  TARGET:-23 LUFS    M: -17.7 S: -18.1     I: -16.2 LUFS       LRA:   3.4 LU  FTPK:  -9.7 dBFS  TPK:  -1.5 dBFS
[Parsed_ebur128_0 @ 0x75bec0d2c0] t: 36.099979  TARGET:-23 LUFS    M: -18.4 S: -18.3     I: -16.2 LUFS       LRA:   3.4 LU  FTPK: -10.7 dBFS  TPK:  -1.5 dBFS
[Parsed_ebur128_0 @ 0x75bec0d2c0] t: 36.199979  TARGET:-23 LUFS    M: -24.4 S: -18.2     I: -16.3 LUFS       LRA:   3.4 LU  FTPK:  -7.0 dBFS  TPK:  -1.5 dBFS
[Parsed_ebur128_0 @ 0x75bec0d2c0] t: 36.299979  TARGET:-23 LUFS    M: -23.9 S: -18.6     I: -16.3 LUFS       LRA:   3.4 LU  FTPK: -12.5 dBFS  TPK:  -1.5 dBFS
[Parsed_ebur128_0 @ 0x75bec0d2c0] t: 36.399979  TARGET:-23 LUFS    M: -20.3 S: -18.5     I: -16.3 LUFS       LRA:   3.3 LU  FTPK:  -6.4 dBFS  TPK:  -1.5 dBFS
[Parsed_ebur128_0 @ 0x75bec0d2c0] t: 36.499979  TARGET:-23 LUFS    M: -18.8 S: -18.3     I: -16.3 LUFS       LRA:   3.3 LU  FTPK:  -7.5 dBFS  TPK:  -1.5 dBFS
[Parsed_ebur128_0 @ 0x75bec0d2c0] t: 36.599979  TARGET:-23 LUFS    M: -18.7 S: -18.8     I: -16.3 LUFS       LRA:   3.3 LU  FTPK: -10.0 dBFS  TPK:  -1.5 dBFS
[Parsed_ebur128_0 @ 0x75bec0d2c0] t: 36.699979  TARGET:-23 LUFS    M: -17.7 S: -19.0     I: -16.3 LUFS       LRA:   3.3 LU  FTPK:  -4.4 dBFS  TPK:  -1.5 dBFS
[Parsed_ebur128_0 @ 0x75bec0d2c0] t: 36.799979  TARGET:-23 LUFS    M: -15.9 S: -18.4     I: -16.3 LUFS       LRA:   3.3 LU  FTPK:  -2.9 dBFS  TPK:  -1.5 dBFS
[Parsed_ebur128_0 @ 0x75bec0d2c0] t: 36.899979  TARGET:-23 LUFS    M: -15.7 S: -18.2     I: -16.3 LUFS       LRA:   3.3 LU  FTPK:  -5.8 dBFS  TPK:  -1.5 dBFS
[Parsed_ebur128_0 @ 0x75bec0d2c0] t: 36.999979  TARGET:-23 LUFS    M: -15.2 S: -18.0     I: -16.3 LUFS       LRA:   3.3 LU  FTPK:  -6.3 dBFS  TPK:  -1.5 dBFS
[Parsed_ebur128_0 @ 0x75bec0d2c0] t: 37.099979  TARGET:-23 LUFS    M: -15.2 S: -17.8     I: -16.3 LUFS       LRA:   3.3 LU  FTPK:  -6.6 dBFS  TPK:  -1.5 dBFS
[Parsed_ebur128_0 @ 0x75bec0d2c0] t: 37.199979  TARGET:-23 LUFS    M: -17.0 S: -17.7     I: -16.3 LUFS       LRA:   3.3 LU  FTPK:  -8.3 dBFS  TPK:  -1.5 dBFS
[Parsed_ebur128_0 @ 0x75bec0d2c0] t: 37.299979  TARGET:-23 LUFS    M: -17.5 S: -17.6     I: -16.3 LUFS       LRA:   3.3 LU  FTPK:  -7.3 dBFS  TPK:  -1.5 dBFS
[Parsed_ebur128_0 @ 0x75bec0d2c0] t: 37.399979  TARGET:-23 LUFS    M: -17.7 S: -17.4     I: -16.3 LUFS       LRA:   3.3 LU  FTPK:  -7.5 dBFS  TPK:  -1.5 dBFS
[Parsed_ebur128_0 @ 0x75bec0d2c0] t: 37.499979  TARGET:-23 LUFS    M: -17.2 S: -17.2     I: -16.3 LUFS       LRA:   3.3 LU  FTPK:  -2.7 dBFS  TPK:  -1.5 dBFS
[Parsed_ebur128_0 @ 0x75bec0d2c0] t: 37.599979  TARGET:-23 LUFS    M: -16.4 S: -17.0     I: -16.3 LUFS       LRA:   3.3 LU  FTPK:  -4.8 dBFS  TPK:  -1.5 dBFS
[Parsed_ebur128_0 @ 0x75bec0d2c0] t: 37.699979  TARGET:-23 LUFS    M: -15.7 S: -16.8     I: -16.3 LUFS       LRA:   3.3 LU  FTPK:  -4.8 dBFS  TPK:  -1.5 dBFS
[Parsed_ebur128_0 @ 0x75bec0d2c0] t: 37.799979  TARGET:-23 LUFS    M: -14.1 S: -16.3     I: -16.3 LUFS       LRA:   3.3 LU  FTPK:  -2.3 dBFS  TPK:  -1.5 dBFS
[Parsed_ebur128_0 @ 0x75bec0d2c0] t: 37.899979  TARGET:-23 LUFS    M: -14.1 S: -16.2     I: -16.3 LUFS       LRA:   3.3 LU  FTPK:  -4.1 dBFS  TPK:  -1.5 dBFS
[Parsed_ebur128_0 @ 0x75bec0d2c0] t: 37.999979  TARGET:-23 LUFS    M: -15.2 S: -16.3     I: -16.3 LUFS       LRA:   3.2 LU  FTPK: -10.3 dBFS  TPK:  -1.5 dBFS
[Parsed_ebur128_0 @ 0x75bec0d2c0] t: 38.099979  TARGET:-23 LUFS    M: -16.4 S: -16.6     I: -16.3 LUFS       LRA:   3.2 LU  FTPK: -48.4 dBFS  TPK:  -1.5 dBFS
[Parsed_ebur128_0 @ 0x75bec0d2c0] t: 38.199979  TARGET:-23 LUFS    M: -22.3 S: -16.6     I: -16.3 LUFS       LRA:   3.2 LU  FTPK: -12.9 dBFS  TPK:  -1.5 dBFS
[Parsed_ebur128_0 @ 0x75bec0d2c0] t: 38.299979  TARGET:-23 LUFS    M: -19.7 S: -16.9     I: -16.3 LUFS       LRA:   3.2 LU  FTPK:  -1.5 dBFS  TPK:  -1.5 dBFS
[Parsed_ebur128_0 @ 0x75bec0d2c0] t: 38.399979  TARGET:-23 LUFS    M: -18.7 S: -17.1     I: -16.3 LUFS       LRA:   3.2 LU  FTPK:  -5.4 dBFS  TPK:  -1.5 dBFS
[Parsed_ebur128_0 @ 0x75bec0d2c0] t: 38.499979  TARGET:-23 LUFS    M: -17.9 S: -17.2     I: -16.3 LUFS       LRA:   3.2 LU  FTPK:  -5.9 dBFS  TPK:  -1.5 dBFS
[Parsed_ebur128_0 @ 0x75bec0d2c0] t: 38.599979  TARGET:-23 LUFS    M: -15.8 S: -17.0     I: -16.3 LUFS       LRA:   3.2 LU  FTPK:  -1.5 dBFS  TPK:  -1.5 dBFS
[Parsed_ebur128_0 @ 0x75bec0d2c0] t: 38.699979  TARGET:-23 LUFS    M: -17.8 S: -17.0     I: -16.3 LUFS       LRA:   3.2 LU  FTPK:  -8.2 dBFS  TPK:  -1.5 dBFS
[Parsed_ebur128_0 @ 0x75bec0d2c0] t: 38.799979  TARGET:-23 LUFS    M: -17.0 S: -17.2     I: -16.3 LUFS       LRA:   3.2 LU  FTPK:  -2.8 dBFS  TPK:  -1.5 dBFS
[Parsed_ebur128_0 @ 0x75bec0d2c0] t: 38.899979  TARGET:-23 LUFS    M: -15.3 S: -16.9     I: -16.3 LUFS       LRA:   3.2 LU  FTPK:  -3.0 dBFS  TPK:  -1.5 dBFS
[Parsed_ebur128_0 @ 0x75bec0d2c0] t: 38.999979  TARGET:-23 LUFS    M: -16.7 S: -16.8     I: -16.3 LUFS       LRA:   3.2 LU  FTPK:  -7.3 dBFS  TPK:  -1.5 dBFS
[Parsed_ebur128_0 @ 0x75bec0d2c0] t: 39.099979  TARGET:-23 LUFS    M: -16.8 S: -16.8     I: -16.3 LUFS       LRA:   3.2 LU  FTPK: -14.4 dBFS  TPK:  -1.5 dBFS
[Parsed_ebur128_0 @ 0x75bec0d2c0] t: 39.199979  TARGET:-23 LUFS    M: -18.3 S: -16.9     I: -16.3 LUFS       LRA:   3.2 LU  FTPK: -14.5 dBFS  TPK:  -1.5 dBFS
[Parsed_ebur128_0 @ 0x75bec0d2c0] t: 39.299979  TARGET:-23 LUFS    M: -25.7 S: -16.9     I: -16.3 LUFS       LRA:   3.2 LU  FTPK: -39.4 dBFS  TPK:  -1.5 dBFS
[Parsed_ebur128_0 @ 0x75bec0d2c0] t: 39.399979  TARGET:-23 LUFS    M: -34.0 S: -17.1     I: -16.3 LUFS       LRA:   3.1 LU  FTPK: -67.8 dBFS  TPK:  -1.5 dBFS
[Parsed_ebur128_0 @ 0x75bec0d2c0] t: 39.499979  TARGET:-23 LUFS    M: -39.9 S: -17.2     I: -16.3 LUFS       LRA:   3.1 LU  FTPK:  -inf dBFS  TPK:  -1.5 dBFS
[Parsed_ebur128_0 @ 0x75bec0d2c0] t: 39.599979  TARGET:-23 LUFS    M: -63.1 S: -17.3     I: -16.3 LUFS       LRA:   3.1 LU  FTPK:  -inf dBFS  TPK:  -1.5 dBFS
[Parsed_ebur128_0 @ 0x75bec0d2c0] t: 39.699979  TARGET:-23 LUFS    M: -87.5 S: -17.4     I: -16.3 LUFS       LRA:   3.1 LU  FTPK:  -inf dBFS  TPK:  -1.5 dBFS
[Parsed_silencedetect_1 @ 0x75bec0d380] silence_start: 39.201563
[Parsed_ebur128_0 @ 0x75bec0d2c0] t: 39.799979  TARGET:-23 LUFS    M:-151.4 S: -17.9     I: -16.3 LUFS       LRA:   3.1 LU  FTPK:  -inf dBFS  TPK:  -1.5 dBFS
[Parsed_ebur128_0 @ 0x75bec0d2c0] t: 39.899979  TARGET:-23 LUFS    M:-151.4 S: -18.1     I: -16.3 LUFS       LRA:   3.1 LU  FTPK:  -inf dBFS  TPK:  -1.5 dBFS
[Parsed_ebur128_0 @ 0x75bec0d2c0] t: 39.999979  TARGET:-23 LUFS    M:-151.4 S: -18.3     I: -16.3 LUFS       LRA:   3.1 LU  FTPK:  -inf dBFS  TPK:  -1.5 dBFS
[Parsed_ebur128_0 @ 0x75bec0d2c0] t: 40.099979  TARGET:-23 LUFS    M:-131.1 S: -18.5     I: -16.3 LUFS       LRA:   3.1 LU  FTPK: -105.6 dBFS  TPK:  -1.5 dBFS
[Parsed_ebur128_0 @ 0x75bec0d2c0] t: 40.199979  TARGET:-23 LUFS    M: -42.5 S: -18.7     I: -16.3 LUFS       LRA:   3.1 LU  FTPK: -19.0 dBFS  TPK:  -1.5 dBFS
[Parsed_silencedetect_1 @ 0x75bec0d380] silence_end: 40.182771 | silence_duration: 0.981208
[Parsed_ebur128_0 @ 0x75bec0d2c0] t: 40.299979  TARGET:-23 LUFS    M: -19.8 S: -18.4     I: -16.3 LUFS       LRA:   3.1 LU  FTPK:  -1.9 dBFS  TPK:  -1.5 dBFS
[Parsed_ebur128_0 @ 0x75bec0d2c0] t: 40.399979  TARGET:-23 LUFS    M: -16.8 S: -18.2     I: -16.3 LUFS       LRA:   3.1 LU  FTPK:  -6.7 dBFS  TPK:  -1.5 dBFS
[Parsed_ebur128_0 @ 0x75bec0d2c0] t: 40.499979  TARGET:-23 LUFS    M: -14.9 S: -18.0     I: -16.3 LUFS       LRA:   3.1 LU  FTPK:  -2.0 dBFS  TPK:  -1.5 dBFS
[Parsed_ebur128_0 @ 0x75bec0d2c0] t: 40.599979  TARGET:-23 LUFS    M: -13.5 S: -17.8     I: -16.3 LUFS       LRA:   3.1 LU  FTPK:  -3.9 dBFS  TPK:  -1.5 dBFS
[Parsed_ebur128_0 @ 0x75bec0d2c0] t: 40.699979  TARGET:-23 LUFS    M: -13.4 S: -17.7     I: -16.3 LUFS       LRA:   3.1 LU  FTPK:  -2.6 dBFS  TPK:  -1.5 dBFS
[Parsed_ebur128_0 @ 0x75bec0d2c0] t: 40.799979  TARGET:-23 LUFS    M: -14.4 S: -18.3     I: -16.3 LUFS       LRA:   3.1 LU  FTPK:  -7.7 dBFS  TPK:  -1.5 dBFS
[Parsed_ebur128_0 @ 0x75bec0d2c0] t: 40.899979  TARGET:-23 LUFS    M: -15.0 S: -18.3     I: -16.3 LUFS       LRA:   3.1 LU  FTPK:  -4.9 dBFS  TPK:  -1.5 dBFS
[Parsed_ebur128_0 @ 0x75bec0d2c0] t: 40.999979  TARGET:-23 LUFS    M: -15.2 S: -17.8     I: -16.3 LUFS       LRA:   3.1 LU  FTPK:  -1.5 dBFS  TPK:  -1.5 dBFS
[Parsed_ebur128_0 @ 0x75bec0d2c0] t: 41.099979  TARGET:-23 LUFS    M: -16.2 S: -17.7     I: -16.3 LUFS       LRA:   3.1 LU  FTPK:  -4.7 dBFS  TPK:  -1.5 dBFS
[Parsed_ebur128_0 @ 0x75bec0d2c0] t: 41.199979  TARGET:-23 LUFS    M: -15.9 S: -17.6     I: -16.3 LUFS       LRA:   3.1 LU  FTPK:  -5.9 dBFS  TPK:  -1.5 dBFS
[Parsed_ebur128_0 @ 0x75bec0d2c0] t: 41.299979  TARGET:-23 LUFS    M: -15.1 S: -17.5     I: -16.3 LUFS       LRA:   3.1 LU  FTPK:  -2.5 dBFS  TPK:  -1.5 dBFS
[Parsed_ebur128_0 @ 0x75bec0d2c0] t: 41.399979  TARGET:-23 LUFS    M: -17.0 S: -17.6     I: -16.3 LUFS       LRA:   3.1 LU  FTPK:  -8.2 dBFS  TPK:  -1.5 dBFS
[Parsed_ebur128_0 @ 0x75bec0d2c0] t: 41.499979  TARGET:-23 LUFS    M: -17.4 S: -17.6     I: -16.3 LUFS       LRA:   3.1 LU  FTPK:  -6.9 dBFS  TPK:  -1.5 dBFS
[Parsed_ebur128_0 @ 0x75bec0d2c0] t: 41.599979  TARGET:-23 LUFS    M: -17.9 S: -17.9     I: -16.3 LUFS       LRA:   3.1 LU  FTPK:  -8.1 dBFS  TPK:  -1.5 dBFS
[Parsed_ebur128_0 @ 0x75bec0d2c0] t: 41.699979  TARGET:-23 LUFS    M: -22.5 S: -17.9     I: -16.3 LUFS       LRA:   3.1 LU  FTPK: -11.9 dBFS  TPK:  -1.5 dBFS
[Parsed_ebur128_0 @ 0x75bec0d2c0] t: 41.799979  TARGET:-23 LUFS    M: -22.4 S: -18.1     I: -16.3 LUFS       LRA:   3.1 LU  FTPK: -10.5 dBFS  TPK:  -1.5 dBFS
[Parsed_ebur128_0 @ 0x75bec0d2c0] t: 41.899979  TARGET:-23 LUFS    M: -17.7 S: -18.0     I: -16.3 LUFS       LRA:   3.1 LU  FTPK:  -1.5 dBFS  TPK:  -1.5 dBFS
[Parsed_ebur128_0 @ 0x75bec0d2c0] t: 41.999979  TARGET:-23 LUFS    M: -17.4 S: -18.0     I: -16.3 LUFS       LRA:   3.0 LU  FTPK:  -7.5 dBFS  TPK:  -1.5 dBFS
[Parsed_ebur128_0 @ 0x75bec0d2c0] t: 42.099979  TARGET:-23 LUFS    M: -17.2 S: -18.0     I: -16.3 LUFS       LRA:   3.0 LU  FTPK: -11.9 dBFS  TPK:  -1.5 dBFS
[Parsed_ebur128_0 @ 0x75bec0d2c0] t: 42.199979  TARGET:-23 LUFS    M: -17.1 S: -17.9     I: -16.3 LUFS       LRA:   3.0 LU  FTPK:  -9.5 dBFS  TPK:  -1.5 dBFS
[Parsed_ebur128_0 @ 0x75bec0d2c0] t: 42.299979  TARGET:-23 LUFS    M: -22.9 S: -17.9     I: -16.3 LUFS       LRA:   3.0 LU  FTPK: -42.9 dBFS  TPK:  -1.5 dBFS
[Parsed_ebur128_0 @ 0x75bec0d2c0] t: 42.399979  TARGET:-23 LUFS    M: -25.6 S: -17.9     I: -16.3 LUFS       LRA:   3.0 LU  FTPK: -67.5 dBFS  TPK:  -1.5 dBFS
[Parsed_ebur128_0 @ 0x75bec0d2c0] t: 42.499979  TARGET:-23 LUFS    M: -27.6 S: -17.9     I: -16.3 LUFS       LRA:   3.0 LU  FTPK:  -inf dBFS  TPK:  -1.5 dBFS
[Parsed_ebur128_0 @ 0x75bec0d2c0] t: 42.599979  TARGET:-23 LUFS    M: -66.7 S: -17.9     I: -16.3 LUFS       LRA:   3.0 LU  FTPK:  -inf dBFS  TPK:  -1.5 dBFS
[Parsed_silencedetect_1 @ 0x75bec0d380] silence_start: 42.187104
[Parsed_ebur128_0 @ 0x75bec0d2c0] t: 42.699979  TARGET:-23 LUFS    M: -88.7 S: -17.9     I: -16.3 LUFS       LRA:   3.0 LU  FTPK:  -inf dBFS  TPK:  -1.5 dBFS
[Parsed_ebur128_0 @ 0x75bec0d2c0] t: 42.799979  TARGET:-23 LUFS    M:-159.3 S: -17.9     I: -16.3 LUFS       LRA:   3.0 LU  FTPK:  -inf dBFS  TPK:  -1.5 dBFS
[Parsed_ebur128_0 @ 0x75bec0d2c0] t: 42.899979  TARGET:-23 LUFS    M:-159.3 S: -17.9     I: -16.3 LUFS       LRA:   3.0 LU  FTPK:  -inf dBFS  TPK:  -1.5 dBFS
[Parsed_ebur128_0 @ 0x75bec0d2c0] t: 42.999979  TARGET:-23 LUFS    M:-159.3 S: -17.9     I: -16.3 LUFS       LRA:   3.0 LU  FTPK:  -inf dBFS  TPK:  -1.5 dBFS
[Parsed_ebur128_0 @ 0x75bec0d2c0] t: 43.099979  TARGET:-23 LUFS    M:-122.9 S: -17.9     I: -16.3 LUFS       LRA:   3.0 LU  FTPK: -95.2 dBFS  TPK:  -1.5 dBFS
[Parsed_ebur128_0 @ 0x75bec0d2c0] t: 43.199979  TARGET:-23 LUFS    M: -70.4 S: -17.9     I: -16.3 LUFS       LRA:   3.0 LU  FTPK: -42.3 dBFS  TPK:  -1.5 dBFS
[Parsed_ebur128_0 @ 0x75bec0d2c0] t: 43.299979  TARGET:-23 LUFS    M: -19.8 S: -17.9     I: -16.4 LUFS       LRA:   3.0 LU  FTPK:  -2.1 dBFS  TPK:  -1.5 dBFS
[Parsed_silencedetect_1 @ 0x75bec0d380] silence_end: 43.203229 | silence_duration: 1.016125
[Parsed_ebur128_0 @ 0x75bec0d2c0] t: 43.399979  TARGET:-23 LUFS    M: -18.9 S: -18.2     I: -16.4 LUFS       LRA:   3.0 LU  FTPK:  -7.0 dBFS  TPK:  -1.5 dBFS
[Parsed_ebur128_0 @ 0x75bec0d2c0] t: 43.499979  TARGET:-23 LUFS    M: -16.7 S: -18.3     I: -16.4 LUFS       LRA:   3.0 LU  FTPK:  -3.3 dBFS  TPK:  -1.5 dBFS
[Parsed_ebur128_0 @ 0x75bec0d2c0] t: 43.599979  TARGET:-23 LUFS    M: -16.5 S: -18.8     I: -16.4 LUFS       LRA:   3.0 LU  FTPK:  -9.1 dBFS  TPK:  -1.5 dBFS
[Parsed_ebur128_0 @ 0x75bec0d2c0] t: 43.699979  TARGET:-23 LUFS    M: -16.7 S: -18.9     I: -16.4 LUFS       LRA:   3.0 LU  FTPK:  -3.0 dBFS  TPK:  -1.5 dBFS
[Parsed_ebur128_0 @ 0x75bec0d2c0] t: 43.799979  TARGET:-23 LUFS    M: -17.0 S: -18.9     I: -16.4 LUFS       LRA:   3.0 LU  FTPK:  -8.5 dBFS  TPK:  -1.5 dBFS
[Parsed_ebur128_0 @ 0x75bec0d2c0] t: 43.899979  TARGET:-23 LUFS    M: -15.8 S: -18.6     I: -16.4 LUFS       LRA:   3.0 LU  FTPK:  -1.9 dBFS  TPK:  -1.5 dBFS
[Parsed_ebur128_0 @ 0x75bec0d2c0] t: 43.999979  TARGET:-23 LUFS    M: -15.0 S: -18.8     I: -16.4 LUFS       LRA:   3.0 LU  FTPK:  -4.1 dBFS  TPK:  -1.5 dBFS
[Parsed_ebur128_0 @ 0x75bec0d2c0] t: 44.099979  TARGET:-23 LUFS    M: -14.4 S: -18.4     I: -16.4 LUFS       LRA:   3.0 LU  FTPK:  -1.5 dBFS  TPK:  -1.5 dBFS
[Parsed_ebur128_0 @ 0x75bec0d2c0] t: 44.199979  TARGET:-23 LUFS    M: -14.5 S: -18.5     I: -16.3 LUFS       LRA:   3.0 LU  FTPK: -14.3 dBFS  TPK:  -1.5 dBFS
[Parsed_ebur128_0 @ 0x75bec0d2c0] t: 44.299979  TARGET:-23 LUFS    M: -16.3 S: -18.9     I: -16.3 LUFS       LRA:   3.0 LU  FTPK:  -9.8 dBFS  TPK:  -1.5 dBFS
[Parsed_ebur128_0 @ 0x75bec0d2c0] t: 44.399979  TARGET:-23 LUFS    M: -17.3 S: -18.8     I: -16.3 LUFS       LRA:   2.9 LU  FTPK: -11.0 dBFS  TPK:  -1.5 dBFS
[Parsed_ebur128_0 @ 0x75bec0d2c0] t: 44.499979  TARGET:-23 LUFS    M: -22.1 S: -18.9     I: -16.4 LUFS       LRA:   2.9 LU  FTPK: -11.5 dBFS  TPK:  -1.5 dBFS
[Parsed_ebur128_0 @ 0x75bec0d2c0] t: 44.599979  TARGET:-23 LUFS    M: -21.1 S: -18.9     I: -16.4 LUFS       LRA:   2.9 LU  FTPK:  -9.0 dBFS  TPK:  -1.5 dBFS
[Parsed_ebur128_0 @ 0x75bec0d2c0] t: 44.699979  TARGET:-23 LUFS    M: -21.9 S: -18.8     I: -16.4 LUFS       LRA:   2.9 LU  FTPK:  -8.0 dBFS  TPK:  -1.5 dBFS
[Parsed_ebur128_0 @ 0x75bec0d2c0] t: 44.799979  TARGET:-23 LUFS    M: -22.6 S: -18.9     I: -16.4 LUFS       LRA:   2.9 LU  FTPK:  -8.2 dBFS  TPK:  -1.5 dBFS
[Parsed_ebur128_0 @ 0x75bec0d2c0] t: 44.899979  TARGET:-23 LUFS    M: -19.8 S: -19.2     I: -16.4 LUFS       LRA:   3.0 LU  FTPK:  -2.6 dBFS  TPK:  -1.5 dBFS
[Parsed_ebur128_0 @ 0x75bec0d2c0] t: 44.999979  TARGET:-23 LUFS    M: -19.9 S: -19.2     I: -16.4 LUFS       LRA:   3.0 LU  FTPK:  -6.8 dBFS  TPK:  -1.5 dBFS
[Parsed_ebur128_0 @ 0x75bec0d2c0] t: 45.099979  TARGET:-23 LUFS    M: -18.6 S: -19.1     I: -16.4 LUFS       LRA:   3.0 LU  FTPK:  -5.1 dBFS  TPK:  -1.5 dBFS
[Parsed_ebur128_0 @ 0x75bec0d2c0] t: 45.199979  TARGET:-23 LUFS    M: -16.3 S: -18.7     I: -16.4 LUFS       LRA:   3.0 LU  FTPK:  -3.4 dBFS  TPK:  -1.5 dBFS
[Parsed_ebur128_0 @ 0x75bec0d2c0] t: 45.299979  TARGET:-23 LUFS    M: -16.4 S: -18.4     I: -16.4 LUFS       LRA:   3.0 LU  FTPK:  -3.6 dBFS  TPK:  -1.5 dBFS
[Parsed_ebur128_0 @ 0x75bec0d2c0] t: 45.399979  TARGET:-23 LUFS    M: -15.7 S: -18.2     I: -16.4 LUFS       LRA:   3.0 LU  FTPK:  -1.5 dBFS  TPK:  -1.5 dBFS
[Parsed_ebur128_0 @ 0x75bec0d2c0] t: 45.499979  TARGET:-23 LUFS    M: -14.4 S: -17.7     I: -16.4 LUFS       LRA:   3.0 LU  FTPK:  -3.1 dBFS  TPK:  -1.5 dBFS
[Parsed_ebur128_0 @ 0x75bec0d2c0] t: 45.599979  TARGET:-23 LUFS    M: -14.4 S: -17.4     I: -16.4 LUFS       LRA:   3.0 LU  FTPK:  -2.8 dBFS  TPK:  -1.5 dBFS
[Parsed_ebur128_0 @ 0x75bec0d2c0] t: 45.699979  TARGET:-23 LUFS    M: -13.8 S: -17.0     I: -16.4 LUFS       LRA:   3.0 LU  FTPK:  -2.7 dBFS  TPK:  -1.5 dBFS
[Parsed_ebur128_0 @ 0x75bec0d2c0] t: 45.799979  TARGET:-23 LUFS    M: -14.0 S: -16.9     I: -16.4 LUFS       LRA:   3.0 LU  FTPK:  -5.1 dBFS  TPK:  -1.5 dBFS
[Parsed_ebur128_0 @ 0x75bec0d2c0] t: 45.899979  TARGET:-23 LUFS    M: -13.6 S: -16.4     I: -16.4 LUFS       LRA:   3.0 LU  FTPK:  -2.4 dBFS  TPK:  -1.5 dBFS
[Parsed_ebur128_0 @ 0x75bec0d2c0] t: 45.999979  TARGET:-23 LUFS    M: -14.4 S: -16.3     I: -16.4 LUFS       LRA:   3.0 LU  FTPK:  -7.1 dBFS  TPK:  -1.5 dBFS
[Parsed_ebur128_0 @ 0x75bec0d2c0] t: 46.099979  TARGET:-23 LUFS    M: -16.0 S: -16.3     I: -16.3 LUFS       LRA:   3.0 LU  FTPK: -11.8 dBFS  TPK:  -1.5 dBFS
[Parsed_ebur128_0 @ 0x75bec0d2c0] t: 46.199979  TARGET:-23 LUFS    M: -15.6 S: -16.2     I: -16.3 LUFS       LRA:   3.0 LU  FTPK:  -5.2 dBFS  TPK:  -1.5 dBFS
[Parsed_ebur128_0 @ 0x75bec0d2c0] t: 46.299979  TARGET:-23 LUFS    M: -15.9 S: -16.1     I: -16.3 LUFS       LRA:   3.0 LU  FTPK:  -2.4 dBFS  TPK:  -1.5 dBFS
[Parsed_ebur128_0 @ 0x75bec0d2c0] t: 46.399979  TARGET:-23 LUFS    M: -16.2 S: -16.1     I: -16.3 LUFS       LRA:   3.0 LU  FTPK:  -6.5 dBFS  TPK:  -1.5 dBFS
[Parsed_ebur128_0 @ 0x75bec0d2c0] t: 46.499979  TARGET:-23 LUFS    M: -16.2 S: -16.3     I: -16.3 LUFS       LRA:   3.0 LU  FTPK: -11.4 dBFS  TPK:  -1.5 dBFS
[Parsed_ebur128_0 @ 0x75bec0d2c0] t: 46.599979  TARGET:-23 LUFS    M: -17.6 S: -16.3     I: -16.3 LUFS       LRA:   3.0 LU  FTPK: -35.6 dBFS  TPK:  -1.5 dBFS
[Parsed_ebur128_0 @ 0x75bec0d2c0] t: 46.699979  TARGET:-23 LUFS    M: -26.9 S: -16.5     I: -16.3 LUFS       LRA:   3.0 LU  FTPK: -66.7 dBFS  TPK:  -1.5 dBFS
[Parsed_ebur128_0 @ 0x75bec0d2c0] t: 46.799979  TARGET:-23 LUFS    M: -34.7 S: -16.6     I: -16.3 LUFS       LRA:   3.0 LU  FTPK:  -inf dBFS  TPK:  -1.5 dBFS
[Parsed_ebur128_0 @ 0x75bec0d2c0] t: 46.899979  TARGET:-23 LUFS    M: -57.8 S: -17.0     I: -16.3 LUFS       LRA:   3.0 LU  FTPK:  -inf dBFS  TPK:  -1.5 dBFS
[Parsed_ebur128_0 @ 0x75bec0d2c0] t: 46.999979  TARGET:-23 LUFS    M: -87.6 S: -17.2     I: -16.3 LUFS       LRA:   3.0 LU  FTPK:  -inf dBFS  TPK:  -1.5 dBFS
[Parsed_silencedetect_1 @ 0x75bec0d380] silence_start: 46.508521
[Parsed_ebur128_0 @ 0x75bec0d2c0] t: 47.099979  TARGET:-23 LUFS    M:   nan S: -17.6     I: -16.3 LUFS       LRA:   3.0 LU  FTPK:  -inf dBFS  TPK:  -1.5 dBFS
[Parsed_ebur128_0 @ 0x75bec0d2c0] t: 47.199979  TARGET:-23 LUFS    M:   nan S: -17.6     I: -16.3 LUFS       LRA:   3.0 LU  FTPK:  -inf dBFS  TPK:  -1.5 dBFS
[Parsed_ebur128_0 @ 0x75bec0d2c0] t: 47.299979  TARGET:-23 LUFS    M:   nan S: -17.7     I: -16.3 LUFS       LRA:   3.0 LU  FTPK:  -inf dBFS  TPK:  -1.5 dBFS
[Parsed_ebur128_0 @ 0x75bec0d2c0] t: 47.399979  TARGET:-23 LUFS    M:   nan S: -17.8     I: -16.3 LUFS       LRA:   2.9 LU  FTPK:  -inf dBFS  TPK:  -1.5 dBFS
[Parsed_ebur128_0 @ 0x75bec0d2c0] t: 47.499979  TARGET:-23 LUFS    M: -75.9 S: -17.8     I: -16.3 LUFS       LRA:   2.9 LU  FTPK: -48.7 dBFS  TPK:  -1.5 dBFS
[Parsed_ebur128_0 @ 0x75bec0d2c0] t: 47.599979  TARGET:-23 LUFS    M: -19.1 S: -17.5     I: -16.4 LUFS       LRA:   2.9 LU  FTPK:  -1.5 dBFS  TPK:  -1.5 dBFS
[Parsed_silencedetect_1 @ 0x75bec0d380] silence_end: 47.505479 | silence_duration: 0.996958
[Parsed_ebur128_0 @ 0x75bec0d2c0] t: 47.699979  TARGET:-23 LUFS    M: -16.2 S: -17.2     I: -16.4 LUFS       LRA:   2.9 LU  FTPK:  -2.3 dBFS  TPK:  -1.5 dBFS
[Parsed_ebur128_0 @ 0x75bec0d2c0] t: 47.799979  TARGET:-23 LUFS    M: -15.1 S: -17.0     I: -16.3 LUFS       LRA:   2.9 LU  FTPK:  -6.2 dBFS  TPK:  -1.5 dBFS
[Parsed_ebur128_0 @ 0x75bec0d2c0] t: 47.899979  TARGET:-23 LUFS    M: -14.0 S: -16.9     I: -16.3 LUFS       LRA:   2.9 LU  FTPK:  -1.5 dBFS  TPK:  -1.5 dBFS
[Parsed_ebur128_0 @ 0x75bec0d2c0] t: 47.999979  TARGET:-23 LUFS    M: -13.5 S: -16.5     I: -16.3 LUFS       LRA:   2.9 LU  FTPK:  -1.6 dBFS  TPK:  -1.5 dBFS
[Parsed_ebur128_0 @ 0x75bec0d2c0] t: 48.099979  TARGET:-23 LUFS    M: -14.0 S: -16.4     I: -16.3 LUFS       LRA:   2.9 LU  FTPK:  -2.1 dBFS  TPK:  -1.5 dBFS
[Parsed_ebur128_0 @ 0x75bec0d2c0] t: 48.199979  TARGET:-23 LUFS    M: -14.4 S: -16.6     I: -16.3 LUFS       LRA:   2.9 LU  FTPK:  -6.9 dBFS  TPK:  -1.5 dBFS
[Parsed_ebur128_0 @ 0x75bec0d2c0] t: 48.299979  TARGET:-23 LUFS    M: -15.4 S: -16.7     I: -16.3 LUFS       LRA:   2.9 LU  FTPK: -12.0 dBFS  TPK:  -1.5 dBFS
[Parsed_ebur128_0 @ 0x75bec0d2c0] t: 48.399979  TARGET:-23 LUFS    M: -17.7 S: -16.8     I: -16.3 LUFS       LRA:   2.9 LU  FTPK:  -4.5 dBFS  TPK:  -1.5 dBFS
[Parsed_ebur128_0 @ 0x75bec0d2c0] t: 48.499979  TARGET:-23 LUFS    M: -19.7 S: -17.1     I: -16.3 LUFS       LRA:   2.9 LU  FTPK:  -8.8 dBFS  TPK:  -1.5 dBFS
[Parsed_ebur128_0 @ 0x75bec0d2c0] t: 48.599979  TARGET:-23 LUFS    M: -19.7 S: -17.3     I: -16.3 LUFS       LRA:   2.9 LU  FTPK:  -3.3 dBFS  TPK:  -1.5 dBFS
[Parsed_ebur128_0 @ 0x75bec0d2c0] t: 48.699979  TARGET:-23 LUFS    M: -18.0 S: -17.5     I: -16.3 LUFS       LRA:   2.9 LU  FTPK:  -3.8 dBFS  TPK:  -1.5 dBFS
[Parsed_ebur128_0 @ 0x75bec0d2c0] t: 48.799979  TARGET:-23 LUFS    M: -18.1 S: -17.5     I: -16.3 LUFS       LRA:   2.9 LU  FTPK:  -7.6 dBFS  TPK:  -1.5 dBFS
[Parsed_ebur128_0 @ 0x75bec0d2c0] t: 48.899979  TARGET:-23 LUFS    M: -15.2 S: -17.5     I: -16.3 LUFS       LRA:   2.9 LU  FTPK:  -1.5 dBFS  TPK:  -1.5 dBFS
[Parsed_ebur128_0 @ 0x75bec0d2c0] t: 48.999979  TARGET:-23 LUFS    M: -13.6 S: -17.1     I: -16.3 LUFS       LRA:   2.9 LU  FTPK:  -2.4 dBFS  TPK:  -1.5 dBFS
[Parsed_ebur128_0 @ 0x75bec0d2c0] t: 49.099979  TARGET:-23 LUFS    M: -13.7 S: -17.0     I: -16.3 LUFS       LRA:   2.9 LU  FTPK:  -3.1 dBFS  TPK:  -1.5 dBFS
[Parsed_ebur128_0 @ 0x75bec0d2c0] t: 49.199979  TARGET:-23 LUFS    M: -13.0 S: -16.8     I: -16.3 LUFS       LRA:   2.9 LU  FTPK:  -1.5 dBFS  TPK:  -1.5 dBFS
[Parsed_ebur128_0 @ 0x75bec0d2c0] t: 49.299979  TARGET:-23 LUFS    M: -14.6 S: -17.2     I: -16.3 LUFS       LRA:   2.9 LU  FTPK:  -8.6 dBFS  TPK:  -1.5 dBFS
[Parsed_ebur128_0 @ 0x75bec0d2c0] t: 49.399979  TARGET:-23 LUFS    M: -17.2 S: -17.2     I: -16.3 LUFS       LRA:   2.9 LU  FTPK:  -8.8 dBFS  TPK:  -1.5 dBFS
[Parsed_ebur128_0 @ 0x75bec0d2c0] t: 49.499979  TARGET:-23 LUFS    M: -17.2 S: -17.1     I: -16.3 LUFS       LRA:   2.9 LU  FTPK:  -8.0 dBFS  TPK:  -1.5 dBFS
[Parsed_ebur128_0 @ 0x75bec0d2c0] t: 49.599979  TARGET:-23 LUFS    M: -19.7 S: -17.0     I: -16.3 LUFS       LRA:   2.9 LU  FTPK:  -5.7 dBFS  TPK:  -1.5 dBFS
[Parsed_ebur128_0 @ 0x75bec0d2c0] t: 49.699979  TARGET:-23 LUFS    M: -17.0 S: -16.7     I: -16.3 LUFS       LRA:   2.9 LU  FTPK:  -3.1 dBFS  TPK:  -1.5 dBFS
[Parsed_ebur128_0 @ 0x75bec0d2c0] t: 49.799979  TARGET:-23 LUFS    M: -14.6 S: -16.3     I: -16.3 LUFS       LRA:   2.9 LU  FTPK:  -3.0 dBFS  TPK:  -1.5 dBFS
[Parsed_ebur128_0 @ 0x75bec0d2c0] t: 49.899979  TARGET:-23 LUFS    M: -14.8 S: -16.2     I: -16.3 LUFS       LRA:   2.9 LU  FTPK:  -6.8 dBFS  TPK:  -1.5 dBFS
[Parsed_ebur128_0 @ 0x75bec0d2c0] t: 49.999979  TARGET:-23 LUFS    M: -15.2 S: -16.2     I: -16.3 LUFS       LRA:   2.9 LU  FTPK: -15.7 dBFS  TPK:  -1.5 dBFS
[Parsed_ebur128_0 @ 0x75bec0d2c0] t: 50.099979  TARGET:-23 LUFS    M: -17.0 S: -16.2     I: -16.3 LUFS       LRA:   2.9 LU  FTPK: -17.6 dBFS  TPK:  -1.5 dBFS
[Parsed_ebur128_0 @ 0x75bec0d2c0] t: 50.199979  TARGET:-23 LUFS    M: -25.2 S: -16.2     I: -16.3 LUFS       LRA:   2.9 LU  FTPK: -40.9 dBFS  TPK:  -1.5 dBFS
[Parsed_ebur128_0 @ 0x75bec0d2c0] t: 50.299979  TARGET:-23 LUFS    M: -33.2 S: -16.2     I: -16.3 LUFS       LRA:   2.9 LU  FTPK: -66.7 dBFS  TPK:  -1.5 dBFS
[Parsed_ebur128_0 @ 0x75bec0d2c0] t: 50.399979  TARGET:-23 LUFS    M: -39.3 S: -16.2     I: -16.3 LUFS       LRA:   2.9 LU  FTPK: -114.1 dBFS  TPK:  -1.5 dBFS
[Parsed_ebur128_0 @ 0x75bec0d2c0] t: 50.499979  TARGET:-23 LUFS    M: -62.6 S: -16.2     I: -16.3 LUFS       LRA:   2.9 LU  FTPK:  -inf dBFS  TPK:  -1.5 dBFS
[Parsed_silencedetect_1 @ 0x75bec0d380] silence_start: 50.092021
[Parsed_ebur128_0 @ 0x75bec0d2c0] t: 50.599979  TARGET:-23 LUFS    M: -85.1 S: -16.5     I: -16.3 LUFS       LRA:   2.9 LU  FTPK:  -inf dBFS  TPK:  -1.5 dBFS
[Parsed_ebur128_0 @ 0x75bec0d2c0] t: 50.699979  TARGET:-23 LUFS    M:-125.7 S: -16.8     I: -16.3 LUFS       LRA:   2.9 LU  FTPK:  -inf dBFS  TPK:  -1.5 dBFS
[Parsed_ebur128_0 @ 0x75bec0d2c0] t: 50.799979  TARGET:-23 LUFS    M:   nan S: -17.0     I: -16.3 LUFS       LRA:   2.9 LU  FTPK:  -inf dBFS  TPK:  -1.5 dBFS
[Parsed_ebur128_0 @ 0x75bec0d2c0] t: 50.899979  TARGET:-23 LUFS    M:   nan S: -17.3     I: -16.3 LUFS       LRA:   2.9 LU  FTPK:  -inf dBFS  TPK:  -1.5 dBFS
[Parsed_ebur128_0 @ 0x75bec0d2c0] t: 50.999979  TARGET:-23 LUFS    M:   nan S: -17.8     I: -16.3 LUFS       LRA:   2.9 LU  FTPK:  -inf dBFS  TPK:  -1.5 dBFS
[Parsed_ebur128_0 @ 0x75bec0d2c0] t: 51.099979  TARGET:-23 LUFS    M: -87.7 S: -18.1     I: -16.3 LUFS       LRA:   2.9 LU  FTPK: -66.8 dBFS  TPK:  -1.5 dBFS
[Parsed_ebur128_0 @ 0x75bec0d2c0] t: 51.199979  TARGET:-23 LUFS    M: -27.0 S: -18.2     I: -16.3 LUFS       LRA:   2.9 LU  FTPK:  -8.4 dBFS  TPK:  -1.5 dBFS
[Parsed_silencedetect_1 @ 0x75bec0d380] silence_end: 51.130896 | silence_duration: 1.038875
[Parsed_ebur128_0 @ 0x75bec0d2c0] t: 51.299979  TARGET:-23 LUFS    M: -18.1 S: -17.7     I: -16.3 LUFS       LRA:   2.9 LU  FTPK:  -1.5 dBFS  TPK:  -1.5 dBFS
[Parsed_ebur128_0 @ 0x75bec0d2c0] t: 51.399979  TARGET:-23 LUFS    M: -16.3 S: -17.6     I: -16.3 LUFS       LRA:   2.9 LU  FTPK:  -6.4 dBFS  TPK:  -1.5 dBFS
[Parsed_ebur128_0 @ 0x75bec0d2c0] t: 51.499979  TARGET:-23 LUFS    M: -14.6 S: -17.3     I: -16.3 LUFS       LRA:   2.9 LU  FTPK:  -1.5 dBFS  TPK:  -1.5 dBFS
[Parsed_ebur128_0 @ 0x75bec0d2c0] t: 51.599979  TARGET:-23 LUFS    M: -14.0 S: -17.2     I: -16.3 LUFS       LRA:   2.9 LU  FTPK:  -5.5 dBFS  TPK:  -1.5 dBFS
[Parsed_ebur128_0 @ 0x75bec0d2c0] t: 51.699979  TARGET:-23 LUFS    M: -15.4 S: -17.3     I: -16.3 LUFS       LRA:   2.9 LU  FTPK:  -9.0 dBFS  TPK:  -1.5 dBFS
[Parsed_ebur128_0 @ 0x75bec0d2c0] t: 51.799979  TARGET:-23 LUFS    M: -15.6 S: -17.2     I: -16.3 LUFS       LRA:   2.9 LU  FTPK:  -2.4 dBFS  TPK:  -1.5 dBFS
[Parsed_ebur128_0 @ 0x75bec0d2c0] t: 51.899979  TARGET:-23 LUFS    M: -17.3 S: -17.7     I: -16.3 LUFS       LRA:   2.9 LU  FTPK:  -5.6 dBFS  TPK:  -1.5 dBFS
[Parsed_ebur128_0 @ 0x75bec0d2c0] t: 51.999979  TARGET:-23 LUFS    M: -19.3 S: -18.3     I: -16.3 LUFS       LRA:   2.9 LU  FTPK: -17.7 dBFS  TPK:  -1.5 dBFS
[Parsed_ebur128_0 @ 0x75bec0d2c0] t: 52.099979  TARGET:-23 LUFS    M: -19.2 S: -18.4     I: -16.3 LUFS       LRA:   2.9 LU  FTPK:  -8.4 dBFS  TPK:  -1.5 dBFS
[Parsed_ebur128_0 @ 0x75bec0d2c0] t: 52.199979  TARGET:-23 LUFS    M: -20.8 S: -18.7     I: -16.3 LUFS       LRA:   2.9 LU  FTPK:  -9.5 dBFS  TPK:  -1.5 dBFS
[Parsed_ebur128_0 @ 0x75bec0d2c0] t: 52.299979  TARGET:-23 LUFS    M: -21.1 S: -18.7     I: -16.3 LUFS       LRA:   2.9 LU  FTPK:  -5.1 dBFS  TPK:  -1.5 dBFS
[Parsed_ebur128_0 @ 0x75bec0d2c0] t: 52.399979  TARGET:-23 LUFS    M: -19.7 S: -18.6     I: -16.3 LUFS       LRA:   2.9 LU  FTPK:  -4.4 dBFS  TPK:  -1.5 dBFS
[Parsed_ebur128_0 @ 0x75bec0d2c0] t: 52.499979  TARGET:-23 LUFS    M: -18.8 S: -18.6     I: -16.3 LUFS       LRA:   2.9 LU  FTPK:  -9.4 dBFS  TPK:  -1.5 dBFS
[Parsed_ebur128_0 @ 0x75bec0d2c0] t: 52.599979  TARGET:-23 LUFS    M: -19.2 S: -18.7     I: -16.3 LUFS       LRA:   2.9 LU  FTPK:  -2.1 dBFS  TPK:  -1.5 dBFS
[Parsed_ebur128_0 @ 0x75bec0d2c0] t: 52.699979  TARGET:-23 LUFS    M: -16.3 S: -18.6     I: -16.3 LUFS       LRA:   2.9 LU  FTPK:  -1.6 dBFS  TPK:  -1.5 dBFS
[Parsed_ebur128_0 @ 0x75bec0d2c0] t: 52.799979  TARGET:-23 LUFS    M: -16.8 S: -19.3     I: -16.3 LUFS       LRA:   2.9 LU  FTPK: -12.6 dBFS  TPK:  -1.5 dBFS
[Parsed_ebur128_0 @ 0x75bec0d2c0] t: 52.899979  TARGET:-23 LUFS    M: -16.6 S: -19.1     I: -16.3 LUFS       LRA:   2.9 LU  FTPK:  -1.5 dBFS  TPK:  -1.5 dBFS
[Parsed_ebur128_0 @ 0x75bec0d2c0] t: 52.999979  TARGET:-23 LUFS    M: -15.7 S: -18.8     I: -16.3 LUFS       LRA:   2.9 LU  FTPK:  -3.8 dBFS  TPK:  -1.5 dBFS
[Parsed_ebur128_0 @ 0x75bec0d2c0] t: 53.099979  TARGET:-23 LUFS    M: -15.9 S: -18.3     I: -16.3 LUFS       LRA:   2.9 LU  FTPK:  -3.9 dBFS  TPK:  -1.5 dBFS
[Parsed_ebur128_0 @ 0x75bec0d2c0] t: 53.199979  TARGET:-23 LUFS    M: -14.7 S: -18.0     I: -16.3 LUFS       LRA:   2.9 LU  FTPK:  -4.6 dBFS  TPK:  -1.5 dBFS
[Parsed_ebur128_0 @ 0x75bec0d2c0] t: 53.299979  TARGET:-23 LUFS    M: -15.0 S: -17.8     I: -16.3 LUFS       LRA:   2.9 LU  FTPK:  -8.1 dBFS  TPK:  -1.5 dBFS
[Parsed_ebur128_0 @ 0x75bec0d2c0] t: 53.399979  TARGET:-23 LUFS    M: -15.3 S: -17.7     I: -16.3 LUFS       LRA:   2.9 LU  FTPK:  -8.1 dBFS  TPK:  -1.5 dBFS
[Parsed_ebur128_0 @ 0x75bec0d2c0] t: 53.499979  TARGET:-23 LUFS    M: -15.8 S: -17.4     I: -16.3 LUFS       LRA:   2.9 LU  FTPK:  -1.8 dBFS  TPK:  -1.5 dBFS
[Parsed_ebur128_0 @ 0x75bec0d2c0] t: 53.599979  TARGET:-23 LUFS    M: -15.4 S: -17.0     I: -16.3 LUFS       LRA:   2.9 LU  FTPK:  -2.5 dBFS  TPK:  -1.5 dBFS
[Parsed_ebur128_0 @ 0x75bec0d2c0] t: 53.699979  TARGET:-23 LUFS    M: -16.0 S: -17.0     I: -16.3 LUFS       LRA:   2.9 LU  FTPK:  -7.9 dBFS  TPK:  -1.5 dBFS
[Parsed_ebur128_0 @ 0x75bec0d2c0] t: 53.799979  TARGET:-23 LUFS    M: -16.1 S: -16.9     I: -16.3 LUFS       LRA:   2.9 LU  FTPK:  -8.7 dBFS  TPK:  -1.5 dBFS
[Parsed_ebur128_0 @ 0x75bec0d2c0] t: 53.899979  TARGET:-23 LUFS    M: -17.8 S: -16.9     I: -16.3 LUFS       LRA:   2.9 LU  FTPK: -13.8 dBFS  TPK:  -1.5 dBFS
[Parsed_ebur128_0 @ 0x75bec0d2c0] t: 53.999979  TARGET:-23 LUFS    M: -23.0 S: -16.9     I: -16.3 LUFS       LRA:   2.9 LU  FTPK: -49.9 dBFS  TPK:  -1.5 dBFS
[Parsed_ebur128_0 @ 0x75bec0d2c0] t: 54.099979  TARGET:-23 LUFS    M: -23.6 S: -16.9     I: -16.3 LUFS       LRA:   2.9 LU  FTPK: -17.3 dBFS  TPK:  -1.5 dBFS
[Parsed_ebur128_0 @ 0x75bec0d2c0] t: 54.199979  TARGET:-23 LUFS    M: -18.9 S: -16.6     I: -16.3 LUFS       LRA:   2.9 LU  FTPK:  -2.5 dBFS  TPK:  -1.5 dBFS
[Parsed_ebur128_0 @ 0x75bec0d2c0] t: 54.299979  TARGET:-23 LUFS    M: -15.5 S: -16.6     I: -16.3 LUFS       LRA:   2.9 LU  FTPK:  -3.7 dBFS  TPK:  -1.5 dBFS
[Parsed_ebur128_0 @ 0x75bec0d2c0] t: 54.399979  TARGET:-23 LUFS    M: -15.1 S: -16.7     I: -16.3 LUFS       LRA:   2.9 LU  FTPK:  -6.2 dBFS  TPK:  -1.5 dBFS
[Parsed_ebur128_0 @ 0x75bec0d2c0] t: 54.499979  TARGET:-23 LUFS    M: -14.4 S: -16.8     I: -16.3 LUFS       LRA:   2.9 LU  FTPK:  -5.8 dBFS  TPK:  -1.5 dBFS
[Parsed_ebur128_0 @ 0x75bec0d2c0] t: 54.599979  TARGET:-23 LUFS    M: -15.7 S: -17.0     I: -16.3 LUFS       LRA:   2.9 LU  FTPK:  -8.1 dBFS  TPK:  -1.5 dBFS
[Parsed_ebur128_0 @ 0x75bec0d2c0] t: 54.699979  TARGET:-23 LUFS    M: -18.2 S: -17.0     I: -16.3 LUFS       LRA:   2.9 LU  FTPK:  -9.0 dBFS  TPK:  -1.5 dBFS
[Parsed_ebur128_0 @ 0x75bec0d2c0] t: 54.799979  TARGET:-23 LUFS    M: -15.8 S: -16.7     I: -16.3 LUFS       LRA:   2.9 LU  FTPK:  -2.1 dBFS  TPK:  -1.5 dBFS
[Parsed_ebur128_0 @ 0x75bec0d2c0] t: 54.899979  TARGET:-23 LUFS    M: -16.8 S: -16.8     I: -16.3 LUFS       LRA:   2.9 LU  FTPK: -10.9 dBFS  TPK:  -1.5 dBFS
[Parsed_ebur128_0 @ 0x75bec0d2c0] t: 54.999979  TARGET:-23 LUFS    M: -16.6 S: -16.7     I: -16.3 LUFS       LRA:   2.9 LU  FTPK:  -9.5 dBFS  TPK:  -1.5 dBFS
[Parsed_ebur128_0 @ 0x75bec0d2c0] t: 55.099979  TARGET:-23 LUFS    M: -16.4 S: -16.6     I: -16.3 LUFS       LRA:   2.9 LU  FTPK:  -6.4 dBFS  TPK:  -1.5 dBFS
[Parsed_ebur128_0 @ 0x75bec0d2c0] t: 55.199979  TARGET:-23 LUFS    M: -16.7 S: -16.4     I: -16.3 LUFS       LRA:   2.9 LU  FTPK:  -1.6 dBFS  TPK:  -1.5 dBFS
[Parsed_ebur128_0 @ 0x75bec0d2c0] t: 55.299979  TARGET:-23 LUFS    M: -15.4 S: -16.2     I: -16.3 LUFS       LRA:   2.9 LU  FTPK:  -1.5 dBFS  TPK:  -1.5 dBFS
[Parsed_ebur128_0 @ 0x75bec0d2c0] t: 55.399979  TARGET:-23 LUFS    M: -14.7 S: -16.1     I: -16.3 LUFS       LRA:   2.9 LU  FTPK:  -3.6 dBFS  TPK:  -1.5 dBFS
[Parsed_ebur128_0 @ 0x75bec0d2c0] t: 55.499979  TARGET:-23 LUFS    M: -14.8 S: -16.1     I: -16.3 LUFS       LRA:   2.9 LU  FTPK:  -6.0 dBFS  TPK:  -1.5 dBFS
[Parsed_ebur128_0 @ 0x75bec0d2c0] t: 55.599979  TARGET:-23 LUFS    M: -16.6 S: -16.1     I: -16.3 LUFS       LRA:   2.9 LU  FTPK: -10.4 dBFS  TPK:  -1.5 dBFS
[Parsed_ebur128_0 @ 0x75bec0d2c0] t: 55.699979  TARGET:-23 LUFS    M: -17.7 S: -16.4     I: -16.3 LUFS       LRA:   2.9 LU  FTPK:  -8.0 dBFS  TPK:  -1.5 dBFS
[Parsed_ebur128_0 @ 0x75bec0d2c0] t: 55.799979  TARGET:-23 LUFS    M: -17.4 S: -16.2     I: -16.3 LUFS       LRA:   2.9 LU  FTPK:  -5.8 dBFS  TPK:  -1.5 dBFS
[Parsed_ebur128_0 @ 0x75bec0d2c0] t: 55.899979  TARGET:-23 LUFS    M: -17.2 S: -16.2     I: -16.3 LUFS       LRA:   2.9 LU  FTPK:  -4.8 dBFS  TPK:  -1.5 dBFS
[Parsed_ebur128_0 @ 0x75bec0d2c0] t: 55.999979  TARGET:-23 LUFS    M: -17.5 S: -16.4     I: -16.3 LUFS       LRA:   2.9 LU  FTPK: -11.3 dBFS  TPK:  -1.5 dBFS
[Parsed_ebur128_0 @ 0x75bec0d2c0] t: 56.099979  TARGET:-23 LUFS    M: -15.8 S: -16.4     I: -16.3 LUFS       LRA:   2.9 LU  FTPK:  -1.6 dBFS  TPK:  -1.5 dBFS
[Parsed_ebur128_0 @ 0x75bec0d2c0] t: 56.199979  TARGET:-23 LUFS    M: -17.2 S: -16.6     I: -16.3 LUFS       LRA:   2.9 LU  FTPK:  -5.4 dBFS  TPK:  -1.5 dBFS
[Parsed_ebur128_0 @ 0x75bec0d2c0] t: 56.299979  TARGET:-23 LUFS    M: -18.1 S: -16.6     I: -16.3 LUFS       LRA:   2.9 LU  FTPK:  -9.9 dBFS  TPK:  -1.5 dBFS
[Parsed_ebur128_0 @ 0x75bec0d2c0] t: 56.399979  TARGET:-23 LUFS    M: -18.2 S: -16.7     I: -16.3 LUFS       LRA:   2.9 LU  FTPK: -17.2 dBFS  TPK:  -1.5 dBFS
[Parsed_ebur128_0 @ 0x75bec0d2c0] t: 56.499979  TARGET:-23 LUFS    M: -23.8 S: -17.0     I: -16.3 LUFS       LRA:   2.9 LU  FTPK: -41.5 dBFS  TPK:  -1.5 dBFS
[Parsed_ebur128_0 @ 0x75bec0d2c0] t: 56.599979  TARGET:-23 LUFS    M: -27.9 S: -17.3     I: -16.3 LUFS       LRA:   2.9 LU  FTPK: -99.1 dBFS  TPK:  -1.5 dBFS
[Parsed_ebur128_0 @ 0x75bec0d2c0] t: 56.699979  TARGET:-23 LUFS    M: -38.3 S: -17.4     I: -16.3 LUFS       LRA:   2.9 LU  FTPK:  -inf dBFS  TPK:  -1.5 dBFS
[Parsed_ebur128_0 @ 0x75bec0d2c0] t: 56.799979  TARGET:-23 LUFS    M: -63.1 S: -17.5     I: -16.3 LUFS       LRA:   2.9 LU  FTPK:  -inf dBFS  TPK:  -1.5 dBFS
[Parsed_silencedetect_1 @ 0x75bec0d380] silence_start: 56.392063
[Parsed_ebur128_0 @ 0x75bec0d2c0] t: 56.899979  TARGET:-23 LUFS    M:-119.8 S: -17.5     I: -16.3 LUFS       LRA:   2.9 LU  FTPK:  -inf dBFS  TPK:  -1.5 dBFS
[Parsed_ebur128_0 @ 0x75bec0d2c0] t: 56.999979  TARGET:-23 LUFS    M:   nan S: -17.5     I: -16.3 LUFS       LRA:   2.9 LU  FTPK:  -inf dBFS  TPK:  -1.5 dBFS
[Parsed_ebur128_0 @ 0x75bec0d2c0] t: 57.099979  TARGET:-23 LUFS    M: -88.6 S: -17.5     I: -16.3 LUFS       LRA:   2.9 LU  FTPK: -62.8 dBFS  TPK:  -1.5 dBFS
[Parsed_ebur128_0 @ 0x75bec0d2c0] t: 57.199979  TARGET:-23 LUFS    M: -76.1 S: -17.9     I: -16.3 LUFS       LRA:   2.9 LU  FTPK: -49.0 dBFS  TPK:  -1.5 dBFS
[Parsed_ebur128_0 @ 0x75bec0d2c0] t: 57.299979  TARGET:-23 LUFS    M: -71.6 S: -18.5     I: -16.3 LUFS       LRA:   2.9 LU  FTPK: -50.4 dBFS  TPK:  -1.5 dBFS
[Parsed_ebur128_0 @ 0x75bec0d2c0] t: 57.399979  TARGET:-23 LUFS    M: -20.3 S: -18.3     I: -16.4 LUFS       LRA:   2.9 LU  FTPK:  -1.5 dBFS  TPK:  -1.5 dBFS
[Parsed_silencedetect_1 @ 0x75bec0d380] silence_end: 57.3395 | silence_duration: 0.947437
[Parsed_ebur128_0 @ 0x75bec0d2c0] t: 57.499979  TARGET:-23 LUFS    M: -17.6 S: -18.2     I: -16.4 LUFS       LRA:   2.9 LU  FTPK:  -3.1 dBFS  TPK:  -1.5 dBFS
[Parsed_ebur128_0 @ 0x75bec0d2c0] t: 57.599979  TARGET:-23 LUFS    M: -17.3 S: -18.2     I: -16.4 LUFS       LRA:   2.9 LU  FTPK:  -9.3 dBFS  TPK:  -1.5 dBFS
[Parsed_ebur128_0 @ 0x75bec0d2c0] t: 57.699979  TARGET:-23 LUFS    M: -13.7 S: -17.5     I: -16.3 LUFS       LRA:   2.9 LU  FTPK:  -1.5 dBFS  TPK:  -1.5 dBFS
[Parsed_ebur128_0 @ 0x75bec0d2c0] t: 57.799979  TARGET:-23 LUFS    M: -14.0 S: -17.8     I: -16.3 LUFS       LRA:   2.9 LU  FTPK:  -6.1 dBFS  TPK:  -1.5 dBFS
[Parsed_ebur128_0 @ 0x75bec0d2c0] t: 57.899979  TARGET:-23 LUFS    M: -13.8 S: -17.5     I: -16.3 LUFS       LRA:   2.9 LU  FTPK:  -4.1 dBFS  TPK:  -1.5 dBFS
[Parsed_ebur128_0 @ 0x75bec0d2c0] t: 57.999979  TARGET:-23 LUFS    M: -13.2 S: -17.3     I: -16.3 LUFS       LRA:   2.9 LU  FTPK:  -5.1 dBFS  TPK:  -1.5 dBFS
[Parsed_ebur128_0 @ 0x75bec0d2c0] t: 58.099979  TARGET:-23 LUFS    M: -15.6 S: -17.4     I: -16.3 LUFS       LRA:   2.9 LU  FTPK:  -8.6 dBFS  TPK:  -1.5 dBFS
[Parsed_ebur128_0 @ 0x75bec0d2c0] t: 58.199979  TARGET:-23 LUFS    M: -16.7 S: -17.8     I: -16.3 LUFS       LRA:   2.9 LU  FTPK: -12.3 dBFS  TPK:  -1.5 dBFS
[Parsed_ebur128_0 @ 0x75bec0d2c0] t: 58.299979  TARGET:-23 LUFS    M: -18.4 S: -17.9     I: -16.3 LUFS       LRA:   2.9 LU  FTPK:  -8.1 dBFS  TPK:  -1.5 dBFS
[Parsed_ebur128_0 @ 0x75bec0d2c0] t: 58.399979  TARGET:-23 LUFS    M: -20.8 S: -18.2     I: -16.3 LUFS       LRA:   2.9 LU  FTPK: -10.7 dBFS  TPK:  -1.5 dBFS
[Parsed_ebur128_0 @ 0x75bec0d2c0] t: 58.499979  TARGET:-23 LUFS    M: -23.2 S: -18.4     I: -16.3 LUFS       LRA:   2.9 LU  FTPK: -43.3 dBFS  TPK:  -1.5 dBFS
[Parsed_ebur128_0 @ 0x75bec0d2c0] t: 58.599979  TARGET:-23 LUFS    M: -23.2 S: -18.4     I: -16.3 LUFS       LRA:   2.9 LU  FTPK:  -8.9 dBFS  TPK:  -1.5 dBFS
[Parsed_ebur128_0 @ 0x75bec0d2c0] t: 58.699979  TARGET:-23 LUFS    M: -16.3 S: -17.7     I: -16.3 LUFS       LRA:   2.9 LU  FTPK:  -1.5 dBFS  TPK:  -1.5 dBFS
[Parsed_ebur128_0 @ 0x75bec0d2c0] t: 58.799979  TARGET:-23 LUFS    M: -14.8 S: -17.7     I: -16.3 LUFS       LRA:   2.9 LU  FTPK:  -2.6 dBFS  TPK:  -1.5 dBFS
[Parsed_ebur128_0 @ 0x75bec0d2c0] t: 58.899979  TARGET:-23 LUFS    M: -14.3 S: -17.7     I: -16.3 LUFS       LRA:   2.9 LU  FTPK:  -3.8 dBFS  TPK:  -1.5 dBFS
[Parsed_ebur128_0 @ 0x75bec0d2c0] t: 58.999979  TARGET:-23 LUFS    M: -13.5 S: -17.4     I: -16.3 LUFS       LRA:   2.9 LU  FTPK:  -1.5 dBFS  TPK:  -1.5 dBFS
[Parsed_ebur128_0 @ 0x75bec0d2c0] t: 59.099979  TARGET:-23 LUFS    M: -13.5 S: -17.1     I: -16.3 LUFS       LRA:   2.9 LU  FTPK:  -2.7 dBFS  TPK:  -1.5 dBFS
[Parsed_ebur128_0 @ 0x75bec0d2c0] t: 59.199979  TARGET:-23 LUFS    M: -14.0 S: -17.0     I: -16.3 LUFS       LRA:   2.9 LU  FTPK:  -3.1 dBFS  TPK:  -1.5 dBFS
[Parsed_ebur128_0 @ 0x75bec0d2c0] t: 59.299979  TARGET:-23 LUFS    M: -14.2 S: -17.0     I: -16.3 LUFS       LRA:   2.9 LU  FTPK:  -8.4 dBFS  TPK:  -1.5 dBFS
[Parsed_ebur128_0 @ 0x75bec0d2c0] t: 59.399979  TARGET:-23 LUFS    M: -13.2 S: -16.5     I: -16.3 LUFS       LRA:   2.8 LU  FTPK:  -1.9 dBFS  TPK:  -1.5 dBFS
[Parsed_ebur128_0 @ 0x75bec0d2c0] t: 59.499979  TARGET:-23 LUFS    M: -14.6 S: -16.3     I: -16.3 LUFS       LRA:   2.8 LU  FTPK:  -5.5 dBFS  TPK:  -1.5 dBFS
[Parsed_ebur128_0 @ 0x75bec0d2c0] t: 59.599979  TARGET:-23 LUFS    M: -14.9 S: -16.2     I: -16.3 LUFS       LRA:   2.8 LU  FTPK:  -6.5 dBFS  TPK:  -1.5 dBFS
[Parsed_ebur128_0 @ 0x75bec0d2c0] t: 59.699979  TARGET:-23 LUFS    M: -14.4 S: -16.1     I: -16.3 LUFS       LRA:   2.8 LU  FTPK:  -3.2 dBFS  TPK:  -1.5 dBFS
[Parsed_ebur128_0 @ 0x75bec0d2c0] t: 59.799979  TARGET:-23 LUFS    M: -17.0 S: -16.0     I: -16.3 LUFS       LRA:   2.8 LU  FTPK:  -4.8 dBFS  TPK:  -1.5 dBFS
[Parsed_ebur128_0 @ 0x75bec0d2c0] t: 59.899979  TARGET:-23 LUFS    M: -17.8 S: -15.9     I: -16.3 LUFS       LRA:   2.9 LU  FTPK:  -5.5 dBFS  TPK:  -1.5 dBFS
[Parsed_ebur128_0 @ 0x75bec0d2c0] t: 59.999979  TARGET:-23 LUFS    M: -16.6 S: -15.7     I: -16.3 LUFS       LRA:   2.9 LU  FTPK:  -3.2 dBFS  TPK:  -1.5 dBFS
[Parsed_ebur128_0 @ 0x75bec0d2c0] t: 60.099979  TARGET:-23 LUFS    M: -17.6 S: -15.7     I: -16.3 LUFS       LRA:   2.9 LU  FTPK:  -4.7 dBFS  TPK:  -1.5 dBFS
[Parsed_ebur128_0 @ 0x75bec0d2c0] t: 60.199979  TARGET:-23 LUFS    M: -15.7 S: -15.4     I: -16.3 LUFS       LRA:   2.9 LU  FTPK:  -3.2 dBFS  TPK:  -1.5 dBFS
[Parsed_ebur128_0 @ 0x75bec0d2c0] t: 60.299979  TARGET:-23 LUFS    M: -15.7 S: -15.3     I: -16.3 LUFS       LRA:   2.9 LU  FTPK:  -7.4 dBFS  TPK:  -1.5 dBFS
[Parsed_ebur128_0 @ 0x75bec0d2c0] t: 60.399979  TARGET:-23 LUFS    M: -15.7 S: -15.4     I: -16.3 LUFS       LRA:   2.9 LU  FTPK:  -3.2 dBFS  TPK:  -1.5 dBFS
[Parsed_ebur128_0 @ 0x75bec0d2c0] t: 60.499979  TARGET:-23 LUFS    M: -14.8 S: -15.3     I: -16.3 LUFS       LRA:   2.9 LU  FTPK:  -4.6 dBFS  TPK:  -1.5 dBFS
[Parsed_ebur128_0 @ 0x75bec0d2c0] t: 60.599979  TARGET:-23 LUFS    M: -15.1 S: -15.2     I: -16.3 LUFS       LRA:   2.9 LU  FTPK:  -4.4 dBFS  TPK:  -1.5 dBFS
[Parsed_ebur128_0 @ 0x75bec0d2c0] t: 60.699979  TARGET:-23 LUFS    M: -15.2 S: -15.6     I: -16.3 LUFS       LRA:   2.9 LU  FTPK:  -7.4 dBFS  TPK:  -1.5 dBFS
[Parsed_ebur128_0 @ 0x75bec0d2c0] t: 60.799979  TARGET:-23 LUFS    M: -15.6 S: -15.6     I: -16.3 LUFS       LRA:   2.9 LU  FTPK:  -8.4 dBFS  TPK:  -1.5 dBFS
[Parsed_ebur128_0 @ 0x75bec0d2c0] t: 60.899979  TARGET:-23 LUFS    M: -16.6 S: -15.8     I: -16.3 LUFS       LRA:   2.9 LU  FTPK:  -7.7 dBFS  TPK:  -1.5 dBFS
[Parsed_ebur128_0 @ 0x75bec0d2c0] t: 60.999979  TARGET:-23 LUFS    M: -17.3 S: -15.8     I: -16.3 LUFS       LRA:   2.9 LU  FTPK:  -3.7 dBFS  TPK:  -1.5 dBFS
[Parsed_ebur128_0 @ 0x75bec0d2c0] t: 61.099979  TARGET:-23 LUFS    M: -17.3 S: -15.8     I: -16.3 LUFS       LRA:   3.0 LU  FTPK:  -4.1 dBFS  TPK:  -1.5 dBFS
[Parsed_ebur128_0 @ 0x75bec0d2c0] t: 61.199979  TARGET:-23 LUFS    M: -15.9 S: -15.5     I: -16.3 LUFS       LRA:   3.0 LU  FTPK:  -1.5 dBFS  TPK:  -1.5 dBFS
[Parsed_ebur128_0 @ 0x75bec0d2c0] t: 61.299979  TARGET:-23 LUFS    M: -15.0 S: -15.4     I: -16.3 LUFS       LRA:   3.0 LU  FTPK:  -3.0 dBFS  TPK:  -1.5 dBFS
[Parsed_ebur128_0 @ 0x75bec0d2c0] t: 61.399979  TARGET:-23 LUFS    M: -14.7 S: -15.3     I: -16.3 LUFS       LRA:   3.0 LU  FTPK:  -1.7 dBFS  TPK:  -1.5 dBFS
[Parsed_ebur128_0 @ 0x75bec0d2c0] t: 61.499979  TARGET:-23 LUFS    M: -14.4 S: -15.1     I: -16.3 LUFS       LRA:   3.0 LU  FTPK:  -6.7 dBFS  TPK:  -1.5 dBFS
[Parsed_ebur128_0 @ 0x75bec0d2c0] t: 61.599979  TARGET:-23 LUFS    M: -14.8 S: -15.0     I: -16.3 LUFS       LRA:   3.0 LU  FTPK:  -3.5 dBFS  TPK:  -1.5 dBFS
[Parsed_ebur128_0 @ 0x75bec0d2c0] t: 61.699979  TARGET:-23 LUFS    M: -15.3 S: -15.3     I: -16.3 LUFS       LRA:   3.0 LU  FTPK:  -4.1 dBFS  TPK:  -1.5 dBFS
[Parsed_ebur128_0 @ 0x75bec0d2c0] t: 61.799979  TARGET:-23 LUFS    M: -16.1 S: -15.4     I: -16.3 LUFS       LRA:   3.0 LU  FTPK:  -4.8 dBFS  TPK:  -1.5 dBFS
[Parsed_ebur128_0 @ 0x75bec0d2c0] t: 61.899979  TARGET:-23 LUFS    M: -15.4 S: -15.3     I: -16.3 LUFS       LRA:   3.1 LU  FTPK:  -3.8 dBFS  TPK:  -1.5 dBFS
[Parsed_ebur128_0 @ 0x75bec0d2c0] t: 61.999979  TARGET:-23 LUFS    M: -15.8 S: -15.3     I: -16.3 LUFS       LRA:   3.1 LU  FTPK:  -4.1 dBFS  TPK:  -1.5 dBFS
[Parsed_ebur128_0 @ 0x75bec0d2c0] t: 62.099979  TARGET:-23 LUFS    M: -16.2 S: -15.7     I: -16.3 LUFS       LRA:   3.1 LU  FTPK:  -4.4 dBFS  TPK:  -1.5 dBFS
[Parsed_ebur128_0 @ 0x75bec0d2c0] t: 62.199979  TARGET:-23 LUFS    M: -15.2 S: -15.6     I: -16.3 LUFS       LRA:   3.1 LU  FTPK:  -3.7 dBFS  TPK:  -1.5 dBFS
[Parsed_ebur128_0 @ 0x75bec0d2c0] t: 62.299979  TARGET:-23 LUFS    M: -16.4 S: -15.6     I: -16.3 LUFS       LRA:   3.1 LU  FTPK:  -6.6 dBFS  TPK:  -1.5 dBFS
[Parsed_ebur128_0 @ 0x75bec0d2c0] t: 62.399979  TARGET:-23 LUFS    M: -17.6 S: -16.0     I: -16.3 LUFS       LRA:   3.1 LU  FTPK: -10.8 dBFS  TPK:  -1.5 dBFS
[Parsed_ebur128_0 @ 0x75bec0d2c0] t: 62.499979  TARGET:-23 LUFS    M: -17.0 S: -16.0     I: -16.3 LUFS       LRA:   3.1 LU  FTPK:  -6.6 dBFS  TPK:  -1.5 dBFS
[Parsed_ebur128_0 @ 0x75bec0d2c0] t: 62.599979  TARGET:-23 LUFS    M: -18.3 S: -16.0     I: -16.3 LUFS       LRA:   3.1 LU  FTPK:  -4.8 dBFS  TPK:  -1.5 dBFS
[Parsed_ebur128_0 @ 0x75bec0d2c0] t: 62.699979  TARGET:-23 LUFS    M: -17.1 S: -16.0     I: -16.3 LUFS       LRA:   3.1 LU  FTPK:  -4.2 dBFS  TPK:  -1.5 dBFS
[Parsed_ebur128_0 @ 0x75bec0d2c0] t: 62.799979  TARGET:-23 LUFS    M: -16.0 S: -15.9     I: -16.3 LUFS       LRA:   3.1 LU  FTPK:  -4.9 dBFS  TPK:  -1.5 dBFS
[Parsed_ebur128_0 @ 0x75bec0d2c0] t: 62.899979  TARGET:-23 LUFS    M: -16.6 S: -15.9     I: -16.3 LUFS       LRA:   3.1 LU  FTPK:  -8.6 dBFS  TPK:  -1.5 dBFS
[Parsed_ebur128_0 @ 0x75bec0d2c0] t: 62.999979  TARGET:-23 LUFS    M: -15.5 S: -15.9     I: -16.3 LUFS       LRA:   3.1 LU  FTPK:  -4.4 dBFS  TPK:  -1.5 dBFS
[Parsed_ebur128_0 @ 0x75bec0d2c0] t: 63.099979  TARGET:-23 LUFS    M: -15.5 S: -15.7     I: -16.3 LUFS       LRA:   3.1 LU  FTPK:  -3.6 dBFS  TPK:  -1.5 dBFS
[Parsed_ebur128_0 @ 0x75bec0d2c0] t: 63.199979  TARGET:-23 LUFS    M: -16.2 S: -15.9     I: -16.3 LUFS       LRA:   3.1 LU  FTPK:  -4.3 dBFS  TPK:  -1.5 dBFS
[Parsed_ebur128_0 @ 0x75bec0d2c0] t: 63.299979  TARGET:-23 LUFS    M: -16.2 S: -16.0     I: -16.3 LUFS       LRA:   3.1 LU  FTPK:  -7.4 dBFS  TPK:  -1.5 dBFS
[Parsed_ebur128_0 @ 0x75bec0d2c0] t: 63.399979  TARGET:-23 LUFS    M: -17.9 S: -16.1     I: -16.3 LUFS       LRA:   3.1 LU  FTPK:  -9.8 dBFS  TPK:  -1.5 dBFS
[Parsed_ebur128_0 @ 0x75bec0d2c0] t: 63.499979  TARGET:-23 LUFS    M: -19.2 S: -16.2     I: -16.3 LUFS       LRA:   3.1 LU  FTPK:  -7.7 dBFS  TPK:  -1.5 dBFS
[Parsed_ebur128_0 @ 0x75bec0d2c0] t: 63.599979  TARGET:-23 LUFS    M: -18.2 S: -16.3     I: -16.3 LUFS       LRA:   3.1 LU  FTPK:  -4.6 dBFS  TPK:  -1.5 dBFS
[Parsed_ebur128_0 @ 0x75bec0d2c0] t: 63.699979  TARGET:-23 LUFS    M: -18.8 S: -16.4     I: -16.3 LUFS       LRA:   3.1 LU  FTPK:  -9.6 dBFS  TPK:  -1.5 dBFS
[Parsed_ebur128_0 @ 0x75bec0d2c0] t: 63.799979  TARGET:-23 LUFS    M: -19.3 S: -16.5     I: -16.3 LUFS       LRA:   3.1 LU  FTPK: -10.1 dBFS  TPK:  -1.5 dBFS
[Parsed_ebur128_0 @ 0x75bec0d2c0] t: 63.899979  TARGET:-23 LUFS    M: -21.1 S: -16.6     I: -16.3 LUFS       LRA:   3.1 LU  FTPK: -20.4 dBFS  TPK:  -1.5 dBFS
[Parsed_ebur128_0 @ 0x75bec0d2c0] t: 63.999979  TARGET:-23 LUFS    M: -23.1 S: -16.6     I: -16.3 LUFS       LRA:   3.1 LU  FTPK:  -9.6 dBFS  TPK:  -1.5 dBFS
[Parsed_ebur128_0 @ 0x75bec0d2c0] t: 64.099979  TARGET:-23 LUFS    M: -24.0 S: -16.8     I: -16.3 LUFS       LRA:   3.1 LU  FTPK: -28.3 dBFS  TPK:  -1.5 dBFS
[Parsed_ebur128_0 @ 0x75bec0d2c0] t: 64.199979  TARGET:-23 LUFS    M: -25.0 S: -17.1     I: -16.3 LUFS       LRA:   3.1 LU  FTPK: -66.8 dBFS  TPK:  -1.5 dBFS
[Parsed_ebur128_0 @ 0x75bec0d2c0] t: 64.299979  TARGET:-23 LUFS    M: -25.2 S: -17.4     I: -16.3 LUFS       LRA:   3.1 LU  FTPK: -108.4 dBFS  TPK:  -1.5 dBFS
[Parsed_ebur128_0 @ 0x75bec0d2c0] t: 64.399979  TARGET:-23 LUFS    M: -53.1 S: -17.7     I: -16.3 LUFS       LRA:   3.0 LU  FTPK:  -inf dBFS  TPK:  -1.5 dBFS
[Parsed_ebur128_0 @ 0x75bec0d2c0] t: 64.499979  TARGET:-23 LUFS    M: -87.3 S: -17.9     I: -16.3 LUFS       LRA:   3.0 LU  FTPK:  -inf dBFS  TPK:  -1.5 dBFS
[Parsed_silencedetect_1 @ 0x75bec0d380] silence_start: 64.015229
[Parsed_ebur128_0 @ 0x75bec0d2c0] t: 64.599979  TARGET:-23 LUFS    M:-133.4 S: -18.2     I: -16.3 LUFS       LRA:   3.0 LU  FTPK:  -inf dBFS  TPK:  -1.5 dBFS
[Parsed_ebur128_0 @ 0x75bec0d2c0] t: 64.699979  TARGET:-23 LUFS    M:   nan S: -18.5     I: -16.3 LUFS       LRA:   3.0 LU  FTPK:  -inf dBFS  TPK:  -1.5 dBFS
[Parsed_ebur128_0 @ 0x75bec0d2c0] t: 64.799979  TARGET:-23 LUFS    M:   nan S: -18.6     I: -16.3 LUFS       LRA:   3.0 LU  FTPK:  -inf dBFS  TPK:  -1.5 dBFS
[Parsed_ebur128_0 @ 0x75bec0d2c0] t: 64.899979  TARGET:-23 LUFS    M:   nan S: -19.1     I: -16.3 LUFS       LRA:   3.1 LU  FTPK: -148.8 dBFS  TPK:  -1.5 dBFS
[Parsed_ebur128_0 @ 0x75bec0d2c0] t: 64.999979  TARGET:-23 LUFS    M: -74.0 S: -19.4     I: -16.3 LUFS       LRA:   3.1 LU  FTPK: -52.4 dBFS  TPK:  -1.5 dBFS
[Parsed_ebur128_0 @ 0x75bec0d2c0] t: 65.099979  TARGET:-23 LUFS    M: -18.3 S: -18.8     I: -16.3 LUFS       LRA:   3.1 LU  FTPK:  -1.5 dBFS  TPK:  -1.5 dBFS
[Parsed_silencedetect_1 @ 0x75bec0d380] silence_end: 65.017042 | silence_duration: 1.001812
[Parsed_ebur128_0 @ 0x75bec0d2c0] t: 65.199979  TARGET:-23 LUFS    M: -16.3 S: -18.8     I: -16.3 LUFS       LRA:   3.1 LU  FTPK:  -4.4 dBFS  TPK:  -1.5 dBFS
[Parsed_ebur128_0 @ 0x75bec0d2c0] t: 65.299979  TARGET:-23 LUFS    M: -15.7 S: -18.9     I: -16.3 LUFS       LRA:   3.1 LU  FTPK:  -4.9 dBFS  TPK:  -1.5 dBFS
[Parsed_ebur128_0 @ 0x75bec0d2c0] t: 65.399979  TARGET:-23 LUFS    M: -14.0 S: -18.4     I: -16.3 LUFS       LRA:   3.1 LU  FTPK:  -3.7 dBFS  TPK:  -1.5 dBFS
[Parsed_ebur128_0 @ 0x75bec0d2c0] t: 65.499979  TARGET:-23 LUFS    M: -14.3 S: -18.1     I: -16.3 LUFS       LRA:   3.1 LU  FTPK:  -3.2 dBFS  TPK:  -1.5 dBFS
[Parsed_ebur128_0 @ 0x75bec0d2c0] t: 65.599979  TARGET:-23 LUFS    M: -14.9 S: -18.1     I: -16.3 LUFS       LRA:   3.1 LU  FTPK:  -6.6 dBFS  TPK:  -1.5 dBFS
[Parsed_ebur128_0 @ 0x75bec0d2c0] t: 65.699979  TARGET:-23 LUFS    M: -14.8 S: -18.3     I: -16.3 LUFS       LRA:   3.1 LU  FTPK:  -8.1 dBFS  TPK:  -1.5 dBFS
[Parsed_ebur128_0 @ 0x75bec0d2c0] t: 65.799979  TARGET:-23 LUFS    M: -16.6 S: -18.5     I: -16.3 LUFS       LRA:   3.1 LU  FTPK: -12.4 dBFS  TPK:  -1.5 dBFS
[Parsed_ebur128_0 @ 0x75bec0d2c0] t: 65.899979  TARGET:-23 LUFS    M: -19.5 S: -18.6     I: -16.3 LUFS       LRA:   3.1 LU  FTPK:  -8.9 dBFS  TPK:  -1.5 dBFS
[Parsed_ebur128_0 @ 0x75bec0d2c0] t: 65.999979  TARGET:-23 LUFS    M: -21.3 S: -19.0     I: -16.3 LUFS       LRA:   3.1 LU  FTPK: -18.1 dBFS  TPK:  -1.5 dBFS
[Parsed_ebur128_0 @ 0x75bec0d2c0] t: 66.099979  TARGET:-23 LUFS    M: -25.3 S: -19.4     I: -16.3 LUFS       LRA:   3.1 LU  FTPK: -52.8 dBFS  TPK:  -1.5 dBFS
[Parsed_ebur128_0 @ 0x75bec0d2c0] t: 66.199979  TARGET:-23 LUFS    M: -21.2 S: -19.3     I: -16.3 LUFS       LRA:   3.1 LU  FTPK:  -4.4 dBFS  TPK:  -1.5 dBFS
[Parsed_ebur128_0 @ 0x75bec0d2c0] t: 66.299979  TARGET:-23 LUFS    M: -16.7 S: -18.7     I: -16.3 LUFS       LRA:   3.1 LU  FTPK:  -1.5 dBFS  TPK:  -1.5 dBFS
[Parsed_ebur128_0 @ 0x75bec0d2c0] t: 66.399979  TARGET:-23 LUFS    M: -15.6 S: -18.5     I: -16.3 LUFS       LRA:   3.1 LU  FTPK:  -4.7 dBFS  TPK:  -1.5 dBFS
[Parsed_ebur128_0 @ 0x75bec0d2c0] t: 66.499979  TARGET:-23 LUFS    M: -14.7 S: -18.4     I: -16.3 LUFS       LRA:   3.1 LU  FTPK:  -1.5 dBFS  TPK:  -1.5 dBFS
[Parsed_ebur128_0 @ 0x75bec0d2c0] t: 66.599979  TARGET:-23 LUFS    M: -14.8 S: -18.4     I: -16.3 LUFS       LRA:   3.1 LU  FTPK:  -3.8 dBFS  TPK:  -1.5 dBFS
[Parsed_ebur128_0 @ 0x75bec0d2c0] t: 66.699979  TARGET:-23 LUFS    M: -16.7 S: -18.3     I: -16.3 LUFS       LRA:   3.1 LU  FTPK:  -4.9 dBFS  TPK:  -1.5 dBFS
[Parsed_ebur128_0 @ 0x75bec0d2c0] t: 66.799979  TARGET:-23 LUFS    M: -16.6 S: -18.1     I: -16.3 LUFS       LRA:   3.1 LU  FTPK:  -3.5 dBFS  TPK:  -1.5 dBFS
[Parsed_ebur128_0 @ 0x75bec0d2c0] t: 66.899979  TARGET:-23 LUFS    M: -17.4 S: -18.0     I: -16.3 LUFS       LRA:   3.1 LU  FTPK:  -8.8 dBFS  TPK:  -1.5 dBFS
[Parsed_ebur128_0 @ 0x75bec0d2c0] t: 66.999979  TARGET:-23 LUFS    M: -16.9 S: -17.9     I: -16.3 LUFS       LRA:   3.1 LU  FTPK:  -3.2 dBFS  TPK:  -1.5 dBFS
[Parsed_ebur128_0 @ 0x75bec0d2c0] t: 67.099979  TARGET:-23 LUFS    M: -15.5 S: -17.5     I: -16.3 LUFS       LRA:   3.1 LU  FTPK:  -4.4 dBFS  TPK:  -1.5 dBFS
[Parsed_ebur128_0 @ 0x75bec0d2c0] t: 67.199979  TARGET:-23 LUFS    M: -16.6 S: -17.5     I: -16.3 LUFS       LRA:   3.1 LU  FTPK:  -8.4 dBFS  TPK:  -1.5 dBFS
[Parsed_ebur128_0 @ 0x75bec0d2c0] t: 67.299979  TARGET:-23 LUFS    M: -14.8 S: -17.0     I: -16.3 LUFS       LRA:   3.1 LU  FTPK:  -1.5 dBFS  TPK:  -1.5 dBFS
[Parsed_ebur128_0 @ 0x75bec0d2c0] t: 67.399979  TARGET:-23 LUFS    M: -14.7 S: -16.8     I: -16.3 LUFS       LRA:   3.1 LU  FTPK:  -5.0 dBFS  TPK:  -1.5 dBFS
[Parsed_ebur128_0 @ 0x75bec0d2c0] t: 67.499979  TARGET:-23 LUFS    M: -15.1 S: -16.6     I: -16.3 LUFS       LRA:   3.1 LU  FTPK:  -5.5 dBFS  TPK:  -1.5 dBFS
[Parsed_ebur128_0 @ 0x75bec0d2c0] t: 67.599979  TARGET:-23 LUFS    M: -13.7 S: -16.3     I: -16.3 LUFS       LRA:   3.1 LU  FTPK:  -3.1 dBFS  TPK:  -1.5 dBFS
[Parsed_ebur128_0 @ 0x75bec0d2c0] t: 67.699979  TARGET:-23 LUFS    M: -14.7 S: -16.1     I: -16.3 LUFS       LRA:   3.1 LU  FTPK:  -6.1 dBFS  TPK:  -1.5 dBFS
[Parsed_ebur128_0 @ 0x75bec0d2c0] t: 67.799979  TARGET:-23 LUFS    M: -14.6 S: -15.9     I: -16.3 LUFS       LRA:   3.1 LU  FTPK:  -4.1 dBFS  TPK:  -1.5 dBFS
[Parsed_ebur128_0 @ 0x75bec0d2c0] t: 67.899979  TARGET:-23 LUFS    M: -15.4 S: -15.9     I: -16.3 LUFS       LRA:   3.1 LU  FTPK:  -8.3 dBFS  TPK:  -1.5 dBFS
[Parsed_ebur128_0 @ 0x75bec0d2c0] t: 67.999979  TARGET:-23 LUFS    M: -16.7 S: -15.8     I: -16.3 LUFS       LRA:   3.1 LU  FTPK:  -6.6 dBFS  TPK:  -1.5 dBFS
[Parsed_ebur128_0 @ 0x75bec0d2c0] t: 68.099979  TARGET:-23 LUFS    M: -16.4 S: -15.9     I: -16.3 LUFS       LRA:   3.1 LU  FTPK:  -6.4 dBFS  TPK:  -1.5 dBFS
[Parsed_ebur128_0 @ 0x75bec0d2c0] t: 68.199979  TARGET:-23 LUFS    M: -18.2 S: -16.1     I: -16.3 LUFS       LRA:   3.1 LU  FTPK: -10.5 dBFS  TPK:  -1.5 dBFS
[Parsed_ebur128_0 @ 0x75bec0d2c0] t: 68.299979  TARGET:-23 LUFS    M: -16.0 S: -15.9     I: -16.3 LUFS       LRA:   3.1 LU  FTPK:  -1.9 dBFS  TPK:  -1.5 dBFS
[Parsed_ebur128_0 @ 0x75bec0d2c0] t: 68.399979  TARGET:-23 LUFS    M: -15.9 S: -16.1     I: -16.3 LUFS       LRA:   3.1 LU  FTPK:  -8.1 dBFS  TPK:  -1.5 dBFS
[Parsed_ebur128_0 @ 0x75bec0d2c0] t: 68.499979  TARGET:-23 LUFS    M: -15.8 S: -16.2     I: -16.3 LUFS       LRA:   3.1 LU  FTPK:  -6.2 dBFS  TPK:  -1.5 dBFS
[Parsed_ebur128_0 @ 0x75bec0d2c0] t: 68.599979  TARGET:-23 LUFS    M: -14.8 S: -16.1     I: -16.3 LUFS       LRA:   3.1 LU  FTPK:  -6.1 dBFS  TPK:  -1.5 dBFS
[Parsed_ebur128_0 @ 0x75bec0d2c0] t: 68.699979  TARGET:-23 LUFS    M: -15.8 S: -16.1     I: -16.3 LUFS       LRA:   3.1 LU  FTPK:  -5.2 dBFS  TPK:  -1.5 dBFS
[Parsed_ebur128_0 @ 0x75bec0d2c0] t: 68.799979  TARGET:-23 LUFS    M: -16.9 S: -16.1     I: -16.3 LUFS       LRA:   3.1 LU  FTPK: -13.4 dBFS  TPK:  -1.5 dBFS
[Parsed_ebur128_0 @ 0x75bec0d2c0] t: 68.899979  TARGET:-23 LUFS    M: -17.3 S: -16.0     I: -16.3 LUFS       LRA:   3.1 LU  FTPK:  -6.8 dBFS  TPK:  -1.5 dBFS
[Parsed_ebur128_0 @ 0x75bec0d2c0] t: 68.999979  TARGET:-23 LUFS    M: -18.0 S: -15.9     I: -16.3 LUFS       LRA:   3.1 LU  FTPK:  -5.3 dBFS  TPK:  -1.5 dBFS
[Parsed_ebur128_0 @ 0x75bec0d2c0] t: 69.099979  TARGET:-23 LUFS    M: -17.4 S: -15.7     I: -16.3 LUFS       LRA:   3.1 LU  FTPK:  -4.1 dBFS  TPK:  -1.5 dBFS
[Parsed_ebur128_0 @ 0x75bec0d2c0] t: 69.199979  TARGET:-23 LUFS    M: -16.8 S: -15.8     I: -16.3 LUFS       LRA:   3.1 LU  FTPK:  -5.0 dBFS  TPK:  -1.5 dBFS
[Parsed_ebur128_0 @ 0x75bec0d2c0] t: 69.299979  TARGET:-23 LUFS    M: -17.9 S: -16.1     I: -16.3 LUFS       LRA:   3.1 LU  FTPK: -16.1 dBFS  TPK:  -1.5 dBFS
[Parsed_ebur128_0 @ 0x75bec0d2c0] t: 69.399979  TARGET:-23 LUFS    M: -18.3 S: -16.2     I: -16.3 LUFS       LRA:   3.1 LU  FTPK: -10.7 dBFS  TPK:  -1.5 dBFS
[Parsed_ebur128_0 @ 0x75bec0d2c0] t: 69.499979  TARGET:-23 LUFS    M: -21.9 S: -16.4     I: -16.3 LUFS       LRA:   3.1 LU  FTPK: -17.8 dBFS  TPK:  -1.5 dBFS
[Parsed_ebur128_0 @ 0x75bec0d2c0] t: 69.599979  TARGET:-23 LUFS    M: -24.3 S: -16.5     I: -16.3 LUFS       LRA:   3.1 LU  FTPK: -57.8 dBFS  TPK:  -1.5 dBFS
[Parsed_ebur128_0 @ 0x75bec0d2c0] t: 69.699979  TARGET:-23 LUFS    M: -24.8 S: -16.6     I: -16.3 LUFS       LRA:   3.1 LU  FTPK: -68.2 dBFS  TPK:  -1.5 dBFS
[Parsed_ebur128_0 @ 0x75bec0d2c0] t: 69.799979  TARGET:-23 LUFS    M: -36.8 S: -16.8     I: -16.3 LUFS       LRA:   3.1 LU  FTPK: -68.3 dBFS  TPK:  -1.5 dBFS
[Parsed_ebur128_0 @ 0x75bec0d2c0] t: 69.899979  TARGET:-23 LUFS    M: -78.7 S: -16.9     I: -16.3 LUFS       LRA:   3.1 LU  FTPK: -65.7 dBFS  TPK:  -1.5 dBFS
[Parsed_silencedetect_1 @ 0x75bec0d380] silence_start: 69.45975
[Parsed_ebur128_0 @ 0x75bec0d2c0] t: 69.999979  TARGET:-23 LUFS    M: -82.2 S: -17.1     I: -16.3 LUFS       LRA:   3.1 LU  FTPK: -59.0 dBFS  TPK:  -1.5 dBFS
[Parsed_ebur128_0 @ 0x75bec0d2c0] t: 70.099979  TARGET:-23 LUFS    M: -82.4 S: -17.4     I: -16.3 LUFS       LRA:   3.1 LU  FTPK: -71.1 dBFS  TPK:  -1.5 dBFS
[Parsed_ebur128_0 @ 0x75bec0d2c0] t: 70.199979  TARGET:-23 LUFS    M: -83.0 S: -17.5     I: -16.3 LUFS       LRA:   3.1 LU  FTPK: -72.7 dBFS  TPK:  -1.5 dBFS
[Parsed_ebur128_0 @ 0x75bec0d2c0] t: 70.299979  TARGET:-23 LUFS    M: -84.1 S: -17.9     I: -16.3 LUFS       LRA:   3.1 LU  FTPK:  -inf dBFS  TPK:  -1.5 dBFS
[Parsed_ebur128_0 @ 0x75bec0d2c0] t: 70.399979  TARGET:-23 LUFS    M: -84.9 S: -18.2     I: -16.3 LUFS       LRA:   3.0 LU  FTPK: -66.7 dBFS  TPK:  -1.5 dBFS
[Parsed_ebur128_0 @ 0x75bec0d2c0] t: 70.499979  TARGET:-23 LUFS    M: -26.7 S: -18.4     I: -16.3 LUFS       LRA:   3.0 LU  FTPK:  -3.6 dBFS  TPK:  -1.5 dBFS
[Parsed_silencedetect_1 @ 0x75bec0d380] silence_end: 70.471625 | silence_duration: 1.011875
[Parsed_ebur128_0 @ 0x75bec0d2c0] t: 70.599979  TARGET:-23 LUFS    M: -18.8 S: -18.5     I: -16.3 LUFS       LRA:   3.0 LU  FTPK:  -1.5 dBFS  TPK:  -1.5 dBFS
[Parsed_ebur128_0 @ 0x75bec0d2c0] t: 70.699979  TARGET:-23 LUFS    M: -16.2 S: -18.3     I: -16.3 LUFS       LRA:   3.0 LU  FTPK:  -1.5 dBFS  TPK:  -1.5 dBFS
[Parsed_ebur128_0 @ 0x75bec0d2c0] t: 70.799979  TARGET:-23 LUFS    M: -15.0 S: -18.3     I: -16.3 LUFS       LRA:   3.0 LU  FTPK:  -3.1 dBFS  TPK:  -1.5 dBFS
[Parsed_ebur128_0 @ 0x75bec0d2c0] t: 70.899979  TARGET:-23 LUFS    M: -15.2 S: -18.4     I: -16.3 LUFS       LRA:   3.0 LU  FTPK: -14.4 dBFS  TPK:  -1.5 dBFS
[Parsed_ebur128_0 @ 0x75bec0d2c0] t: 70.999979  TARGET:-23 LUFS    M: -15.7 S: -18.3     I: -16.3 LUFS       LRA:   3.0 LU  FTPK:  -3.1 dBFS  TPK:  -1.5 dBFS
[Parsed_ebur128_0 @ 0x75bec0d2c0] t: 71.099979  TARGET:-23 LUFS    M: -16.1 S: -18.2     I: -16.3 LUFS       LRA:   3.0 LU  FTPK:  -4.8 dBFS  TPK:  -1.5 dBFS
[Parsed_ebur128_0 @ 0x75bec0d2c0] t: 71.199979  TARGET:-23 LUFS    M: -17.3 S: -18.2     I: -16.3 LUFS       LRA:   3.0 LU  FTPK:  -9.3 dBFS  TPK:  -1.5 dBFS
[Parsed_ebur128_0 @ 0x75bec0d2c0] t: 71.299979  TARGET:-23 LUFS    M: -16.0 S: -18.4     I: -16.3 LUFS       LRA:   3.0 LU  FTPK:  -1.5 dBFS  TPK:  -1.5 dBFS
[Parsed_ebur128_0 @ 0x75bec0d2c0] t: 71.399979  TARGET:-23 LUFS    M: -16.9 S: -18.5     I: -16.3 LUFS       LRA:   3.0 LU  FTPK:  -5.6 dBFS  TPK:  -1.5 dBFS
[Parsed_ebur128_0 @ 0x75bec0d2c0] t: 71.499979  TARGET:-23 LUFS    M: -17.9 S: -18.6     I: -16.3 LUFS       LRA:   3.0 LU  FTPK:  -1.5 dBFS  TPK:  -1.5 dBFS
[Parsed_ebur128_0 @ 0x75bec0d2c0] t: 71.599979  TARGET:-23 LUFS    M: -17.3 S: -18.8     I: -16.3 LUFS       LRA:   3.0 LU  FTPK:  -2.7 dBFS  TPK:  -1.5 dBFS
[Parsed_ebur128_0 @ 0x75bec0d2c0] t: 71.699979  TARGET:-23 LUFS    M: -17.0 S: -18.7     I: -16.3 LUFS       LRA:   3.0 LU  FTPK:  -1.5 dBFS  TPK:  -1.5 dBFS
[Parsed_ebur128_0 @ 0x75bec0d2c0] t: 71.799979  TARGET:-23 LUFS    M: -16.9 S: -18.5     I: -16.3 LUFS       LRA:   3.0 LU  FTPK:  -4.3 dBFS  TPK:  -1.5 dBFS
[Parsed_ebur128_0 @ 0x75bec0d2c0] t: 71.899979  TARGET:-23 LUFS    M: -15.4 S: -18.2     I: -16.3 LUFS       LRA:   3.0 LU  FTPK:  -2.2 dBFS  TPK:  -1.5 dBFS
[Parsed_ebur128_0 @ 0x75bec0d2c0] t: 71.999979  TARGET:-23 LUFS    M: -14.7 S: -18.0     I: -16.3 LUFS       LRA:   3.0 LU  FTPK:  -3.0 dBFS  TPK:  -1.5 dBFS
[Parsed_ebur128_0 @ 0x75bec0d2c0] t: 72.099979  TARGET:-23 LUFS    M: -15.0 S: -18.1     I: -16.3 LUFS       LRA:   3.0 LU  FTPK:  -3.9 dBFS  TPK:  -1.5 dBFS
[Parsed_ebur128_0 @ 0x75bec0d2c0] t: 72.199979  TARGET:-23 LUFS    M: -13.9 S: -17.7     I: -16.3 LUFS       LRA:   3.0 LU  FTPK:  -1.9 dBFS  TPK:  -1.5 dBFS
[Parsed_ebur128_0 @ 0x75bec0d2c0] t: 72.299979  TARGET:-23 LUFS    M: -14.9 S: -17.6     I: -16.3 LUFS       LRA:   3.0 LU  FTPK:  -5.4 dBFS  TPK:  -1.5 dBFS
[Parsed_ebur128_0 @ 0x75bec0d2c0] t: 72.399979  TARGET:-23 LUFS    M: -15.9 S: -17.7     I: -16.3 LUFS       LRA:   3.0 LU  FTPK:  -6.5 dBFS  TPK:  -1.5 dBFS
[Parsed_ebur128_0 @ 0x75bec0d2c0] t: 72.499979  TARGET:-23 LUFS    M: -17.1 S: -17.7     I: -16.3 LUFS       LRA:   3.0 LU  FTPK: -13.0 dBFS  TPK:  -1.5 dBFS
[Parsed_ebur128_0 @ 0x75bec0d2c0] t: 72.599979  TARGET:-23 LUFS    M: -20.1 S: -17.5     I: -16.3 LUFS       LRA:   3.0 LU  FTPK:  -8.6 dBFS  TPK:  -1.5 dBFS
[Parsed_ebur128_0 @ 0x75bec0d2c0] t: 72.699979  TARGET:-23 LUFS    M: -22.2 S: -17.5     I: -16.3 LUFS       LRA:   3.0 LU  FTPK: -17.3 dBFS  TPK:  -1.5 dBFS
[Parsed_ebur128_0 @ 0x75bec0d2c0] t: 72.799979  TARGET:-23 LUFS    M: -23.7 S: -17.5     I: -16.3 LUFS       LRA:   3.0 LU  FTPK: -66.4 dBFS  TPK:  -1.5 dBFS
[Parsed_ebur128_0 @ 0x75bec0d2c0] t: 72.899979  TARGET:-23 LUFS    M: -24.3 S: -17.5     I: -16.3 LUFS       LRA:   3.0 LU  FTPK: -104.2 dBFS  TPK:  -1.5 dBFS
[Parsed_ebur128_0 @ 0x75bec0d2c0] t: 72.999979  TARGET:-23 LUFS    M: -40.0 S: -17.5     I: -16.3 LUFS       LRA:   3.0 LU  FTPK:  -inf dBFS  TPK:  -1.5 dBFS
[Parsed_ebur128_0 @ 0x75bec0d2c0] t: 73.099979  TARGET:-23 LUFS    M: -85.2 S: -17.5     I: -16.3 LUFS       LRA:   3.0 LU  FTPK: -127.7 dBFS  TPK:  -1.5 dBFS
[Parsed_silencedetect_1 @ 0x75bec0d380] silence_start: 72.636042
[Parsed_ebur128_0 @ 0x75bec0d2c0] t: 73.199979  TARGET:-23 LUFS    M: -85.7 S: -17.5     I: -16.3 LUFS       LRA:   3.0 LU  FTPK: -63.7 dBFS  TPK:  -1.5 dBFS
[Parsed_ebur128_0 @ 0x75bec0d2c0] t: 73.299979  TARGET:-23 LUFS    M: -78.1 S: -17.5     I: -16.3 LUFS       LRA:   3.0 LU  FTPK: -51.8 dBFS  TPK:  -1.5 dBFS
[Parsed_ebur128_0 @ 0x75bec0d2c0] t: 73.399979  TARGET:-23 LUFS    M: -77.9 S: -17.5     I: -16.3 LUFS       LRA:   3.0 LU  FTPK: -69.4 dBFS  TPK:  -1.5 dBFS
[Parsed_ebur128_0 @ 0x75bec0d2c0] t: 73.499979  TARGET:-23 LUFS    M: -77.3 S: -17.6     I: -16.3 LUFS       LRA:   3.0 LU  FTPK: -58.4 dBFS  TPK:  -1.5 dBFS
[Parsed_ebur128_0 @ 0x75bec0d2c0] t: 73.599979  TARGET:-23 LUFS    M: -75.4 S: -18.0     I: -16.3 LUFS       LRA:   3.0 LU  FTPK: -54.9 dBFS  TPK:  -1.5 dBFS
[Parsed_ebur128_0 @ 0x75bec0d2c0] t: 73.699979  TARGET:-23 LUFS    M: -24.1 S: -18.3     I: -16.3 LUFS       LRA:   3.0 LU  FTPK:  -4.5 dBFS  TPK:  -1.5 dBFS
[Parsed_silencedetect_1 @ 0x75bec0d380] silence_end: 73.642812 | silence_duration: 1.006771
[Parsed_ebur128_0 @ 0x75bec0d2c0] t: 73.799979  TARGET:-23 LUFS    M: -23.3 S: -18.5     I: -16.3 LUFS       LRA:   3.0 LU  FTPK:  -8.0 dBFS  TPK:  -1.5 dBFS
[Parsed_ebur128_0 @ 0x75bec0d2c0] t: 73.899979  TARGET:-23 LUFS    M: -16.6 S: -17.9     I: -16.3 LUFS       LRA:   3.0 LU  FTPK:  -2.0 dBFS  TPK:  -1.5 dBFS
[Parsed_ebur128_0 @ 0x75bec0d2c0] t: 73.999979  TARGET:-23 LUFS    M: -16.0 S: -18.1     I: -16.3 LUFS       LRA:   3.0 LU  FTPK:  -5.4 dBFS  TPK:  -1.5 dBFS
[Parsed_ebur128_0 @ 0x75bec0d2c0] t: 74.099979  TARGET:-23 LUFS    M: -16.6 S: -18.4     I: -16.3 LUFS       LRA:   3.0 LU  FTPK: -16.0 dBFS  TPK:  -1.5 dBFS
[Parsed_ebur128_0 @ 0x75bec0d2c0] t: 74.199979  TARGET:-23 LUFS    M: -14.9 S: -18.0     I: -16.3 LUFS       LRA:   3.0 LU  FTPK:  -4.5 dBFS  TPK:  -1.5 dBFS
[Parsed_ebur128_0 @ 0x75bec0d2c0] t: 74.299979  TARGET:-23 LUFS    M: -18.1 S: -18.2     I: -16.3 LUFS       LRA:   3.0 LU  FTPK: -12.1 dBFS  TPK:  -1.5 dBFS
[Parsed_ebur128_0 @ 0x75bec0d2c0] t: 74.399979  TARGET:-23 LUFS    M: -19.2 S: -18.4     I: -16.3 LUFS       LRA:   3.0 LU  FTPK: -55.0 dBFS  TPK:  -1.5 dBFS
[Parsed_ebur128_0 @ 0x75bec0d2c0] t: 74.499979  TARGET:-23 LUFS    M: -19.2 S: -18.5     I: -16.3 LUFS       LRA:   3.0 LU  FTPK: -18.5 dBFS  TPK:  -1.5 dBFS
[Parsed_ebur128_0 @ 0x75bec0d2c0] t: 74.599979  TARGET:-23 LUFS    M: -22.3 S: -18.5     I: -16.4 LUFS       LRA:   3.0 LU  FTPK:  -4.2 dBFS  TPK:  -1.5 dBFS
[Parsed_ebur128_0 @ 0x75bec0d2c0] t: 74.699979  TARGET:-23 LUFS    M: -16.2 S: -18.1     I: -16.4 LUFS       LRA:   3.0 LU  FTPK:  -1.5 dBFS  TPK:  -1.5 dBFS
[Parsed_ebur128_0 @ 0x75bec0d2c0] t: 74.799979  TARGET:-23 LUFS    M: -14.8 S: -17.9     I: -16.3 LUFS       LRA:   3.0 LU  FTPK:  -5.8 dBFS  TPK:  -1.5 dBFS
[Parsed_ebur128_0 @ 0x75bec0d2c0] t: 74.899979  TARGET:-23 LUFS    M: -13.4 S: -17.9     I: -16.3 LUFS       LRA:   3.0 LU  FTPK:  -2.2 dBFS  TPK:  -1.5 dBFS
[Parsed_ebur128_0 @ 0x75bec0d2c0] t: 74.999979  TARGET:-23 LUFS    M: -12.7 S: -17.7     I: -16.3 LUFS       LRA:   3.0 LU  FTPK:  -2.0 dBFS  TPK:  -1.5 dBFS
[Parsed_ebur128_0 @ 0x75bec0d2c0] t: 75.099979  TARGET:-23 LUFS    M: -14.0 S: -17.8     I: -16.3 LUFS       LRA:   3.0 LU  FTPK:  -4.7 dBFS  TPK:  -1.5 dBFS
[Parsed_ebur128_0 @ 0x75bec0d2c0] t: 75.199979  TARGET:-23 LUFS    M: -14.0 S: -18.0     I: -16.3 LUFS       LRA:   3.0 LU  FTPK:  -5.2 dBFS  TPK:  -1.5 dBFS
[Parsed_ebur128_0 @ 0x75bec0d2c0] t: 75.299979  TARGET:-23 LUFS    M: -14.8 S: -17.9     I: -16.3 LUFS       LRA:   3.0 LU  FTPK:  -9.1 dBFS  TPK:  -1.5 dBFS
[Parsed_ebur128_0 @ 0x75bec0d2c0] t: 75.399979  TARGET:-23 LUFS    M: -14.3 S: -17.3     I: -16.3 LUFS       LRA:   2.9 LU  FTPK:  -1.5 dBFS  TPK:  -1.5 dBFS
[Parsed_ebur128_0 @ 0x75bec0d2c0] t: 75.499979  TARGET:-23 LUFS    M: -14.2 S: -17.2     I: -16.3 LUFS       LRA:   2.9 LU  FTPK:  -5.9 dBFS  TPK:  -1.5 dBFS
[Parsed_ebur128_0 @ 0x75bec0d2c0] t: 75.599979  TARGET:-23 LUFS    M: -15.1 S: -17.3     I: -16.3 LUFS       LRA:   2.9 LU  FTPK:  -4.8 dBFS  TPK:  -1.5 dBFS
[Parsed_ebur128_0 @ 0x75bec0d2c0] t: 75.699979  TARGET:-23 LUFS    M: -14.1 S: -16.9     I: -16.3 LUFS       LRA:   2.9 LU  FTPK:  -3.2 dBFS  TPK:  -1.5 dBFS
[Parsed_ebur128_0 @ 0x75bec0d2c0] t: 75.799979  TARGET:-23 LUFS    M: -15.7 S: -16.7     I: -16.3 LUFS       LRA:   2.9 LU  FTPK:  -4.4 dBFS  TPK:  -1.5 dBFS
[Parsed_ebur128_0 @ 0x75bec0d2c0] t: 75.899979  TARGET:-23 LUFS    M: -15.2 S: -16.5     I: -16.3 LUFS       LRA:   2.9 LU  FTPK:  -3.7 dBFS  TPK:  -1.5 dBFS
[Parsed_ebur128_0 @ 0x75bec0d2c0] t: 75.999979  TARGET:-23 LUFS    M: -15.1 S: -16.4     I: -16.3 LUFS       LRA:   2.9 LU  FTPK:  -5.1 dBFS  TPK:  -1.5 dBFS
[Parsed_ebur128_0 @ 0x75bec0d2c0] t: 76.099979  TARGET:-23 LUFS    M: -15.4 S: -16.1     I: -16.3 LUFS       LRA:   2.9 LU  FTPK:  -3.6 dBFS  TPK:  -1.5 dBFS
[Parsed_ebur128_0 @ 0x75bec0d2c0] t: 76.199979  TARGET:-23 LUFS    M: -15.4 S: -16.0     I: -16.3 LUFS       LRA:   2.9 LU  FTPK:  -5.8 dBFS  TPK:  -1.5 dBFS
[Parsed_ebur128_0 @ 0x75bec0d2c0] t: 76.299979  TARGET:-23 LUFS    M: -16.6 S: -15.9     I: -16.3 LUFS       LRA:   2.9 LU  FTPK: -10.8 dBFS  TPK:  -1.5 dBFS
[Parsed_ebur128_0 @ 0x75bec0d2c0] t: 76.399979  TARGET:-23 LUFS    M: -16.9 S: -15.9     I: -16.3 LUFS       LRA:   2.9 LU  FTPK: -12.6 dBFS  TPK:  -1.5 dBFS
[Parsed_ebur128_0 @ 0x75bec0d2c0] t: 76.499979  TARGET:-23 LUFS    M: -19.2 S: -15.8     I: -16.3 LUFS       LRA:   2.9 LU  FTPK:  -7.1 dBFS  TPK:  -1.5 dBFS
[Parsed_ebur128_0 @ 0x75bec0d2c0] t: 76.599979  TARGET:-23 LUFS    M: -18.3 S: -15.7     I: -16.3 LUFS       LRA:   2.9 LU  FTPK:  -5.0 dBFS  TPK:  -1.5 dBFS
[Parsed_ebur128_0 @ 0x75bec0d2c0] t: 76.699979  TARGET:-23 LUFS    M: -17.5 S: -15.6     I: -16.3 LUFS       LRA:   3.0 LU  FTPK:  -6.6 dBFS  TPK:  -1.5 dBFS
[Parsed_ebur128_0 @ 0x75bec0d2c0] t: 76.799979  TARGET:-23 LUFS    M: -15.6 S: -15.4     I: -16.3 LUFS       LRA:   3.0 LU  FTPK:  -1.5 dBFS  TPK:  -1.5 dBFS
[Parsed_ebur128_0 @ 0x75bec0d2c0] t: 76.899979  TARGET:-23 LUFS    M: -14.5 S: -15.6     I: -16.3 LUFS       LRA:   3.0 LU  FTPK:  -3.2 dBFS  TPK:  -1.5 dBFS
[Parsed_ebur128_0 @ 0x75bec0d2c0] t: 76.999979  TARGET:-23 LUFS    M: -15.1 S: -15.5     I: -16.3 LUFS       LRA:   3.0 LU  FTPK:  -6.5 dBFS  TPK:  -1.5 dBFS
[Parsed_ebur128_0 @ 0x75bec0d2c0] t: 77.099979  TARGET:-23 LUFS    M: -15.5 S: -15.5     I: -16.3 LUFS       LRA:   3.0 LU  FTPK:  -8.9 dBFS  TPK:  -1.5 dBFS
[Parsed_ebur128_0 @ 0x75bec0d2c0] t: 77.199979  TARGET:-23 LUFS    M: -16.6 S: -15.6     I: -16.3 LUFS       LRA:   3.0 LU  FTPK:  -4.6 dBFS  TPK:  -1.5 dBFS
[Parsed_ebur128_0 @ 0x75bec0d2c0] t: 77.299979  TARGET:-23 LUFS    M: -18.2 S: -15.6     I: -16.3 LUFS       LRA:   3.0 LU  FTPK:  -7.0 dBFS  TPK:  -1.5 dBFS
[Parsed_ebur128_0 @ 0x75bec0d2c0] t: 77.399979  TARGET:-23 LUFS    M: -17.6 S: -15.4     I: -16.3 LUFS       LRA:   3.0 LU  FTPK:  -3.6 dBFS  TPK:  -1.5 dBFS
[Parsed_ebur128_0 @ 0x75bec0d2c0] t: 77.499979  TARGET:-23 LUFS    M: -17.9 S: -15.4     I: -16.3 LUFS       LRA:   3.0 LU  FTPK: -10.4 dBFS  TPK:  -1.5 dBFS
[Parsed_ebur128_0 @ 0x75bec0d2c0] t: 77.599979  TARGET:-23 LUFS    M: -19.1 S: -15.5     I: -16.3 LUFS       LRA:   3.1 LU  FTPK:  -7.1 dBFS  TPK:  -1.5 dBFS
[Parsed_ebur128_0 @ 0x75bec0d2c0] t: 77.699979  TARGET:-23 LUFS    M: -19.0 S: -15.8     I: -16.3 LUFS       LRA:   3.1 LU  FTPK:  -3.9 dBFS  TPK:  -1.5 dBFS
[Parsed_ebur128_0 @ 0x75bec0d2c0] t: 77.799979  TARGET:-23 LUFS    M: -18.0 S: -15.8     I: -16.3 LUFS       LRA:   3.1 LU  FTPK:  -4.0 dBFS  TPK:  -1.5 dBFS
[Parsed_ebur128_0 @ 0x75bec0d2c0] t: 77.899979  TARGET:-23 LUFS    M: -17.9 S: -16.0     I: -16.3 LUFS       LRA:   3.1 LU  FTPK: -11.2 dBFS  TPK:  -1.5 dBFS
[Parsed_ebur128_0 @ 0x75bec0d2c0] t: 77.999979  TARGET:-23 LUFS    M: -18.3 S: -16.4     I: -16.3 LUFS       LRA:   3.0 LU  FTPK: -21.5 dBFS  TPK:  -1.5 dBFS
[Parsed_ebur128_0 @ 0x75bec0d2c0] t: 78.099979  TARGET:-23 LUFS    M: -19.8 S: -16.5     I: -16.3 LUFS       LRA:   3.0 LU  FTPK: -46.8 dBFS  TPK:  -1.5 dBFS
[Parsed_ebur128_0 @ 0x75bec0d2c0] t: 78.199979  TARGET:-23 LUFS    M: -29.1 S: -16.7     I: -16.3 LUFS       LRA:   3.0 LU  FTPK: -68.8 dBFS  TPK:  -1.5 dBFS
[Parsed_ebur128_0 @ 0x75bec0d2c0] t: 78.299979  TARGET:-23 LUFS    M: -40.8 S: -16.9     I: -16.3 LUFS       LRA:   3.0 LU  FTPK:  -inf dBFS  TPK:  -1.5 dBFS
[Parsed_ebur128_0 @ 0x75bec0d2c0] t: 78.399979  TARGET:-23 LUFS    M: -69.6 S: -17.4     I: -16.3 LUFS       LRA:   3.0 LU  FTPK:  -inf dBFS  TPK:  -1.5 dBFS
[Parsed_silencedetect_1 @ 0x75bec0d380] silence_start: 77.971208
[Parsed_ebur128_0 @ 0x75bec0d2c0] t: 78.499979  TARGET:-23 LUFS    M: -89.6 S: -17.6     I: -16.3 LUFS       LRA:   3.0 LU  FTPK:  -inf dBFS  TPK:  -1.5 dBFS
[Parsed_ebur128_0 @ 0x75bec0d2c0] t: 78.599979  TARGET:-23 LUFS    M:   nan S: -17.7     I: -16.3 LUFS       LRA:   3.0 LU  FTPK:  -inf dBFS  TPK:  -1.5 dBFS
[Parsed_ebur128_0 @ 0x75bec0d2c0] t: 78.699979  TARGET:-23 LUFS    M:   nan S: -18.2     I: -16.3 LUFS       LRA:   3.0 LU  FTPK:  -inf dBFS  TPK:  -1.5 dBFS
[Parsed_ebur128_0 @ 0x75bec0d2c0] t: 78.799979  TARGET:-23 LUFS    M:   nan S: -18.4     I: -16.3 LUFS       LRA:   3.0 LU  FTPK:  -inf dBFS  TPK:  -1.5 dBFS
[Parsed_ebur128_0 @ 0x75bec0d2c0] t: 78.899979  TARGET:-23 LUFS    M:-106.2 S: -18.7     I: -16.3 LUFS       LRA:   3.0 LU  FTPK: -79.8 dBFS  TPK:  -1.5 dBFS
[Parsed_ebur128_0 @ 0x75bec0d2c0] t: 78.999979  TARGET:-23 LUFS    M: -42.6 S: -18.9     I: -16.3 LUFS       LRA:   3.0 LU  FTPK: -19.2 dBFS  TPK:  -1.5 dBFS
[Parsed_silencedetect_1 @ 0x75bec0d380] silence_end: 78.979292 | silence_duration: 1.008083
[Parsed_ebur128_0 @ 0x75bec0d2c0] t: 79.099979  TARGET:-23 LUFS    M: -17.9 S: -18.7     I: -16.3 LUFS       LRA:   3.0 LU  FTPK:  -1.5 dBFS  TPK:  -1.5 dBFS
[Parsed_ebur128_0 @ 0x75bec0d2c0] t: 79.199979  TARGET:-23 LUFS    M: -16.2 S: -18.6     I: -16.3 LUFS       LRA:   3.0 LU  FTPK:  -2.8 dBFS  TPK:  -1.5 dBFS
[Parsed_ebur128_0 @ 0x75bec0d2c0] t: 79.299979  TARGET:-23 LUFS    M: -14.8 S: -18.3     I: -16.3 LUFS       LRA:   3.0 LU  FTPK:  -1.8 dBFS  TPK:  -1.5 dBFS
[Parsed_ebur128_0 @ 0x75bec0d2c0] t: 79.399979  TARGET:-23 LUFS    M: -13.8 S: -18.0     I: -16.3 LUFS       LRA:   3.0 LU  FTPK:  -1.9 dBFS  TPK:  -1.5 dBFS
[Parsed_ebur128_0 @ 0x75bec0d2c0] t: 79.499979  TARGET:-23 LUFS    M: -14.1 S: -17.6     I: -16.3 LUFS       LRA:   3.0 LU  FTPK:  -1.6 dBFS  TPK:  -1.5 dBFS
[Parsed_ebur128_0 @ 0x75bec0d2c0] t: 79.599979  TARGET:-23 LUFS    M: -13.9 S: -17.6     I: -16.3 LUFS       LRA:   3.0 LU  FTPK:  -3.9 dBFS  TPK:  -1.5 dBFS
[Parsed_ebur128_0 @ 0x75bec0d2c0] t: 79.699979  TARGET:-23 LUFS    M: -14.0 S: -17.5     I: -16.3 LUFS       LRA:   3.0 LU  FTPK:  -5.1 dBFS  TPK:  -1.5 dBFS
[Parsed_ebur128_0 @ 0x75bec0d2c0] t: 79.799979  TARGET:-23 LUFS    M: -14.5 S: -17.7     I: -16.3 LUFS       LRA:   3.0 LU  FTPK:  -4.0 dBFS  TPK:  -1.5 dBFS
[Parsed_ebur128_0 @ 0x75bec0d2c0] t: 79.899979  TARGET:-23 LUFS    M: -15.8 S: -18.0     I: -16.3 LUFS       LRA:   3.0 LU  FTPK:  -5.7 dBFS  TPK:  -1.5 dBFS
[Parsed_ebur128_0 @ 0x75bec0d2c0] t: 79.999979  TARGET:-23 LUFS    M: -17.8 S: -18.1     I: -16.3 LUFS       LRA:   3.0 LU  FTPK: -12.0 dBFS  TPK:  -1.5 dBFS
[Parsed_ebur128_0 @ 0x75bec0d2c0] t: 80.099979  TARGET:-23 LUFS    M: -18.0 S: -17.9     I: -16.3 LUFS       LRA:   3.0 LU  FTPK:  -4.3 dBFS  TPK:  -1.5 dBFS
[Parsed_ebur128_0 @ 0x75bec0d2c0] t: 80.199979  TARGET:-23 LUFS    M: -18.4 S: -18.0     I: -16.3 LUFS       LRA:   3.0 LU  FTPK:  -5.9 dBFS  TPK:  -1.5 dBFS
[Parsed_ebur128_0 @ 0x75bec0d2c0] t: 80.299979  TARGET:-23 LUFS    M: -16.7 S: -17.7     I: -16.3 LUFS       LRA:   3.0 LU  FTPK:  -3.8 dBFS  TPK:  -1.5 dBFS
[Parsed_ebur128_0 @ 0x75bec0d2c0] t: 80.399979  TARGET:-23 LUFS    M: -15.5 S: -17.7     I: -16.3 LUFS       LRA:   3.0 LU  FTPK:  -7.2 dBFS  TPK:  -1.5 dBFS
[Parsed_ebur128_0 @ 0x75bec0d2c0] t: 80.499979  TARGET:-23 LUFS    M: -16.3 S: -17.6     I: -16.3 LUFS       LRA:   3.0 LU  FTPK:  -8.8 dBFS  TPK:  -1.5 dBFS
[Parsed_ebur128_0 @ 0x75bec0d2c0] t: 80.599979  TARGET:-23 LUFS    M: -15.2 S: -17.4     I: -16.3 LUFS       LRA:   3.0 LU  FTPK:  -2.0 dBFS  TPK:  -1.5 dBFS
[Parsed_ebur128_0 @ 0x75bec0d2c0] t: 80.699979  TARGET:-23 LUFS    M: -16.9 S: -17.5     I: -16.3 LUFS       LRA:   3.0 LU  FTPK:  -6.1 dBFS  TPK:  -1.5 dBFS
[Parsed_ebur128_0 @ 0x75bec0d2c0] t: 80.799979  TARGET:-23 LUFS    M: -16.6 S: -17.5     I: -16.3 LUFS       LRA:   3.0 LU  FTPK:  -3.4 dBFS  TPK:  -1.5 dBFS
[Parsed_ebur128_0 @ 0x75bec0d2c0] t: 80.899979  TARGET:-23 LUFS    M: -16.5 S: -17.4     I: -16.3 LUFS       LRA:   3.0 LU  FTPK:  -8.4 dBFS  TPK:  -1.5 dBFS
[Parsed_ebur128_0 @ 0x75bec0d2c0] t: 80.999979  TARGET:-23 LUFS    M: -17.4 S: -17.3     I: -16.3 LUFS       LRA:   3.0 LU  FTPK:  -3.8 dBFS  TPK:  -1.5 dBFS
[Parsed_ebur128_0 @ 0x75bec0d2c0] t: 81.099979  TARGET:-23 LUFS    M: -16.6 S: -17.1     I: -16.3 LUFS       LRA:   3.0 LU  FTPK:  -4.6 dBFS  TPK:  -1.5 dBFS
[Parsed_ebur128_0 @ 0x75bec0d2c0] t: 81.199979  TARGET:-23 LUFS    M: -18.2 S: -17.1     I: -16.3 LUFS       LRA:   3.0 LU  FTPK:  -9.7 dBFS  TPK:  -1.5 dBFS
[Parsed_ebur128_0 @ 0x75bec0d2c0] t: 81.299979  TARGET:-23 LUFS    M: -18.8 S: -17.0     I: -16.3 LUFS       LRA:   3.0 LU  FTPK:  -8.8 dBFS  TPK:  -1.5 dBFS
[Parsed_ebur128_0 @ 0x75bec0d2c0] t: 81.399979  TARGET:-23 LUFS    M: -19.8 S: -17.0     I: -16.3 LUFS       LRA:   3.0 LU  FTPK:  -7.7 dBFS  TPK:  -1.5 dBFS
[Parsed_ebur128_0 @ 0x75bec0d2c0] t: 81.499979  TARGET:-23 LUFS    M: -21.2 S: -16.9     I: -16.3 LUFS       LRA:   3.0 LU  FTPK:  -7.3 dBFS  TPK:  -1.5 dBFS
[Parsed_ebur128_0 @ 0x75bec0d2c0] t: 81.599979  TARGET:-23 LUFS    M: -16.1 S: -16.4     I: -16.3 LUFS       LRA:   3.0 LU  FTPK:  -1.5 dBFS  TPK:  -1.5 dBFS
[Parsed_ebur128_0 @ 0x75bec0d2c0] t: 81.699979  TARGET:-23 LUFS    M: -15.3 S: -16.3     I: -16.3 LUFS       LRA:   3.0 LU  FTPK:  -4.5 dBFS  TPK:  -1.5 dBFS
[Parsed_ebur128_0 @ 0x75bec0d2c0] t: 81.799979  TARGET:-23 LUFS    M: -15.3 S: -16.2     I: -16.3 LUFS       LRA:   3.0 LU  FTPK:  -7.4 dBFS  TPK:  -1.5 dBFS
[Parsed_ebur128_0 @ 0x75bec0d2c0] t: 81.899979  TARGET:-23 LUFS    M: -15.3 S: -16.1     I: -16.3 LUFS       LRA:   3.0 LU  FTPK:  -3.9 dBFS  TPK:  -1.5 dBFS
[Parsed_ebur128_0 @ 0x75bec0d2c0] t: 81.999979  TARGET:-23 LUFS    M: -15.1 S: -15.7     I: -16.3 LUFS       LRA:   3.0 LU  FTPK:  -1.5 dBFS  TPK:  -1.5 dBFS
[Parsed_ebur128_0 @ 0x75bec0d2c0] t: 82.099979  TARGET:-23 LUFS    M: -15.7 S: -16.0     I: -16.3 LUFS       LRA:   3.0 LU  FTPK:  -7.0 dBFS  TPK:  -1.5 dBFS
[Parsed_ebur128_0 @ 0x75bec0d2c0] t: 82.199979  TARGET:-23 LUFS    M: -15.9 S: -16.2     I: -16.3 LUFS       LRA:   3.0 LU  FTPK: -11.3 dBFS  TPK:  -1.5 dBFS
[Parsed_ebur128_0 @ 0x75bec0d2c0] t: 82.299979  TARGET:-23 LUFS    M: -16.4 S: -16.4     I: -16.3 LUFS       LRA:   3.0 LU  FTPK: -11.0 dBFS  TPK:  -1.5 dBFS
[Parsed_ebur128_0 @ 0x75bec0d2c0] t: 82.399979  TARGET:-23 LUFS    M: -25.4 S: -16.6     I: -16.3 LUFS       LRA:   3.0 LU  FTPK: -44.8 dBFS  TPK:  -1.5 dBFS
[Parsed_ebur128_0 @ 0x75bec0d2c0] t: 82.499979  TARGET:-23 LUFS    M: -29.1 S: -17.0     I: -16.3 LUFS       LRA:   3.0 LU  FTPK: -14.5 dBFS  TPK:  -1.5 dBFS
[Parsed_ebur128_0 @ 0x75bec0d2c0] t: 82.599979  TARGET:-23 LUFS    M: -16.7 S: -16.7     I: -16.3 LUFS       LRA:   3.0 LU  FTPK:  -1.5 dBFS  TPK:  -1.5 dBFS
[Parsed_ebur128_0 @ 0x75bec0d2c0] t: 82.699979  TARGET:-23 LUFS    M: -14.3 S: -16.5     I: -16.3 LUFS       LRA:   3.0 LU  FTPK:  -2.9 dBFS  TPK:  -1.5 dBFS
[Parsed_ebur128_0 @ 0x75bec0d2c0] t: 82.799979  TARGET:-23 LUFS    M: -13.4 S: -16.3     I: -16.3 LUFS       LRA:   3.0 LU  FTPK:  -2.7 dBFS  TPK:  -1.5 dBFS
[Parsed_ebur128_0 @ 0x75bec0d2c0] t: 82.899979  TARGET:-23 LUFS    M: -12.7 S: -16.2     I: -16.3 LUFS       LRA:   3.0 LU  FTPK:  -3.0 dBFS  TPK:  -1.5 dBFS
[Parsed_ebur128_0 @ 0x75bec0d2c0] t: 82.999979  TARGET:-23 LUFS    M: -14.3 S: -16.1     I: -16.3 LUFS       LRA:   3.0 LU  FTPK:  -7.4 dBFS  TPK:  -1.5 dBFS
[Parsed_ebur128_0 @ 0x75bec0d2c0] t: 83.099979  TARGET:-23 LUFS    M: -15.8 S: -16.2     I: -16.3 LUFS       LRA:   3.0 LU  FTPK:  -4.3 dBFS  TPK:  -1.5 dBFS
[Parsed_ebur128_0 @ 0x75bec0d2c0] t: 83.199979  TARGET:-23 LUFS    M: -15.2 S: -16.0     I: -16.3 LUFS       LRA:   3.0 LU  FTPK:  -3.4 dBFS  TPK:  -1.5 dBFS
[Parsed_ebur128_0 @ 0x75bec0d2c0] t: 83.299979  TARGET:-23 LUFS    M: -15.3 S: -16.0     I: -16.3 LUFS       LRA:   3.0 LU  FTPK:  -7.3 dBFS  TPK:  -1.5 dBFS
[Parsed_ebur128_0 @ 0x75bec0d2c0] t: 83.399979  TARGET:-23 LUFS    M: -14.8 S: -16.0     I: -16.3 LUFS       LRA:   3.0 LU  FTPK:  -6.8 dBFS  TPK:  -1.5 dBFS
[Parsed_ebur128_0 @ 0x75bec0d2c0] t: 83.499979  TARGET:-23 LUFS    M: -15.1 S: -16.0     I: -16.3 LUFS       LRA:   3.0 LU  FTPK:  -8.2 dBFS  TPK:  -1.5 dBFS
[Parsed_ebur128_0 @ 0x75bec0d2c0] t: 83.599979  TARGET:-23 LUFS    M: -17.1 S: -16.2     I: -16.3 LUFS       LRA:   3.0 LU  FTPK: -12.2 dBFS  TPK:  -1.5 dBFS
[Parsed_ebur128_0 @ 0x75bec0d2c0] t: 83.699979  TARGET:-23 LUFS    M: -18.6 S: -16.2     I: -16.3 LUFS       LRA:   3.0 LU  FTPK:  -7.9 dBFS  TPK:  -1.5 dBFS
[Parsed_ebur128_0 @ 0x75bec0d2c0] t: 83.799979  TARGET:-23 LUFS    M: -19.4 S: -16.3     I: -16.3 LUFS       LRA:   3.0 LU  FTPK:  -8.2 dBFS  TPK:  -1.5 dBFS
[Parsed_ebur128_0 @ 0x75bec0d2c0] t: 83.899979  TARGET:-23 LUFS    M: -20.7 S: -16.4     I: -16.3 LUFS       LRA:   3.0 LU  FTPK:  -9.8 dBFS  TPK:  -1.5 dBFS
[Parsed_ebur128_0 @ 0x75bec0d2c0] t: 83.999979  TARGET:-23 LUFS    M: -17.8 S: -16.3     I: -16.3 LUFS       LRA:   3.0 LU  FTPK:  -4.3 dBFS  TPK:  -1.5 dBFS
[Parsed_ebur128_0 @ 0x75bec0d2c0] t: 84.099979  TARGET:-23 LUFS    M: -17.5 S: -16.3     I: -16.3 LUFS       LRA:   3.0 LU  FTPK:  -6.0 dBFS  TPK:  -1.5 dBFS
[Parsed_ebur128_0 @ 0x75bec0d2c0] t: 84.199979  TARGET:-23 LUFS    M: -18.7 S: -16.3     I: -16.3 LUFS       LRA:   3.0 LU  FTPK: -10.4 dBFS  TPK:  -1.5 dBFS
[Parsed_ebur128_0 @ 0x75bec0d2c0] t: 84.299979  TARGET:-23 LUFS    M: -18.9 S: -16.4     I: -16.3 LUFS       LRA:   3.0 LU  FTPK: -11.2 dBFS  TPK:  -1.5 dBFS
[Parsed_ebur128_0 @ 0x75bec0d2c0] t: 84.399979  TARGET:-23 LUFS    M: -23.5 S: -16.4     I: -16.3 LUFS       LRA:   3.0 LU  FTPK: -33.1 dBFS  TPK:  -1.5 dBFS
[Parsed_ebur128_0 @ 0x75bec0d2c0] t: 84.499979  TARGET:-23 LUFS    M: -31.8 S: -16.5     I: -16.3 LUFS       LRA:   3.0 LU  FTPK: -66.2 dBFS  TPK:  -1.5 dBFS
[Parsed_ebur128_0 @ 0x75bec0d2c0] t: 84.599979  TARGET:-23 LUFS    M: -40.2 S: -17.0     I: -16.3 LUFS       LRA:   3.0 LU  FTPK: -147.4 dBFS  TPK:  -1.5 dBFS
[Parsed_ebur128_0 @ 0x75bec0d2c0] t: 84.699979  TARGET:-23 LUFS    M: -54.8 S: -17.2     I: -16.3 LUFS       LRA:   3.0 LU  FTPK:  -inf dBFS  TPK:  -1.5 dBFS
[Parsed_ebur128_0 @ 0x75bec0d2c0] t: 84.799979  TARGET:-23 LUFS    M: -86.8 S: -17.2     I: -16.3 LUFS       LRA:   3.0 LU  FTPK:  -inf dBFS  TPK:  -1.5 dBFS
[Parsed_silencedetect_1 @ 0x75bec0d380] silence_start: 84.3235
[Parsed_ebur128_0 @ 0x75bec0d2c0] t: 84.899979  TARGET:-23 LUFS    M:   nan S: -17.3     I: -16.3 LUFS       LRA:   3.0 LU  FTPK:  -inf dBFS  TPK:  -1.5 dBFS
[Parsed_ebur128_0 @ 0x75bec0d2c0] t: 84.999979  TARGET:-23 LUFS    M:   nan S: -18.0     I: -16.3 LUFS       LRA:   3.0 LU  FTPK:  -inf dBFS  TPK:  -1.5 dBFS
[Parsed_ebur128_0 @ 0x75bec0d2c0] t: 85.099979  TARGET:-23 LUFS    M:   nan S: -18.1     I: -16.3 LUFS       LRA:   3.0 LU  FTPK:  -inf dBFS  TPK:  -1.5 dBFS
[Parsed_ebur128_0 @ 0x75bec0d2c0] t: 85.199979  TARGET:-23 LUFS    M: -97.9 S: -18.1     I: -16.3 LUFS       LRA:   3.0 LU  FTPK: -72.3 dBFS  TPK:  -1.5 dBFS
[Parsed_ebur128_0 @ 0x75bec0d2c0] t: 85.299979  TARGET:-23 LUFS    M: -75.8 S: -18.1     I: -16.3 LUFS       LRA:   3.0 LU  FTPK: -53.1 dBFS  TPK:  -1.5 dBFS
[Parsed_ebur128_0 @ 0x75bec0d2c0] t: 85.399979  TARGET:-23 LUFS    M: -24.3 S: -18.0     I: -16.3 LUFS       LRA:   3.0 LU  FTPK:  -2.5 dBFS  TPK:  -1.5 dBFS
[Parsed_silencedetect_1 @ 0x75bec0d380] silence_end: 85.317604 | silence_duration: 0.994104
[Parsed_ebur128_0 @ 0x75bec0d2c0] t: 85.499979  TARGET:-23 LUFS    M: -16.1 S: -17.3     I: -16.3 LUFS       LRA:   3.0 LU  FTPK:  -1.5 dBFS  TPK:  -1.5 dBFS
[Parsed_ebur128_0 @ 0x75bec0d2c0] t: 85.599979  TARGET:-23 LUFS    M: -15.5 S: -17.8     I: -16.3 LUFS       LRA:   3.0 LU  FTPK:  -8.2 dBFS  TPK:  -1.5 dBFS
[Parsed_ebur128_0 @ 0x75bec0d2c0] t: 85.699979  TARGET:-23 LUFS    M: -13.9 S: -18.0     I: -16.3 LUFS       LRA:   3.0 LU  FTPK:  -1.5 dBFS  TPK:  -1.5 dBFS
[Parsed_ebur128_0 @ 0x75bec0d2c0] t: 85.799979  TARGET:-23 LUFS    M: -12.7 S: -17.7     I: -16.3 LUFS       LRA:   3.0 LU  FTPK:  -2.3 dBFS  TPK:  -1.5 dBFS
[Parsed_ebur128_0 @ 0x75bec0d2c0] t: 85.899979  TARGET:-23 LUFS    M: -14.2 S: -17.8     I: -16.3 LUFS       LRA:   3.0 LU  FTPK:  -6.0 dBFS  TPK:  -1.5 dBFS
[Parsed_ebur128_0 @ 0x75bec0d2c0] t: 85.999979  TARGET:-23 LUFS    M: -13.4 S: -17.5     I: -16.3 LUFS       LRA:   3.0 LU  FTPK:  -2.6 dBFS  TPK:  -1.5 dBFS
[Parsed_ebur128_0 @ 0x75bec0d2c0] t: 86.099979  TARGET:-23 LUFS    M: -14.1 S: -17.5     I: -16.3 LUFS       LRA:   3.0 LU  FTPK:  -4.0 dBFS  TPK:  -1.5 dBFS
[Parsed_ebur128_0 @ 0x75bec0d2c0] t: 86.199979  TARGET:-23 LUFS    M: -14.7 S: -17.6     I: -16.3 LUFS       LRA:   3.0 LU  FTPK:  -2.1 dBFS  TPK:  -1.5 dBFS
[Parsed_ebur128_0 @ 0x75bec0d2c0] t: 86.299979  TARGET:-23 LUFS    M: -14.0 S: -17.5     I: -16.3 LUFS       LRA:   3.0 LU  FTPK:  -3.8 dBFS  TPK:  -1.5 dBFS
[Parsed_ebur128_0 @ 0x75bec0d2c0] t: 86.399979  TARGET:-23 LUFS    M: -14.5 S: -17.5     I: -16.3 LUFS       LRA:   3.0 LU  FTPK:  -4.3 dBFS  TPK:  -1.5 dBFS
[Parsed_ebur128_0 @ 0x75bec0d2c0] t: 86.499979  TARGET:-23 LUFS    M: -15.1 S: -17.5     I: -16.3 LUFS       LRA:   3.0 LU  FTPK:  -7.3 dBFS  TPK:  -1.5 dBFS
[Parsed_ebur128_0 @ 0x75bec0d2c0] t: 86.599979  TARGET:-23 LUFS    M: -15.7 S: -17.3     I: -16.3 LUFS       LRA:   3.0 LU  FTPK:  -3.4 dBFS  TPK:  -1.5 dBFS
[Parsed_ebur128_0 @ 0x75bec0d2c0] t: 86.699979  TARGET:-23 LUFS    M: -15.8 S: -17.1     I: -16.3 LUFS       LRA:   3.0 LU  FTPK:  -3.6 dBFS  TPK:  -1.5 dBFS
[Parsed_ebur128_0 @ 0x75bec0d2c0] t: 86.799979  TARGET:-23 LUFS    M: -15.8 S: -17.0     I: -16.3 LUFS       LRA:   3.0 LU  FTPK:  -3.7 dBFS  TPK:  -1.5 dBFS
[Parsed_ebur128_0 @ 0x75bec0d2c0] t: 86.899979  TARGET:-23 LUFS    M: -15.7 S: -17.0     I: -16.3 LUFS       LRA:   3.0 LU  FTPK:  -9.6 dBFS  TPK:  -1.5 dBFS
[Parsed_ebur128_0 @ 0x75bec0d2c0] t: 86.999979  TARGET:-23 LUFS    M: -16.7 S: -17.2     I: -16.3 LUFS       LRA:   3.0 LU  FTPK:  -9.6 dBFS  TPK:  -1.5 dBFS
[Parsed_ebur128_0 @ 0x75bec0d2c0] t: 87.099979  TARGET:-23 LUFS    M: -16.8 S: -17.0     I: -16.3 LUFS       LRA:   3.0 LU  FTPK:  -4.9 dBFS  TPK:  -1.5 dBFS
[Parsed_ebur128_0 @ 0x75bec0d2c0] t: 87.199979  TARGET:-23 LUFS    M: -17.8 S: -16.9     I: -16.3 LUFS       LRA:   3.0 LU  FTPK:  -6.8 dBFS  TPK:  -1.5 dBFS
[Parsed_ebur128_0 @ 0x75bec0d2c0] t: 87.299979  TARGET:-23 LUFS    M: -17.9 S: -16.9     I: -16.3 LUFS       LRA:   3.0 LU  FTPK: -11.1 dBFS  TPK:  -1.5 dBFS
[Parsed_ebur128_0 @ 0x75bec0d2c0] t: 87.399979  TARGET:-23 LUFS    M: -18.1 S: -16.8     I: -16.3 LUFS       LRA:   3.0 LU  FTPK:  -7.3 dBFS  TPK:  -1.5 dBFS
[Parsed_ebur128_0 @ 0x75bec0d2c0] t: 87.499979  TARGET:-23 LUFS    M: -16.2 S: -16.4     I: -16.3 LUFS       LRA:   3.0 LU  FTPK:  -3.9 dBFS  TPK:  -1.5 dBFS
[Parsed_ebur128_0 @ 0x75bec0d2c0] t: 87.599979  TARGET:-23 LUFS    M: -15.9 S: -16.2     I: -16.3 LUFS       LRA:   3.0 LU  FTPK:  -5.9 dBFS  TPK:  -1.5 dBFS
[Parsed_ebur128_0 @ 0x75bec0d2c0] t: 87.699979  TARGET:-23 LUFS    M: -14.5 S: -16.0     I: -16.3 LUFS       LRA:   3.0 LU  FTPK:  -1.5 dBFS  TPK:  -1.5 dBFS
[Parsed_ebur128_0 @ 0x75bec0d2c0] t: 87.799979  TARGET:-23 LUFS    M: -13.7 S: -15.8     I: -16.3 LUFS       LRA:   3.0 LU  FTPK:  -2.7 dBFS  TPK:  -1.5 dBFS
[Parsed_ebur128_0 @ 0x75bec0d2c0] t: 87.899979  TARGET:-23 LUFS    M: -15.6 S: -15.7     I: -16.3 LUFS       LRA:   3.0 LU  FTPK:  -8.7 dBFS  TPK:  -1.5 dBFS
[Parsed_ebur128_0 @ 0x75bec0d2c0] t: 87.999979  TARGET:-23 LUFS    M: -16.3 S: -15.7     I: -16.3 LUFS       LRA:   3.0 LU  FTPK:  -9.7 dBFS  TPK:  -1.5 dBFS
[Parsed_ebur128_0 @ 0x75bec0d2c0] t: 88.099979  TARGET:-23 LUFS    M: -18.3 S: -15.6     I: -16.3 LUFS       LRA:   3.0 LU  FTPK:  -2.5 dBFS  TPK:  -1.5 dBFS
[Parsed_ebur128_0 @ 0x75bec0d2c0] t: 88.199979  TARGET:-23 LUFS    M: -16.4 S: -15.3     I: -16.3 LUFS       LRA:   3.0 LU  FTPK:  -1.5 dBFS  TPK:  -1.5 dBFS
[Parsed_ebur128_0 @ 0x75bec0d2c0] t: 88.299979  TARGET:-23 LUFS    M: -16.6 S: -15.3     I: -16.3 LUFS       LRA:   3.0 LU  FTPK: -11.5 dBFS  TPK:  -1.5 dBFS
[Parsed_ebur128_0 @ 0x75bec0d2c0] t: 88.399979  TARGET:-23 LUFS    M: -16.7 S: -15.3     I: -16.3 LUFS       LRA:   3.0 LU  FTPK: -12.6 dBFS  TPK:  -1.5 dBFS
[Parsed_ebur128_0 @ 0x75bec0d2c0] t: 88.499979  TARGET:-23 LUFS    M: -16.9 S: -15.7     I: -16.3 LUFS       LRA:   3.0 LU  FTPK: -10.1 dBFS  TPK:  -1.5 dBFS
[Parsed_ebur128_0 @ 0x75bec0d2c0] t: 88.599979  TARGET:-23 LUFS    M: -24.3 S: -15.8     I: -16.3 LUFS       LRA:   3.0 LU  FTPK: -17.1 dBFS  TPK:  -1.5 dBFS
[Parsed_ebur128_0 @ 0x75bec0d2c0] t: 88.699979  TARGET:-23 LUFS    M: -25.6 S: -16.1     I: -16.3 LUFS       LRA:   3.0 LU  FTPK: -66.8 dBFS  TPK:  -1.5 dBFS
[Parsed_ebur128_0 @ 0x75bec0d2c0] t: 88.799979  TARGET:-23 LUFS    M: -26.9 S: -16.5     I: -16.3 LUFS       LRA:   3.0 LU  FTPK: -82.9 dBFS  TPK:  -1.5 dBFS
[Parsed_ebur128_0 @ 0x75bec0d2c0] t: 88.899979  TARGET:-23 LUFS    M: -39.5 S: -16.6     I: -16.3 LUFS       LRA:   3.0 LU  FTPK:  -inf dBFS  TPK:  -1.5 dBFS
[Parsed_ebur128_0 @ 0x75bec0d2c0] t: 88.999979  TARGET:-23 LUFS    M: -86.1 S: -17.0     I: -16.3 LUFS       LRA:   3.0 LU  FTPK:  -inf dBFS  TPK:  -1.5 dBFS
[Parsed_silencedetect_1 @ 0x75bec0d380] silence_start: 88.535021
[Parsed_ebur128_0 @ 0x75bec0d2c0] t: 89.099979  TARGET:-23 LUFS    M:-111.8 S: -17.1     I: -16.3 LUFS       LRA:   3.0 LU  FTPK:  -inf dBFS  TPK:  -1.5 dBFS
[Parsed_ebur128_0 @ 0x75bec0d2c0] t: 89.199979  TARGET:-23 LUFS    M:-133.9 S: -17.5     I: -16.3 LUFS       LRA:   3.0 LU  FTPK: -107.1 dBFS  TPK:  -1.5 dBFS
[Parsed_ebur128_0 @ 0x75bec0d2c0] t: 89.299979  TARGET:-23 LUFS    M: -82.1 S: -17.8     I: -16.3 LUFS       LRA:   3.0 LU  FTPK: -54.6 dBFS  TPK:  -1.5 dBFS
[Parsed_ebur128_0 @ 0x75bec0d2c0] t: 89.399979  TARGET:-23 LUFS    M: -77.1 S: -18.1     I: -16.3 LUFS       LRA:   3.0 LU  FTPK: -50.6 dBFS  TPK:  -1.5 dBFS
[Parsed_ebur128_0 @ 0x75bec0d2c0] t: 89.499979  TARGET:-23 LUFS    M: -71.5 S: -18.2     I: -16.3 LUFS       LRA:   3.0 LU  FTPK: -51.8 dBFS  TPK:  -1.5 dBFS
[Parsed_ebur128_0 @ 0x75bec0d2c0] t: 89.599979  TARGET:-23 LUFS    M: -20.0 S: -18.1     I: -16.3 LUFS       LRA:   3.0 LU  FTPK:  -3.7 dBFS  TPK:  -1.5 dBFS
[Parsed_silencedetect_1 @ 0x75bec0d380] silence_end: 89.541021 | silence_duration: 1.006
[Parsed_ebur128_0 @ 0x75bec0d2c0] t: 89.699979  TARGET:-23 LUFS    M: -17.4 S: -18.1     I: -16.3 LUFS       LRA:   3.0 LU  FTPK:  -4.9 dBFS  TPK:  -1.5 dBFS
[Parsed_ebur128_0 @ 0x75bec0d2c0] t: 89.799979  TARGET:-23 LUFS    M: -16.9 S: -18.4     I: -16.3 LUFS       LRA:   3.0 LU  FTPK:  -8.9 dBFS  TPK:  -1.5 dBFS
[Parsed_ebur128_0 @ 0x75bec0d2c0] t: 89.899979  TARGET:-23 LUFS    M: -15.6 S: -18.1     I: -16.3 LUFS       LRA:   3.0 LU  FTPK:  -1.5 dBFS  TPK:  -1.5 dBFS
[Parsed_ebur128_0 @ 0x75bec0d2c0] t: 89.999979  TARGET:-23 LUFS    M: -15.0 S: -17.7     I: -16.3 LUFS       LRA:   3.0 LU  FTPK:  -2.8 dBFS  TPK:  -1.5 dBFS
[Parsed_ebur128_0 @ 0x75bec0d2c0] t: 90.099979  TARGET:-23 LUFS    M: -14.9 S: -17.7     I: -16.3 LUFS       LRA:   3.0 LU  FTPK:  -1.5 dBFS  TPK:  -1.5 dBFS
[Parsed_ebur128_0 @ 0x75bec0d2c0] t: 90.199979  TARGET:-23 LUFS    M: -15.0 S: -17.8     I: -16.3 LUFS       LRA:   3.0 LU  FTPK:  -5.2 dBFS  TPK:  -1.5 dBFS
[Parsed_ebur128_0 @ 0x75bec0d2c0] t: 90.299979  TARGET:-23 LUFS    M: -14.8 S: -17.6     I: -16.3 LUFS       LRA:   3.0 LU  FTPK:  -1.5 dBFS  TPK:  -1.5 dBFS
[Parsed_ebur128_0 @ 0x75bec0d2c0] t: 90.399979  TARGET:-23 LUFS    M: -14.9 S: -17.2     I: -16.3 LUFS       LRA:   3.0 LU  FTPK:  -3.0 dBFS  TPK:  -1.5 dBFS
[Parsed_ebur128_0 @ 0x75bec0d2c0] t: 90.499979  TARGET:-23 LUFS    M: -15.3 S: -17.5     I: -16.3 LUFS       LRA:   3.0 LU  FTPK:  -4.9 dBFS  TPK:  -1.5 dBFS
[Parsed_ebur128_0 @ 0x75bec0d2c0] t: 90.599979  TARGET:-23 LUFS    M: -14.4 S: -17.4     I: -16.3 LUFS       LRA:   3.0 LU  FTPK:  -3.6 dBFS  TPK:  -1.5 dBFS
[Parsed_ebur128_0 @ 0x75bec0d2c0] t: 90.699979  TARGET:-23 LUFS    M: -14.5 S: -17.6     I: -16.3 LUFS       LRA:   3.0 LU  FTPK:  -4.9 dBFS  TPK:  -1.5 dBFS
[Parsed_ebur128_0 @ 0x75bec0d2c0] t: 90.799979  TARGET:-23 LUFS    M: -15.3 S: -17.6     I: -16.3 LUFS       LRA:   3.0 LU  FTPK:  -1.7 dBFS  TPK:  -1.5 dBFS
[Parsed_ebur128_0 @ 0x75bec0d2c0] t: 90.899979  TARGET:-23 LUFS    M: -14.3 S: -17.2     I: -16.3 LUFS       LRA:   3.0 LU  FTPK:  -1.9 dBFS  TPK:  -1.5 dBFS
[Parsed_ebur128_0 @ 0x75bec0d2c0] t: 90.999979  TARGET:-23 LUFS    M: -14.3 S: -17.0     I: -16.3 LUFS       LRA:   3.0 LU  FTPK:  -7.1 dBFS  TPK:  -1.5 dBFS
[Parsed_ebur128_0 @ 0x75bec0d2c0] t: 91.099979  TARGET:-23 LUFS    M: -13.6 S: -16.7     I: -16.3 LUFS       LRA:   3.0 LU  FTPK:  -3.4 dBFS  TPK:  -1.5 dBFS
[Parsed_ebur128_0 @ 0x75bec0d2c0] t: 91.199979  TARGET:-23 LUFS    M: -13.8 S: -17.0     I: -16.2 LUFS       LRA:   3.0 LU  FTPK:  -4.2 dBFS  TPK:  -1.5 dBFS
[Parsed_ebur128_0 @ 0x75bec0d2c0] t: 91.299979  TARGET:-23 LUFS    M: -15.4 S: -17.0     I: -16.2 LUFS       LRA:   3.0 LU  FTPK:  -9.7 dBFS  TPK:  -1.5 dBFS
[Parsed_ebur128_0 @ 0x75bec0d2c0] t: 91.399979  TARGET:-23 LUFS    M: -16.7 S: -17.0     I: -16.2 LUFS       LRA:   2.9 LU  FTPK: -12.0 dBFS  TPK:  -1.5 dBFS
[Parsed_ebur128_0 @ 0x75bec0d2c0] t: 91.499979  TARGET:-23 LUFS    M: -21.2 S: -17.1     I: -16.3 LUFS       LRA:   2.9 LU  FTPK: -14.6 dBFS  TPK:  -1.5 dBFS
[Parsed_ebur128_0 @ 0x75bec0d2c0] t: 91.599979  TARGET:-23 LUFS    M: -26.0 S: -17.1     I: -16.3 LUFS       LRA:   2.9 LU  FTPK: -44.6 dBFS  TPK:  -1.5 dBFS
[Parsed_ebur128_0 @ 0x75bec0d2c0] t: 91.699979  TARGET:-23 LUFS    M: -31.3 S: -17.1     I: -16.3 LUFS       LRA:   2.9 LU  FTPK: -38.3 dBFS  TPK:  -1.5 dBFS
[Parsed_ebur128_0 @ 0x75bec0d2c0] t: 91.799979  TARGET:-23 LUFS    M: -19.2 S: -16.7     I: -16.3 LUFS       LRA:   2.9 LU  FTPK:  -1.5 dBFS  TPK:  -1.5 dBFS
[Parsed_ebur128_0 @ 0x75bec0d2c0] t: 91.899979  TARGET:-23 LUFS    M: -17.6 S: -16.6     I: -16.3 LUFS       LRA:   2.9 LU  FTPK:  -3.8 dBFS  TPK:  -1.5 dBFS
[Parsed_ebur128_0 @ 0x75bec0d2c0] t: 91.999979  TARGET:-23 LUFS    M: -14.9 S: -16.2     I: -16.3 LUFS       LRA:   2.9 LU  FTPK:  -3.1 dBFS  TPK:  -1.5 dBFS
[Parsed_ebur128_0 @ 0x75bec0d2c0] t: 92.099979  TARGET:-23 LUFS    M: -13.5 S: -15.9     I: -16.3 LUFS       LRA:   2.9 LU  FTPK:  -2.0 dBFS  TPK:  -1.5 dBFS
[Parsed_ebur128_0 @ 0x75bec0d2c0] t: 92.199979  TARGET:-23 LUFS    M: -14.7 S: -15.9     I: -16.3 LUFS       LRA:   2.9 LU  FTPK: -10.9 dBFS  TPK:  -1.5 dBFS
[Parsed_ebur128_0 @ 0x75bec0d2c0] t: 92.299979  TARGET:-23 LUFS    M: -14.0 S: -15.6     I: -16.2 LUFS       LRA:   2.9 LU  FTPK:  -1.5 dBFS  TPK:  -1.5 dBFS
[Parsed_ebur128_0 @ 0x75bec0d2c0] t: 92.399979  TARGET:-23 LUFS    M: -15.6 S: -15.6     I: -16.2 LUFS       LRA:   2.9 LU  FTPK:  -6.0 dBFS  TPK:  -1.5 dBFS
[Parsed_ebur128_0 @ 0x75bec0d2c0] t: 92.499979  TARGET:-23 LUFS    M: -16.5 S: -15.4     I: -16.2 LUFS       LRA:   2.9 LU  FTPK:  -3.1 dBFS  TPK:  -1.5 dBFS
[Parsed_ebur128_0 @ 0x75bec0d2c0] t: 92.599979  TARGET:-23 LUFS    M: -15.9 S: -15.6     I: -16.2 LUFS       LRA:   3.0 LU  FTPK:  -7.3 dBFS  TPK:  -1.5 dBFS
[Parsed_ebur128_0 @ 0x75bec0d2c0] t: 92.699979  TARGET:-23 LUFS    M: -17.9 S: -15.7     I: -16.2 LUFS       LRA:   3.0 LU  FTPK: -10.0 dBFS  TPK:  -1.5 dBFS
[Parsed_ebur128_0 @ 0x75bec0d2c0] t: 92.799979  TARGET:-23 LUFS    M: -17.1 S: -15.6     I: -16.3 LUFS       LRA:   3.0 LU  FTPK:  -4.8 dBFS  TPK:  -1.5 dBFS
[Parsed_ebur128_0 @ 0x75bec0d2c0] t: 92.899979  TARGET:-23 LUFS    M: -16.6 S: -15.5     I: -16.3 LUFS       LRA:   3.0 LU  FTPK:  -1.5 dBFS  TPK:  -1.5 dBFS
[Parsed_ebur128_0 @ 0x75bec0d2c0] t: 92.999979  TARGET:-23 LUFS    M: -14.7 S: -15.5     I: -16.2 LUFS       LRA:   3.0 LU  FTPK:  -2.0 dBFS  TPK:  -1.5 dBFS
[Parsed_ebur128_0 @ 0x75bec0d2c0] t: 93.099979  TARGET:-23 LUFS    M: -13.6 S: -15.4     I: -16.2 LUFS       LRA:   3.0 LU  FTPK:  -4.3 dBFS  TPK:  -1.5 dBFS
[Parsed_ebur128_0 @ 0x75bec0d2c0] t: 93.199979  TARGET:-23 LUFS    M: -13.8 S: -15.4     I: -16.2 LUFS       LRA:   3.0 LU  FTPK:  -4.9 dBFS  TPK:  -1.5 dBFS
[Parsed_ebur128_0 @ 0x75bec0d2c0] t: 93.299979  TARGET:-23 LUFS    M: -14.2 S: -15.4     I: -16.2 LUFS       LRA:   3.0 LU  FTPK:  -5.0 dBFS  TPK:  -1.5 dBFS
[Parsed_ebur128_0 @ 0x75bec0d2c0] t: 93.399979  TARGET:-23 LUFS    M: -16.2 S: -15.7     I: -16.2 LUFS       LRA:   3.0 LU  FTPK:  -8.2 dBFS  TPK:  -1.5 dBFS
[Parsed_ebur128_0 @ 0x75bec0d2c0] t: 93.499979  TARGET:-23 LUFS    M: -18.3 S: -15.8     I: -16.2 LUFS       LRA:   3.0 LU  FTPK:  -8.4 dBFS  TPK:  -1.5 dBFS
[Parsed_ebur128_0 @ 0x75bec0d2c0] t: 93.599979  TARGET:-23 LUFS    M: -19.4 S: -15.9     I: -16.2 LUFS       LRA:   3.0 LU  FTPK: -10.7 dBFS  TPK:  -1.5 dBFS
[Parsed_ebur128_0 @ 0x75bec0d2c0] t: 93.699979  TARGET:-23 LUFS    M: -18.7 S: -15.9     I: -16.2 LUFS       LRA:   3.0 LU  FTPK:  -2.8 dBFS  TPK:  -1.5 dBFS
[Parsed_ebur128_0 @ 0x75bec0d2c0] t: 93.799979  TARGET:-23 LUFS    M: -18.8 S: -16.0     I: -16.2 LUFS       LRA:   3.0 LU  FTPK:  -9.5 dBFS  TPK:  -1.5 dBFS
[Parsed_ebur128_0 @ 0x75bec0d2c0] t: 93.899979  TARGET:-23 LUFS    M: -19.6 S: -16.4     I: -16.2 LUFS       LRA:   3.0 LU  FTPK: -11.2 dBFS  TPK:  -1.5 dBFS
[Parsed_ebur128_0 @ 0x75bec0d2c0] t: 93.999979  TARGET:-23 LUFS    M: -17.4 S: -16.4     I: -16.3 LUFS       LRA:   3.0 LU  FTPK:  -1.9 dBFS  TPK:  -1.5 dBFS
[Parsed_ebur128_0 @ 0x75bec0d2c0] t: 94.099979  TARGET:-23 LUFS    M: -17.4 S: -16.5     I: -16.3 LUFS       LRA:   3.0 LU  FTPK:  -3.0 dBFS  TPK:  -1.5 dBFS
[Parsed_ebur128_0 @ 0x75bec0d2c0] t: 94.199979  TARGET:-23 LUFS    M: -16.4 S: -16.5     I: -16.3 LUFS       LRA:   3.0 LU  FTPK:  -4.2 dBFS  TPK:  -1.5 dBFS
[Parsed_ebur128_0 @ 0x75bec0d2c0] t: 94.299979  TARGET:-23 LUFS    M: -16.1 S: -16.5     I: -16.3 LUFS       LRA:   3.0 LU  FTPK:  -6.6 dBFS  TPK:  -1.5 dBFS
[Parsed_ebur128_0 @ 0x75bec0d2c0] t: 94.399979  TARGET:-23 LUFS    M: -14.8 S: -16.1     I: -16.2 LUFS       LRA:   3.0 LU  FTPK:  -2.5 dBFS  TPK:  -1.5 dBFS
[Parsed_ebur128_0 @ 0x75bec0d2c0] t: 94.499979  TARGET:-23 LUFS    M: -15.5 S: -16.0     I: -16.2 LUFS       LRA:   3.0 LU  FTPK:  -7.8 dBFS  TPK:  -1.5 dBFS
[Parsed_ebur128_0 @ 0x75bec0d2c0] t: 94.599979  TARGET:-23 LUFS    M: -16.4 S: -16.0     I: -16.2 LUFS       LRA:   3.0 LU  FTPK: -12.0 dBFS  TPK:  -1.5 dBFS
[Parsed_ebur128_0 @ 0x75bec0d2c0] t: 94.699979  TARGET:-23 LUFS    M: -16.8 S: -16.0     I: -16.2 LUFS       LRA:   3.0 LU  FTPK: -20.9 dBFS  TPK:  -1.5 dBFS
[Parsed_ebur128_0 @ 0x75bec0d2c0] t: 94.799979  TARGET:-23 LUFS    M: -20.1 S: -16.1     I: -16.3 LUFS       LRA:   3.0 LU  FTPK:  -6.4 dBFS  TPK:  -1.5 dBFS
[Parsed_ebur128_0 @ 0x75bec0d2c0] t: 94.899979  TARGET:-23 LUFS    M: -21.4 S: -16.3     I: -16.3 LUFS       LRA:   3.0 LU  FTPK: -13.8 dBFS  TPK:  -1.5 dBFS
[Parsed_ebur128_0 @ 0x75bec0d2c0] t: 94.999979  TARGET:-23 LUFS    M: -22.1 S: -16.7     I: -16.3 LUFS       LRA:   3.0 LU  FTPK: -67.4 dBFS  TPK:  -1.5 dBFS
[Parsed_ebur128_0 @ 0x75bec0d2c0] t: 95.099979  TARGET:-23 LUFS    M: -22.2 S: -17.0     I: -16.3 LUFS       LRA:   3.0 LU  FTPK: -84.7 dBFS  TPK:  -1.5 dBFS
[Parsed_ebur128_0 @ 0x75bec0d2c0] t: 95.199979  TARGET:-23 LUFS    M: -33.7 S: -17.0     I: -16.3 LUFS       LRA:   3.0 LU  FTPK:  -inf dBFS  TPK:  -1.5 dBFS
[Parsed_ebur128_0 @ 0x75bec0d2c0] t: 95.299979  TARGET:-23 LUFS    M: -85.8 S: -17.4     I: -16.3 LUFS       LRA:   3.0 LU  FTPK:  -inf dBFS  TPK:  -1.5 dBFS
[Parsed_silencedetect_1 @ 0x75bec0d380] silence_start: 94.845812
[Parsed_ebur128_0 @ 0x75bec0d2c0] t: 95.399979  TARGET:-23 LUFS    M:-114.7 S: -17.5     I: -16.3 LUFS       LRA:   3.0 LU  FTPK:  -inf dBFS  TPK:  -1.5 dBFS
[Parsed_ebur128_0 @ 0x75bec0d2c0] t: 95.499979  TARGET:-23 LUFS    M:   nan S: -17.7     I: -16.3 LUFS       LRA:   3.0 LU  FTPK:  -inf dBFS  TPK:  -1.5 dBFS
[Parsed_ebur128_0 @ 0x75bec0d2c0] t: 95.599979  TARGET:-23 LUFS    M:   nan S: -17.8     I: -16.3 LUFS       LRA:   3.0 LU  FTPK:  -inf dBFS  TPK:  -1.5 dBFS
[Parsed_ebur128_0 @ 0x75bec0d2c0] t: 95.699979  TARGET:-23 LUFS    M:   nan S: -17.9     I: -16.3 LUFS       LRA:   3.0 LU  FTPK:  -inf dBFS  TPK:  -1.5 dBFS
[Parsed_ebur128_0 @ 0x75bec0d2c0] t: 95.799979  TARGET:-23 LUFS    M: -84.7 S: -18.1     I: -16.3 LUFS       LRA:   3.0 LU  FTPK: -63.8 dBFS  TPK:  -1.5 dBFS
[Parsed_ebur128_0 @ 0x75bec0d2c0] t: 95.899979  TARGET:-23 LUFS    M: -23.2 S: -18.4     I: -16.3 LUFS       LRA:   3.0 LU  FTPK:  -4.4 dBFS  TPK:  -1.5 dBFS
[Parsed_silencedetect_1 @ 0x75bec0d380] silence_end: 95.844604 | silence_duration: 0.998792
[Parsed_ebur128_0 @ 0x75bec0d2c0] t: 95.999979  TARGET:-23 LUFS    M: -19.9 S: -18.8     I: -16.3 LUFS       LRA:   3.0 LU  FTPK:  -5.2 dBFS  TPK:  -1.5 dBFS
[Parsed_ebur128_0 @ 0x75bec0d2c0] t: 96.099979  TARGET:-23 LUFS    M: -18.6 S: -19.2     I: -16.3 LUFS       LRA:   3.0 LU  FTPK:  -6.7 dBFS  TPK:  -1.5 dBFS
[Parsed_ebur128_0 @ 0x75bec0d2c0] t: 96.199979  TARGET:-23 LUFS    M: -15.2 S: -18.6     I: -16.3 LUFS       LRA:   3.0 LU  FTPK:  -1.5 dBFS  TPK:  -1.5 dBFS
[Parsed_ebur128_0 @ 0x75bec0d2c0] t: 96.299979  TARGET:-23 LUFS    M: -15.5 S: -18.8     I: -16.3 LUFS       LRA:   3.0 LU  FTPK:  -9.7 dBFS  TPK:  -1.5 dBFS
[Parsed_ebur128_0 @ 0x75bec0d2c0] t: 96.399979  TARGET:-23 LUFS    M: -14.5 S: -18.3     I: -16.3 LUFS       LRA:   3.0 LU  FTPK:  -1.5 dBFS  TPK:  -1.5 dBFS
[Parsed_ebur128_0 @ 0x75bec0d2c0] t: 96.499979  TARGET:-23 LUFS    M: -14.7 S: -18.3     I: -16.3 LUFS       LRA:   3.0 LU  FTPK:  -4.5 dBFS  TPK:  -1.5 dBFS
[Parsed_ebur128_0 @ 0x75bec0d2c0] t: 96.599979  TARGET:-23 LUFS    M: -16.4 S: -18.2     I: -16.3 LUFS       LRA:   3.0 LU  FTPK:  -2.7 dBFS  TPK:  -1.5 dBFS
[Parsed_ebur128_0 @ 0x75bec0d2c0] t: 96.699979  TARGET:-23 LUFS    M: -16.4 S: -18.4     I: -16.3 LUFS       LRA:   3.0 LU  FTPK:  -7.4 dBFS  TPK:  -1.5 dBFS
[Parsed_ebur128_0 @ 0x75bec0d2c0] t: 96.799979  TARGET:-23 LUFS    M: -16.5 S: -18.0     I: -16.3 LUFS       LRA:   3.0 LU  FTPK:  -2.9 dBFS  TPK:  -1.5 dBFS
[Parsed_ebur128_0 @ 0x75bec0d2c0] t: 96.899979  TARGET:-23 LUFS    M: -15.4 S: -17.7     I: -16.3 LUFS       LRA:   3.0 LU  FTPK:  -3.6 dBFS  TPK:  -1.5 dBFS
[Parsed_ebur128_0 @ 0x75bec0d2c0] t: 96.999979  TARGET:-23 LUFS    M: -15.2 S: -17.7     I: -16.3 LUFS       LRA:   3.0 LU  FTPK:  -3.6 dBFS  TPK:  -1.5 dBFS
[Parsed_ebur128_0 @ 0x75bec0d2c0] t: 97.099979  TARGET:-23 LUFS    M: -14.8 S: -17.8     I: -16.3 LUFS       LRA:   3.0 LU  FTPK:  -2.3 dBFS  TPK:  -1.5 dBFS
[Parsed_ebur128_0 @ 0x75bec0d2c0] t: 97.199979  TARGET:-23 LUFS    M: -15.0 S: -17.7     I: -16.3 LUFS       LRA:   3.0 LU  FTPK:  -3.3 dBFS  TPK:  -1.5 dBFS
[Parsed_ebur128_0 @ 0x75bec0d2c0] t: 97.299979  TARGET:-23 LUFS    M: -15.1 S: -17.5     I: -16.3 LUFS       LRA:   3.0 LU  FTPK:  -3.4 dBFS  TPK:  -1.5 dBFS
[Parsed_ebur128_0 @ 0x75bec0d2c0] t: 97.399979  TARGET:-23 LUFS    M: -15.8 S: -18.0     I: -16.3 LUFS       LRA:   3.0 LU  FTPK:  -8.3 dBFS  TPK:  -1.5 dBFS
[Parsed_ebur128_0 @ 0x75bec0d2c0] t: 97.499979  TARGET:-23 LUFS    M: -14.6 S: -17.6     I: -16.3 LUFS       LRA:   3.0 LU  FTPK:  -2.4 dBFS  TPK:  -1.5 dBFS
[Parsed_ebur128_0 @ 0x75bec0d2c0] t: 97.599979  TARGET:-23 LUFS    M: -15.5 S: -17.5     I: -16.3 LUFS       LRA:   3.0 LU  FTPK:  -7.3 dBFS  TPK:  -1.5 dBFS
[Parsed_ebur128_0 @ 0x75bec0d2c0] t: 97.699979  TARGET:-23 LUFS    M: -15.3 S: -17.2     I: -16.3 LUFS       LRA:   3.0 LU  FTPK:  -1.5 dBFS  TPK:  -1.5 dBFS
[Parsed_ebur128_0 @ 0x75bec0d2c0] t: 97.799979  TARGET:-23 LUFS    M: -15.1 S: -17.3     I: -16.3 LUFS       LRA:   3.0 LU  FTPK:  -6.7 dBFS  TPK:  -1.5 dBFS
[Parsed_ebur128_0 @ 0x75bec0d2c0] t: 97.899979  TARGET:-23 LUFS    M: -15.6 S: -16.9     I: -16.3 LUFS       LRA:   3.0 LU  FTPK:  -2.3 dBFS  TPK:  -1.5 dBFS
[Parsed_ebur128_0 @ 0x75bec0d2c0] t: 97.999979  TARGET:-23 LUFS    M: -14.5 S: -16.6     I: -16.2 LUFS       LRA:   3.0 LU  FTPK:  -3.7 dBFS  TPK:  -1.5 dBFS
[Parsed_ebur128_0 @ 0x75bec0d2c0] t: 98.099979  TARGET:-23 LUFS    M: -14.7 S: -16.4     I: -16.2 LUFS       LRA:   3.0 LU  FTPK:  -5.4 dBFS  TPK:  -1.5 dBFS
[Parsed_ebur128_0 @ 0x75bec0d2c0] t: 98.199979  TARGET:-23 LUFS    M: -14.7 S: -16.4     I: -16.2 LUFS       LRA:   3.0 LU  FTPK:  -3.1 dBFS  TPK:  -1.5 dBFS
[Parsed_ebur128_0 @ 0x75bec0d2c0] t: 98.299979  TARGET:-23 LUFS    M: -15.1 S: -16.1     I: -16.2 LUFS       LRA:   3.0 LU  FTPK:  -2.8 dBFS  TPK:  -1.5 dBFS
[Parsed_ebur128_0 @ 0x75bec0d2c0] t: 98.399979  TARGET:-23 LUFS    M: -15.4 S: -15.9     I: -16.2 LUFS       LRA:   3.0 LU  FTPK:  -4.9 dBFS  TPK:  -1.5 dBFS
[Parsed_ebur128_0 @ 0x75bec0d2c0] t: 98.499979  TARGET:-23 LUFS    M: -16.3 S: -15.9     I: -16.2 LUFS       LRA:   3.0 LU  FTPK:  -6.8 dBFS  TPK:  -1.5 dBFS
[Parsed_ebur128_0 @ 0x75bec0d2c0] t: 98.599979  TARGET:-23 LUFS    M: -16.0 S: -15.8     I: -16.2 LUFS       LRA:   3.0 LU  FTPK:  -6.0 dBFS  TPK:  -1.5 dBFS
[Parsed_ebur128_0 @ 0x75bec0d2c0] t: 98.699979  TARGET:-23 LUFS    M: -16.6 S: -15.6     I: -16.2 LUFS       LRA:   3.0 LU  FTPK:  -5.7 dBFS  TPK:  -1.5 dBFS
[Parsed_ebur128_0 @ 0x75bec0d2c0] t: 98.799979  TARGET:-23 LUFS    M: -17.5 S: -15.5     I: -16.2 LUFS       LRA:   3.0 LU  FTPK:  -2.6 dBFS  TPK:  -1.5 dBFS
[Parsed_ebur128_0 @ 0x75bec0d2c0] t: 98.899979  TARGET:-23 LUFS    M: -17.3 S: -15.6     I: -16.2 LUFS       LRA:   3.0 LU  FTPK:  -2.7 dBFS  TPK:  -1.5 dBFS
[Parsed_ebur128_0 @ 0x75bec0d2c0] t: 98.999979  TARGET:-23 LUFS    M: -15.7 S: -15.4     I: -16.2 LUFS       LRA:   3.0 LU  FTPK:  -1.5 dBFS  TPK:  -1.5 dBFS
[Parsed_ebur128_0 @ 0x75bec0d2c0] t: 99.099979  TARGET:-23 LUFS    M: -15.4 S: -15.3     I: -16.2 LUFS       LRA:   3.0 LU  FTPK:  -2.8 dBFS  TPK:  -1.5 dBFS
[Parsed_ebur128_0 @ 0x75bec0d2c0] t: 99.199979  TARGET:-23 LUFS    M: -15.8 S: -15.6     I: -16.2 LUFS       LRA:   3.0 LU  FTPK:  -7.7 dBFS  TPK:  -1.5 dBFS
[Parsed_ebur128_0 @ 0x75bec0d2c0] t: 99.299979  TARGET:-23 LUFS    M: -16.0 S: -15.6     I: -16.2 LUFS       LRA:   3.0 LU  FTPK:  -7.1 dBFS  TPK:  -1.5 dBFS
[Parsed_ebur128_0 @ 0x75bec0d2c0] t: 99.399979  TARGET:-23 LUFS    M: -19.0 S: -15.9     I: -16.2 LUFS       LRA:   3.0 LU  FTPK: -13.2 dBFS  TPK:  -1.5 dBFS
[Parsed_ebur128_0 @ 0x75bec0d2c0] t: 99.499979  TARGET:-23 LUFS    M: -19.4 S: -15.8     I: -16.2 LUFS       LRA:   3.0 LU  FTPK:  -5.6 dBFS  TPK:  -1.5 dBFS
[Parsed_ebur128_0 @ 0x75bec0d2c0] t: 99.599979  TARGET:-23 LUFS    M: -17.6 S: -15.7     I: -16.2 LUFS       LRA:   3.0 LU  FTPK:  -5.0 dBFS  TPK:  -1.5 dBFS
[Parsed_ebur128_0 @ 0x75bec0d2c0] t: 99.699979  TARGET:-23 LUFS    M: -16.1 S: -15.6     I: -16.2 LUFS       LRA:   3.0 LU  FTPK:  -4.9 dBFS  TPK:  -1.5 dBFS
[Parsed_ebur128_0 @ 0x75bec0d2c0] t: 99.799979  TARGET:-23 LUFS    M: -15.6 S: -15.8     I: -16.2 LUFS       LRA:   3.0 LU  FTPK:  -6.5 dBFS  TPK:  -1.5 dBFS
[Parsed_ebur128_0 @ 0x75bec0d2c0] t: 99.899979  TARGET:-23 LUFS    M: -16.4 S: -15.9     I: -16.2 LUFS       LRA:   3.0 LU  FTPK:  -9.2 dBFS  TPK:  -1.5 dBFS
[Parsed_ebur128_0 @ 0x75bec0d2c0] t: 99.999979  TARGET:-23 LUFS    M: -18.3 S: -16.1     I: -16.2 LUFS       LRA:   3.0 LU  FTPK: -11.1 dBFS  TPK:  -1.5 dBFS
[Parsed_ebur128_0 @ 0x75bec0d2c0] t: 100.099979 TARGET:-23 LUFS    M: -22.7 S: -16.2     I: -16.3 LUFS       LRA:   3.0 LU  FTPK: -23.4 dBFS  TPK:  -1.5 dBFS
[Parsed_ebur128_0 @ 0x75bec0d2c0] t: 100.199979 TARGET:-23 LUFS    M: -28.0 S: -16.5     I: -16.3 LUFS       LRA:   3.0 LU  FTPK: -60.5 dBFS  TPK:  -1.5 dBFS
[Parsed_ebur128_0 @ 0x75bec0d2c0] t: 100.299979 TARGET:-23 LUFS    M: -32.4 S: -16.7     I: -16.3 LUFS       LRA:   3.0 LU  FTPK: -66.4 dBFS  TPK:  -1.5 dBFS
[Parsed_ebur128_0 @ 0x75bec0d2c0] t: 100.399979 TARGET:-23 LUFS    M: -47.1 S: -16.7     I: -16.3 LUFS       LRA:   3.0 LU  FTPK:  -inf dBFS  TPK:  -1.5 dBFS
[Parsed_ebur128_0 @ 0x75bec0d2c0] t: 100.499979 TARGET:-23 LUFS    M: -80.7 S: -17.2     I: -16.3 LUFS       LRA:   3.0 LU  FTPK:  -inf dBFS  TPK:  -1.5 dBFS
[Parsed_silencedetect_1 @ 0x75bec0d380] silence_start: 100.0395
[Parsed_ebur128_0 @ 0x75bec0d2c0] t: 100.599979 TARGET:-23 LUFS    M: -92.2 S: -17.3     I: -16.3 LUFS       LRA:   3.0 LU  FTPK:  -inf dBFS  TPK:  -1.5 dBFS
[Parsed_ebur128_0 @ 0x75bec0d2c0] t: 100.699979 TARGET:-23 LUFS    M:   nan S: -17.6     I: -16.3 LUFS       LRA:   3.0 LU  FTPK:  -inf dBFS  TPK:  -1.5 dBFS
[Parsed_ebur128_0 @ 0x75bec0d2c0] t: 100.799979 TARGET:-23 LUFS    M:   nan S: -17.7     I: -16.3 LUFS       LRA:   3.0 LU  FTPK:  -inf dBFS  TPK:  -1.5 dBFS
[Parsed_ebur128_0 @ 0x75bec0d2c0] t: 100.899979 TARGET:-23 LUFS    M:   nan S: -18.1     I: -16.3 LUFS       LRA:   3.0 LU  FTPK:  -inf dBFS  TPK:  -1.5 dBFS
[Parsed_ebur128_0 @ 0x75bec0d2c0] t: 100.999979 TARGET:-23 LUFS    M: -90.4 S: -18.5     I: -16.3 LUFS       LRA:   3.0 LU  FTPK: -69.6 dBFS  TPK:  -1.5 dBFS
[Parsed_ebur128_0 @ 0x75bec0d2c0] t: 101.099979 TARGET:-23 LUFS    M: -20.6 S: -18.5     I: -16.3 LUFS       LRA:   3.0 LU  FTPK:  -1.5 dBFS  TPK:  -1.5 dBFS
[Parsed_silencedetect_1 @ 0x75bec0d380] silence_end: 101.058646 | silence_duration: 1.019146
[Parsed_ebur128_0 @ 0x75bec0d2c0] t: 101.199979 TARGET:-23 LUFS    M: -17.8 S: -18.3     I: -16.3 LUFS       LRA:   3.0 LU  FTPK:  -2.9 dBFS  TPK:  -1.5 dBFS
[Parsed_ebur128_0 @ 0x75bec0d2c0] t: 101.299979 TARGET:-23 LUFS    M: -16.3 S: -18.4     I: -16.3 LUFS       LRA:   3.0 LU  FTPK:  -4.1 dBFS  TPK:  -1.5 dBFS
[Parsed_ebur128_0 @ 0x75bec0d2c0] t: 101.399979 TARGET:-23 LUFS    M: -14.5 S: -18.3     I: -16.3 LUFS       LRA:   3.0 LU  FTPK:  -2.3 dBFS  TPK:  -1.5 dBFS
[Parsed_ebur128_0 @ 0x75bec0d2c0] t: 101.499979 TARGET:-23 LUFS    M: -14.8 S: -18.1     I: -16.3 LUFS       LRA:   3.0 LU  FTPK:  -7.4 dBFS  TPK:  -1.5 dBFS
[Parsed_ebur128_0 @ 0x75bec0d2c0] t: 101.599979 TARGET:-23 LUFS    M: -14.6 S: -18.0     I: -16.3 LUFS       LRA:   3.0 LU  FTPK:  -3.2 dBFS  TPK:  -1.5 dBFS
[Parsed_ebur128_0 @ 0x75bec0d2c0] t: 101.699979 TARGET:-23 LUFS    M: -14.3 S: -17.8     I: -16.2 LUFS       LRA:   3.0 LU  FTPK:  -4.6 dBFS  TPK:  -1.5 dBFS
[Parsed_ebur128_0 @ 0x75bec0d2c0] t: 101.799979 TARGET:-23 LUFS    M: -15.2 S: -17.8     I: -16.2 LUFS       LRA:   3.0 LU  FTPK:  -6.3 dBFS  TPK:  -1.5 dBFS
[Parsed_ebur128_0 @ 0x75bec0d2c0] t: 101.899979 TARGET:-23 LUFS    M: -14.4 S: -17.5     I: -16.2 LUFS       LRA:   3.0 LU  FTPK:  -1.5 dBFS  TPK:  -1.5 dBFS
[Parsed_ebur128_0 @ 0x75bec0d2c0] t: 101.999979 TARGET:-23 LUFS    M: -15.0 S: -17.8     I: -16.2 LUFS       LRA:   3.0 LU  FTPK:  -3.8 dBFS  TPK:  -1.5 dBFS
[Parsed_ebur128_0 @ 0x75bec0d2c0] t: 102.099979 TARGET:-23 LUFS    M: -16.5 S: -18.0     I: -16.2 LUFS       LRA:   3.0 LU  FTPK: -16.2 dBFS  TPK:  -1.5 dBFS
[Parsed_ebur128_0 @ 0x75bec0d2c0] t: 102.199979 TARGET:-23 LUFS    M: -15.4 S: -17.7     I: -16.2 LUFS       LRA:   3.0 LU  FTPK:  -1.5 dBFS  TPK:  -1.5 dBFS
[Parsed_ebur128_0 @ 0x75bec0d2c0] t: 102.299979 TARGET:-23 LUFS    M: -16.4 S: -17.6     I: -16.2 LUFS       LRA:   3.0 LU  FTPK:  -2.0 dBFS  TPK:  -1.5 dBFS
[Parsed_ebur128_0 @ 0x75bec0d2c0] t: 102.399979 TARGET:-23 LUFS    M: -15.3 S: -17.2     I: -16.2 LUFS       LRA:   3.0 LU  FTPK:  -2.7 dBFS  TPK:  -1.5 dBFS
[Parsed_ebur128_0 @ 0x75bec0d2c0] t: 102.499979 TARGET:-23 LUFS    M: -14.4 S: -17.2     I: -16.2 LUFS       LRA:   3.0 LU  FTPK:  -4.4 dBFS  TPK:  -1.5 dBFS
[Parsed_ebur128_0 @ 0x75bec0d2c0] t: 102.599979 TARGET:-23 LUFS    M: -15.0 S: -17.3     I: -16.2 LUFS       LRA:   3.0 LU  FTPK:  -4.8 dBFS  TPK:  -1.5 dBFS
[Parsed_ebur128_0 @ 0x75bec0d2c0] t: 102.699979 TARGET:-23 LUFS    M: -15.2 S: -17.4     I: -16.2 LUFS       LRA:   3.0 LU  FTPK:  -5.1 dBFS  TPK:  -1.5 dBFS
[Parsed_ebur128_0 @ 0x75bec0d2c0] t: 102.799979 TARGET:-23 LUFS    M: -16.6 S: -17.4     I: -16.2 LUFS       LRA:   3.0 LU  FTPK:  -5.7 dBFS  TPK:  -1.5 dBFS
[Parsed_ebur128_0 @ 0x75bec0d2c0] t: 102.899979 TARGET:-23 LUFS    M: -17.2 S: -17.3     I: -16.2 LUFS       LRA:   3.0 LU  FTPK:  -6.3 dBFS  TPK:  -1.5 dBFS
[Parsed_ebur128_0 @ 0x75bec0d2c0] t: 102.999979 TARGET:-23 LUFS    M: -18.7 S: -17.3     I: -16.2 LUFS       LRA:   3.0 LU  FTPK: -12.4 dBFS  TPK:  -1.5 dBFS
[Parsed_ebur128_0 @ 0x75bec0d2c0] t: 103.099979 TARGET:-23 LUFS    M: -18.1 S: -17.1     I: -16.2 LUFS       LRA:   3.0 LU  FTPK:  -4.1 dBFS  TPK:  -1.5 dBFS
[Parsed_ebur128_0 @ 0x75bec0d2c0] t: 103.199979 TARGET:-23 LUFS    M: -16.2 S: -16.8     I: -16.2 LUFS       LRA:   3.0 LU  FTPK:  -2.8 dBFS  TPK:  -1.5 dBFS
[Parsed_ebur128_0 @ 0x75bec0d2c0] t: 103.299979 TARGET:-23 LUFS    M: -15.9 S: -16.6     I: -16.2 LUFS       LRA:   3.0 LU  FTPK:  -2.8 dBFS  TPK:  -1.5 dBFS
[Parsed_ebur128_0 @ 0x75bec0d2c0] t: 103.399979 TARGET:-23 LUFS    M: -14.7 S: -16.4     I: -16.2 LUFS       LRA:   2.9 LU  FTPK:  -2.1 dBFS  TPK:  -1.5 dBFS
[Parsed_ebur128_0 @ 0x75bec0d2c0] t: 103.499979 TARGET:-23 LUFS    M: -14.5 S: -16.1     I: -16.2 LUFS       LRA:   2.9 LU  FTPK:  -3.1 dBFS  TPK:  -1.5 dBFS
[Parsed_ebur128_0 @ 0x75bec0d2c0] t: 103.599979 TARGET:-23 LUFS    M: -16.0 S: -16.1     I: -16.2 LUFS       LRA:   2.9 LU  FTPK: -10.6 dBFS  TPK:  -1.5 dBFS
[Parsed_ebur128_0 @ 0x75bec0d2c0] t: 103.699979 TARGET:-23 LUFS    M: -16.6 S: -16.0     I: -16.2 LUFS       LRA:   2.9 LU  FTPK:  -6.9 dBFS  TPK:  -1.5 dBFS
[Parsed_ebur128_0 @ 0x75bec0d2c0] t: 103.799979 TARGET:-23 LUFS    M: -18.8 S: -16.0     I: -16.2 LUFS       LRA:   2.9 LU  FTPK: -17.5 dBFS  TPK:  -1.5 dBFS
[Parsed_ebur128_0 @ 0x75bec0d2c0] t: 103.899979 TARGET:-23 LUFS    M: -24.0 S: -16.0     I: -16.2 LUFS       LRA:   2.9 LU  FTPK: -44.1 dBFS  TPK:  -1.5 dBFS
[Parsed_ebur128_0 @ 0x75bec0d2c0] t: 103.999979 TARGET:-23 LUFS    M: -23.5 S: -16.0     I: -16.2 LUFS       LRA:   2.9 LU  FTPK:  -7.6 dBFS  TPK:  -1.5 dBFS
[Parsed_ebur128_0 @ 0x75bec0d2c0] t: 104.099979 TARGET:-23 LUFS    M: -17.2 S: -15.8     I: -16.2 LUFS       LRA:   2.9 LU  FTPK:  -1.5 dBFS  TPK:  -1.5 dBFS
[Parsed_ebur128_0 @ 0x75bec0d2c0] t: 104.199979 TARGET:-23 LUFS    M: -16.0 S: -15.8     I: -16.2 LUFS       LRA:   2.9 LU  FTPK:  -1.5 dBFS  TPK:  -1.5 dBFS
[Parsed_ebur128_0 @ 0x75bec0d2c0] t: 104.299979 TARGET:-23 LUFS    M: -15.0 S: -15.9     I: -16.2 LUFS       LRA:   2.9 LU  FTPK:  -2.5 dBFS  TPK:  -1.5 dBFS
[Parsed_ebur128_0 @ 0x75bec0d2c0] t: 104.399979 TARGET:-23 LUFS    M: -14.2 S: -16.0     I: -16.2 LUFS       LRA:   2.9 LU  FTPK:  -4.4 dBFS  TPK:  -1.5 dBFS
[Parsed_ebur128_0 @ 0x75bec0d2c0] t: 104.499979 TARGET:-23 LUFS    M: -15.8 S: -16.0     I: -16.2 LUFS       LRA:   2.9 LU  FTPK:  -5.9 dBFS  TPK:  -1.5 dBFS
[Parsed_ebur128_0 @ 0x75bec0d2c0] t: 104.599979 TARGET:-23 LUFS    M: -16.4 S: -16.1     I: -16.2 LUFS       LRA:   2.9 LU  FTPK:  -7.1 dBFS  TPK:  -1.5 dBFS
[Parsed_ebur128_0 @ 0x75bec0d2c0] t: 104.699979 TARGET:-23 LUFS    M: -16.6 S: -16.2     I: -16.2 LUFS       LRA:   2.9 LU  FTPK:  -2.8 dBFS  TPK:  -1.5 dBFS
[Parsed_ebur128_0 @ 0x75bec0d2c0] t: 104.799979 TARGET:-23 LUFS    M: -13.2 S: -15.6     I: -16.2 LUFS       LRA:   2.9 LU  FTPK:  -1.5 dBFS  TPK:  -1.5 dBFS
[Parsed_ebur128_0 @ 0x75bec0d2c0] t: 104.899979 TARGET:-23 LUFS    M: -13.5 S: -15.8     I: -16.2 LUFS       LRA:   2.9 LU  FTPK:  -7.2 dBFS  TPK:  -1.5 dBFS
[Parsed_ebur128_0 @ 0x75bec0d2c0] t: 104.999979 TARGET:-23 LUFS    M: -13.6 S: -15.8     I: -16.2 LUFS       LRA:   2.9 LU  FTPK:  -8.3 dBFS  TPK:  -1.5 dBFS
[Parsed_ebur128_0 @ 0x75bec0d2c0] t: 105.099979 TARGET:-23 LUFS    M: -14.0 S: -15.8     I: -16.2 LUFS       LRA:   2.9 LU  FTPK:  -6.7 dBFS  TPK:  -1.5 dBFS
[Parsed_ebur128_0 @ 0x75bec0d2c0] t: 105.199979 TARGET:-23 LUFS    M: -21.0 S: -16.0     I: -16.2 LUFS       LRA:   2.9 LU  FTPK:  -9.3 dBFS  TPK:  -1.5 dBFS
[Parsed_ebur128_0 @ 0x75bec0d2c0] t: 105.299979 TARGET:-23 LUFS    M: -18.4 S: -16.0     I: -16.2 LUFS       LRA:   2.9 LU  FTPK:  -2.9 dBFS  TPK:  -1.5 dBFS
[Parsed_ebur128_0 @ 0x75bec0d2c0] t: 105.399979 TARGET:-23 LUFS    M: -18.2 S: -16.2     I: -16.2 LUFS       LRA:   2.9 LU  FTPK:  -7.9 dBFS  TPK:  -1.5 dBFS
[Parsed_ebur128_0 @ 0x75bec0d2c0] t: 105.499979 TARGET:-23 LUFS    M: -17.8 S: -16.3     I: -16.2 LUFS       LRA:   2.9 LU  FTPK:  -8.9 dBFS  TPK:  -1.5 dBFS
[Parsed_ebur128_0 @ 0x75bec0d2c0] t: 105.599979 TARGET:-23 LUFS    M: -15.9 S: -16.2     I: -16.2 LUFS       LRA:   2.9 LU  FTPK:  -2.9 dBFS  TPK:  -1.5 dBFS
[Parsed_ebur128_0 @ 0x75bec0d2c0] t: 105.699979 TARGET:-23 LUFS    M: -17.5 S: -16.3     I: -16.2 LUFS       LRA:   2.9 LU  FTPK:  -8.7 dBFS  TPK:  -1.5 dBFS
[Parsed_ebur128_0 @ 0x75bec0d2c0] t: 105.799979 TARGET:-23 LUFS    M: -17.4 S: -16.3     I: -16.2 LUFS       LRA:   2.9 LU  FTPK:  -4.4 dBFS  TPK:  -1.5 dBFS
[Parsed_ebur128_0 @ 0x75bec0d2c0] t: 105.899979 TARGET:-23 LUFS    M: -17.9 S: -16.3     I: -16.2 LUFS       LRA:   2.9 LU  FTPK:  -7.0 dBFS  TPK:  -1.5 dBFS
[Parsed_ebur128_0 @ 0x75bec0d2c0] t: 105.999979 TARGET:-23 LUFS    M: -19.7 S: -16.3     I: -16.2 LUFS       LRA:   2.9 LU  FTPK:  -7.7 dBFS  TPK:  -1.5 dBFS
[Parsed_ebur128_0 @ 0x75bec0d2c0] t: 106.099979 TARGET:-23 LUFS    M: -19.9 S: -16.4     I: -16.2 LUFS       LRA:   2.9 LU  FTPK: -13.0 dBFS  TPK:  -1.5 dBFS
[Parsed_ebur128_0 @ 0x75bec0d2c0] t: 106.199979 TARGET:-23 LUFS    M: -21.8 S: -16.7     I: -16.2 LUFS       LRA:   2.9 LU  FTPK: -13.3 dBFS  TPK:  -1.5 dBFS
[Parsed_ebur128_0 @ 0x75bec0d2c0] t: 106.299979 TARGET:-23 LUFS    M: -22.6 S: -16.9     I: -16.2 LUFS       LRA:   2.9 LU  FTPK: -27.9 dBFS  TPK:  -1.5 dBFS
[Parsed_ebur128_0 @ 0x75bec0d2c0] t: 106.399979 TARGET:-23 LUFS    M: -29.2 S: -17.1     I: -16.2 LUFS       LRA:   2.9 LU  FTPK: -62.7 dBFS  TPK:  -1.5 dBFS
[Parsed_ebur128_0 @ 0x75bec0d2c0] t: 106.499979 TARGET:-23 LUFS    M: -35.3 S: -17.4     I: -16.2 LUFS       LRA:   2.9 LU  FTPK: -101.5 dBFS  TPK:  -1.5 dBFS
[Parsed_ebur128_0 @ 0x75bec0d2c0] t: 106.599979 TARGET:-23 LUFS    M: -49.2 S: -17.4     I: -16.2 LUFS       LRA:   2.9 LU  FTPK:  -inf dBFS  TPK:  -1.5 dBFS
[Parsed_ebur128_0 @ 0x75bec0d2c0] t: 106.699979 TARGET:-23 LUFS    M: -83.5 S: -17.5     I: -16.2 LUFS       LRA:   2.9 LU  FTPK:  -inf dBFS  TPK:  -1.5 dBFS
[Parsed_silencedetect_1 @ 0x75bec0d380] silence_start: 106.241521
[Parsed_ebur128_0 @ 0x75bec0d2c0] t: 106.799979 TARGET:-23 LUFS    M:-128.5 S: -17.5     I: -16.2 LUFS       LRA:   2.9 LU  FTPK:  -inf dBFS  TPK:  -1.5 dBFS
[Parsed_ebur128_0 @ 0x75bec0d2c0] t: 106.899979 TARGET:-23 LUFS    M:   nan S: -17.5     I: -16.2 LUFS       LRA:   2.9 LU  FTPK:  -inf dBFS  TPK:  -1.5 dBFS
[Parsed_ebur128_0 @ 0x75bec0d2c0] t: 106.999979 TARGET:-23 LUFS    M:   nan S: -17.6     I: -16.2 LUFS       LRA:   2.9 LU  FTPK:  -inf dBFS  TPK:  -1.5 dBFS
[Parsed_ebur128_0 @ 0x75bec0d2c0] t: 107.099979 TARGET:-23 LUFS    M:   nan S: -18.2     I: -16.2 LUFS       LRA:   2.9 LU  FTPK:  -inf dBFS  TPK:  -1.5 dBFS
[Parsed_ebur128_0 @ 0x75bec0d2c0] t: 107.199979 TARGET:-23 LUFS    M: -84.7 S: -18.5     I: -16.2 LUFS       LRA:   2.9 LU  FTPK: -63.1 dBFS  TPK:  -1.5 dBFS
[Parsed_ebur128_0 @ 0x75bec0d2c0] t: 107.299979 TARGET:-23 LUFS    M: -23.7 S: -18.5     I: -16.3 LUFS       LRA:   2.9 LU  FTPK:  -1.5 dBFS  TPK:  -1.5 dBFS
[Parsed_silencedetect_1 @ 0x75bec0d380] silence_end: 107.244708 | silence_duration: 1.003187
[Parsed_ebur128_0 @ 0x75bec0d2c0] t: 107.399979 TARGET:-23 LUFS    M: -20.4 S: -18.7     I: -16.3 LUFS       LRA:   2.9 LU  FTPK:  -1.5 dBFS  TPK:  -1.5 dBFS
[Parsed_ebur128_0 @ 0x75bec0d2c0] t: 107.499979 TARGET:-23 LUFS    M: -17.7 S: -18.6     I: -16.3 LUFS       LRA:   2.9 LU  FTPK:  -1.5 dBFS  TPK:  -1.5 dBFS
[Parsed_ebur128_0 @ 0x75bec0d2c0] t: 107.599979 TARGET:-23 LUFS    M: -16.8 S: -18.6     I: -16.3 LUFS       LRA:   2.9 LU  FTPK:  -4.3 dBFS  TPK:  -1.5 dBFS
[Parsed_ebur128_0 @ 0x75bec0d2c0] t: 107.699979 TARGET:-23 LUFS    M: -14.9 S: -18.1     I: -16.3 LUFS       LRA:   2.9 LU  FTPK:  -1.5 dBFS  TPK:  -1.5 dBFS
[Parsed_ebur128_0 @ 0x75bec0d2c0] t: 107.799979 TARGET:-23 LUFS    M: -14.5 S: -19.2     I: -16.3 LUFS       LRA:   2.9 LU  FTPK:  -2.1 dBFS  TPK:  -1.5 dBFS
[Parsed_ebur128_0 @ 0x75bec0d2c0] t: 107.899979 TARGET:-23 LUFS    M: -15.1 S: -19.2     I: -16.3 LUFS       LRA:   2.9 LU  FTPK:  -6.7 dBFS  TPK:  -1.5 dBFS
[Parsed_ebur128_0 @ 0x75bec0d2c0] t: 107.999979 TARGET:-23 LUFS    M: -15.5 S: -19.3     I: -16.3 LUFS       LRA:   3.0 LU  FTPK:  -9.5 dBFS  TPK:  -1.5 dBFS
[Parsed_ebur128_0 @ 0x75bec0d2c0] t: 108.099979 TARGET:-23 LUFS    M: -18.7 S: -19.3     I: -16.3 LUFS       LRA:   3.0 LU  FTPK:  -9.0 dBFS  TPK:  -1.5 dBFS
[Parsed_ebur128_0 @ 0x75bec0d2c0] t: 108.199979 TARGET:-23 LUFS    M: -21.1 S: -19.2     I: -16.3 LUFS       LRA:   3.0 LU  FTPK:  -7.2 dBFS  TPK:  -1.5 dBFS
[Parsed_ebur128_0 @ 0x75bec0d2c0] t: 108.299979 TARGET:-23 LUFS    M: -21.2 S: -19.5     I: -16.3 LUFS       LRA:   3.0 LU  FTPK:  -7.7 dBFS  TPK:  -1.5 dBFS
[Parsed_ebur128_0 @ 0x75bec0d2c0] t: 108.399979 TARGET:-23 LUFS    M: -21.4 S: -19.7     I: -16.3 LUFS       LRA:   3.0 LU  FTPK:  -7.4 dBFS  TPK:  -1.5 dBFS
[Parsed_ebur128_0 @ 0x75bec0d2c0] t: 108.499979 TARGET:-23 LUFS    M: -17.5 S: -19.2     I: -16.3 LUFS       LRA:   3.0 LU  FTPK:  -2.6 dBFS  TPK:  -1.5 dBFS
[Parsed_ebur128_0 @ 0x75bec0d2c0] t: 108.599979 TARGET:-23 LUFS    M: -15.3 S: -19.0     I: -16.3 LUFS       LRA:   3.0 LU  FTPK:  -1.8 dBFS  TPK:  -1.5 dBFS
[Parsed_ebur128_0 @ 0x75bec0d2c0] t: 108.699979 TARGET:-23 LUFS    M: -15.0 S: -18.9     I: -16.3 LUFS       LRA:   3.0 LU  FTPK:  -5.1 dBFS  TPK:  -1.5 dBFS
[Parsed_ebur128_0 @ 0x75bec0d2c0] t: 108.799979 TARGET:-23 LUFS    M: -15.0 S: -19.0     I: -16.3 LUFS       LRA:   3.0 LU  FTPK: -11.7 dBFS  TPK:  -1.5 dBFS
[Parsed_ebur128_0 @ 0x75bec0d2c0] t: 108.899979 TARGET:-23 LUFS    M: -15.6 S: -18.7     I: -16.3 LUFS       LRA:   3.0 LU  FTPK:  -1.5 dBFS  TPK:  -1.5 dBFS
[Parsed_ebur128_0 @ 0x75bec0d2c0] t: 108.999979 TARGET:-23 LUFS    M: -16.5 S: -18.5     I: -16.3 LUFS       LRA:   3.0 LU  FTPK:  -1.5 dBFS  TPK:  -1.5 dBFS
[Parsed_ebur128_0 @ 0x75bec0d2c0] t: 109.099979 TARGET:-23 LUFS    M: -17.0 S: -18.5     I: -16.3 LUFS       LRA:   3.0 LU  FTPK:  -3.0 dBFS  TPK:  -1.5 dBFS
[Parsed_ebur128_0 @ 0x75bec0d2c0] t: 109.199979 TARGET:-23 LUFS    M: -15.4 S: -18.1     I: -16.3 LUFS       LRA:   3.0 LU  FTPK:  -2.8 dBFS  TPK:  -1.5 dBFS
[Parsed_ebur128_0 @ 0x75bec0d2c0] t: 109.299979 TARGET:-23 LUFS    M: -15.2 S: -17.8     I: -16.3 LUFS       LRA:   3.0 LU  FTPK:  -1.5 dBFS  TPK:  -1.5 dBFS
[Parsed_ebur128_0 @ 0x75bec0d2c0] t: 109.399979 TARGET:-23 LUFS    M: -16.1 S: -17.7     I: -16.3 LUFS       LRA:   3.0 LU  FTPK:  -8.7 dBFS  TPK:  -1.5 dBFS
[Parsed_ebur128_0 @ 0x75bec0d2c0] t: 109.499979 TARGET:-23 LUFS    M: -14.3 S: -17.2     I: -16.3 LUFS       LRA:   3.0 LU  FTPK:  -1.4 dBFS  TPK:  -1.4 dBFS
[Parsed_ebur128_0 @ 0x75bec0d2c0] t: 109.599979 TARGET:-23 LUFS    M: -14.8 S: -17.0     I: -16.3 LUFS       LRA:   3.0 LU  FTPK:  -4.1 dBFS  TPK:  -1.4 dBFS
[Parsed_ebur128_0 @ 0x75bec0d2c0] t: 109.699979 TARGET:-23 LUFS    M: -14.5 S: -16.7     I: -16.3 LUFS       LRA:   3.0 LU  FTPK:  -2.7 dBFS  TPK:  -1.4 dBFS
[Parsed_ebur128_0 @ 0x75bec0d2c0] t: 109.799979 TARGET:-23 LUFS    M: -13.9 S: -16.5     I: -16.2 LUFS       LRA:   3.0 LU  FTPK:  -1.5 dBFS  TPK:  -1.4 dBFS
[Parsed_ebur128_0 @ 0x75bec0d2c0] t: 109.899979 TARGET:-23 LUFS    M: -15.6 S: -16.4     I: -16.2 LUFS       LRA:   3.0 LU  FTPK:  -9.3 dBFS  TPK:  -1.4 dBFS
[Parsed_ebur128_0 @ 0x75bec0d2c0] t: 109.999979 TARGET:-23 LUFS    M: -16.0 S: -16.3     I: -16.2 LUFS       LRA:   3.0 LU  FTPK:  -6.0 dBFS  TPK:  -1.4 dBFS
[Parsed_ebur128_0 @ 0x75bec0d2c0] t: 110.099979 TARGET:-23 LUFS    M: -18.3 S: -16.3     I: -16.2 LUFS       LRA:   3.0 LU  FTPK: -11.7 dBFS  TPK:  -1.4 dBFS
[Parsed_ebur128_0 @ 0x75bec0d2c0] t: 110.199979 TARGET:-23 LUFS    M: -20.0 S: -16.2     I: -16.3 LUFS       LRA:   3.0 LU  FTPK:  -5.9 dBFS  TPK:  -1.4 dBFS
[Parsed_ebur128_0 @ 0x75bec0d2c0] t: 110.299979 TARGET:-23 LUFS    M: -16.9 S: -16.0     I: -16.3 LUFS       LRA:   3.0 LU  FTPK:  -3.5 dBFS  TPK:  -1.4 dBFS
[Parsed_ebur128_0 @ 0x75bec0d2c0] t: 110.399979 TARGET:-23 LUFS    M: -14.6 S: -15.7     I: -16.3 LUFS       LRA:   3.0 LU  FTPK:  -1.5 dBFS  TPK:  -1.4 dBFS
[Parsed_ebur128_0 @ 0x75bec0d2c0] t: 110.499979 TARGET:-23 LUFS    M: -13.5 S: -15.7     I: -16.2 LUFS       LRA:   3.0 LU  FTPK:  -1.5 dBFS  TPK:  -1.4 dBFS
[Parsed_ebur128_0 @ 0x75bec0d2c0] t: 110.599979 TARGET:-23 LUFS    M: -13.9 S: -15.7     I: -16.2 LUFS       LRA:   3.0 LU  FTPK:  -9.9 dBFS  TPK:  -1.4 dBFS
[Parsed_ebur128_0 @ 0x75bec0d2c0] t: 110.699979 TARGET:-23 LUFS    M: -15.1 S: -16.0     I: -16.2 LUFS       LRA:   3.0 LU  FTPK:  -6.8 dBFS  TPK:  -1.4 dBFS
[Parsed_ebur128_0 @ 0x75bec0d2c0] t: 110.799979 TARGET:-23 LUFS    M: -18.6 S: -16.2     I: -16.2 LUFS       LRA:   3.0 LU  FTPK:  -9.1 dBFS  TPK:  -1.4 dBFS
[Parsed_ebur128_0 @ 0x75bec0d2c0] t: 110.899979 TARGET:-23 LUFS    M: -23.4 S: -16.3     I: -16.2 LUFS       LRA:   3.0 LU  FTPK:  -9.8 dBFS  TPK:  -1.4 dBFS
[Parsed_ebur128_0 @ 0x75bec0d2c0] t: 110.999979 TARGET:-23 LUFS    M: -20.8 S: -16.2     I: -16.3 LUFS       LRA:   3.0 LU  FTPK:  -7.0 dBFS  TPK:  -1.4 dBFS
[Parsed_ebur128_0 @ 0x75bec0d2c0] t: 111.099979 TARGET:-23 LUFS    M: -19.4 S: -16.1     I: -16.3 LUFS       LRA:   3.0 LU  FTPK:  -1.5 dBFS  TPK:  -1.4 dBFS
[Parsed_ebur128_0 @ 0x75bec0d2c0] t: 111.199979 TARGET:-23 LUFS    M: -15.9 S: -15.8     I: -16.3 LUFS       LRA:   3.0 LU  FTPK:  -1.5 dBFS  TPK:  -1.4 dBFS
[Parsed_ebur128_0 @ 0x75bec0d2c0] t: 111.299979 TARGET:-23 LUFS    M: -15.5 S: -15.8     I: -16.3 LUFS       LRA:   3.0 LU  FTPK:  -7.6 dBFS  TPK:  -1.4 dBFS
[Parsed_ebur128_0 @ 0x75bec0d2c0] t: 111.399979 TARGET:-23 LUFS    M: -16.2 S: -15.8     I: -16.3 LUFS       LRA:   3.0 LU  FTPK: -14.5 dBFS  TPK:  -1.4 dBFS
[Parsed_ebur128_0 @ 0x75bec0d2c0] t: 111.499979 TARGET:-23 LUFS    M: -17.3 S: -16.1     I: -16.3 LUFS       LRA:   3.0 LU  FTPK: -37.4 dBFS  TPK:  -1.4 dBFS
[Parsed_ebur128_0 @ 0x75bec0d2c0] t: 111.599979 TARGET:-23 LUFS    M: -24.3 S: -16.4     I: -16.3 LUFS       LRA:   3.0 LU  FTPK: -102.9 dBFS  TPK:  -1.4 dBFS
[Parsed_ebur128_0 @ 0x75bec0d2c0] t: 111.699979 TARGET:-23 LUFS    M: -36.1 S: -16.5     I: -16.3 LUFS       LRA:   3.0 LU  FTPK:  -inf dBFS  TPK:  -1.4 dBFS
[Parsed_ebur128_0 @ 0x75bec0d2c0] t: 111.799979 TARGET:-23 LUFS    M: -61.5 S: -16.6     I: -16.3 LUFS       LRA:   3.0 LU  FTPK:  -inf dBFS  TPK:  -1.4 dBFS
[Parsed_ebur128_0 @ 0x75bec0d2c0] t: 111.899979 TARGET:-23 LUFS    M:-125.5 S: -16.8     I: -16.3 LUFS       LRA:   3.0 LU  FTPK:  -inf dBFS  TPK:  -1.4 dBFS
[Parsed_silencedetect_1 @ 0x75bec0d380] silence_start: 111.403729
[Parsed_ebur128_0 @ 0x75bec0d2c0] t: 111.999979 TARGET:-23 LUFS    M:   nan S: -17.0     I: -16.3 LUFS       LRA:   3.0 LU  FTPK:  -inf dBFS  TPK:  -1.4 dBFS
[Parsed_ebur128_0 @ 0x75bec0d2c0] t: 112.099979 TARGET:-23 LUFS    M:   nan S: -17.1     I: -16.3 LUFS       LRA:   3.0 LU  FTPK:  -inf dBFS  TPK:  -1.4 dBFS
[Parsed_ebur128_0 @ 0x75bec0d2c0] t: 112.199979 TARGET:-23 LUFS    M:   nan S: -17.4     I: -16.3 LUFS       LRA:   3.0 LU  FTPK:  -inf dBFS  TPK:  -1.4 dBFS
[Parsed_ebur128_0 @ 0x75bec0d2c0] t: 112.299979 TARGET:-23 LUFS    M: -85.6 S: -17.7     I: -16.3 LUFS       LRA:   3.0 LU  FTPK: -62.9 dBFS  TPK:  -1.4 dBFS
[Parsed_ebur128_0 @ 0x75bec0d2c0] t: 112.399979 TARGET:-23 LUFS    M: -31.9 S: -17.8     I: -16.3 LUFS       LRA:   3.0 LU  FTPK: -14.0 dBFS  TPK:  -1.4 dBFS
[Parsed_silencedetect_1 @ 0x75bec0d380] silence_end: 112.351187 | silence_duration: 0.947458
[Parsed_ebur128_0 @ 0x75bec0d2c0] t: 112.499979 TARGET:-23 LUFS    M: -16.8 S: -17.6     I: -16.3 LUFS       LRA:   3.0 LU  FTPK:  -1.5 dBFS  TPK:  -1.4 dBFS
[Parsed_ebur128_0 @ 0x75bec0d2c0] t: 112.599979 TARGET:-23 LUFS    M: -16.2 S: -17.7     I: -16.3 LUFS       LRA:   3.0 LU  FTPK:  -3.7 dBFS  TPK:  -1.4 dBFS
[Parsed_ebur128_0 @ 0x75bec0d2c0] t: 112.699979 TARGET:-23 LUFS    M: -14.3 S: -17.6     I: -16.3 LUFS       LRA:   3.0 LU  FTPK:  -1.5 dBFS  TPK:  -1.4 dBFS
[Parsed_ebur128_0 @ 0x75bec0d2c0] t: 112.799979 TARGET:-23 LUFS    M: -13.4 S: -17.6     I: -16.2 LUFS       LRA:   3.0 LU  FTPK:  -3.7 dBFS  TPK:  -1.4 dBFS
[Parsed_ebur128_0 @ 0x75bec0d2c0] t: 112.899979 TARGET:-23 LUFS    M: -14.7 S: -17.4     I: -16.2 LUFS       LRA:   3.0 LU  FTPK:  -3.8 dBFS  TPK:  -1.4 dBFS
[Parsed_ebur128_0 @ 0x75bec0d2c0] t: 112.999979 TARGET:-23 LUFS    M: -14.8 S: -17.4     I: -16.2 LUFS       LRA:   3.0 LU  FTPK:  -8.7 dBFS  TPK:  -1.4 dBFS
[Parsed_ebur128_0 @ 0x75bec0d2c0] t: 113.099979 TARGET:-23 LUFS    M: -16.6 S: -17.4     I: -16.2 LUFS       LRA:   3.0 LU  FTPK:  -6.0 dBFS  TPK:  -1.4 dBFS
[Parsed_ebur128_0 @ 0x75bec0d2c0] t: 113.199979 TARGET:-23 LUFS    M: -15.4 S: -17.0     I: -16.2 LUFS       LRA:   3.0 LU  FTPK:  -1.8 dBFS  TPK:  -1.4 dBFS
[Parsed_ebur128_0 @ 0x75bec0d2c0] t: 113.299979 TARGET:-23 LUFS    M: -14.9 S: -17.1     I: -16.2 LUFS       LRA:   3.0 LU  FTPK:  -3.7 dBFS  TPK:  -1.4 dBFS
[Parsed_ebur128_0 @ 0x75bec0d2c0] t: 113.399979 TARGET:-23 LUFS    M: -14.7 S: -17.5     I: -16.2 LUFS       LRA:   3.0 LU  FTPK:  -5.1 dBFS  TPK:  -1.4 dBFS
[Parsed_ebur128_0 @ 0x75bec0d2c0] t: 113.499979 TARGET:-23 LUFS    M: -14.6 S: -17.7     I: -16.2 LUFS       LRA:   3.0 LU  FTPK:  -6.3 dBFS  TPK:  -1.4 dBFS
[Parsed_ebur128_0 @ 0x75bec0d2c0] t: 113.599979 TARGET:-23 LUFS    M: -15.5 S: -17.4     I: -16.2 LUFS       LRA:   3.0 LU  FTPK:  -1.5 dBFS  TPK:  -1.4 dBFS
[Parsed_ebur128_0 @ 0x75bec0d2c0] t: 113.699979 TARGET:-23 LUFS    M: -17.5 S: -17.5     I: -16.2 LUFS       LRA:   3.0 LU  FTPK:  -9.4 dBFS  TPK:  -1.4 dBFS
[Parsed_ebur128_0 @ 0x75bec0d2c0] t: 113.799979 TARGET:-23 LUFS    M: -16.7 S: -17.2     I: -16.2 LUFS       LRA:   3.0 LU  FTPK:  -4.3 dBFS  TPK:  -1.4 dBFS
[Parsed_ebur128_0 @ 0x75bec0d2c0] t: 113.899979 TARGET:-23 LUFS    M: -16.4 S: -17.2     I: -16.2 LUFS       LRA:   3.0 LU  FTPK:  -7.4 dBFS  TPK:  -1.4 dBFS
[Parsed_ebur128_0 @ 0x75bec0d2c0] t: 113.999979 TARGET:-23 LUFS    M: -15.8 S: -16.9     I: -16.2 LUFS       LRA:   3.0 LU  FTPK:  -3.2 dBFS  TPK:  -1.4 dBFS
[Parsed_ebur128_0 @ 0x75bec0d2c0] t: 114.099979 TARGET:-23 LUFS    M: -14.5 S: -16.7     I: -16.2 LUFS       LRA:   3.0 LU  FTPK:  -2.7 dBFS  TPK:  -1.4 dBFS
[Parsed_ebur128_0 @ 0x75bec0d2c0] t: 114.199979 TARGET:-23 LUFS    M: -14.2 S: -16.9     I: -16.2 LUFS       LRA:   3.0 LU  FTPK:  -3.6 dBFS  TPK:  -1.4 dBFS
[Parsed_ebur128_0 @ 0x75bec0d2c0] t: 114.299979 TARGET:-23 LUFS    M: -13.9 S: -16.8     I: -16.2 LUFS       LRA:   3.0 LU  FTPK:  -4.5 dBFS  TPK:  -1.4 dBFS
[Parsed_ebur128_0 @ 0x75bec0d2c0] t: 114.399979 TARGET:-23 LUFS    M: -14.5 S: -16.6     I: -16.2 LUFS       LRA:   3.0 LU  FTPK:  -1.8 dBFS  TPK:  -1.4 dBFS
[Parsed_ebur128_0 @ 0x75bec0d2c0] t: 114.499979 TARGET:-23 LUFS    M: -15.4 S: -16.5     I: -16.2 LUFS       LRA:   3.0 LU  FTPK:  -6.1 dBFS  TPK:  -1.4 dBFS
[Parsed_ebur128_0 @ 0x75bec0d2c0] t: 114.599979 TARGET:-23 LUFS    M: -16.4 S: -16.4     I: -16.2 LUFS       LRA:   3.0 LU  FTPK:  -7.8 dBFS  TPK:  -1.4 dBFS
[Parsed_ebur128_0 @ 0x75bec0d2c0] t: 114.699979 TARGET:-23 LUFS    M: -15.1 S: -16.0     I: -16.2 LUFS       LRA:   3.0 LU  FTPK:  -2.7 dBFS  TPK:  -1.4 dBFS
[Parsed_ebur128_0 @ 0x75bec0d2c0] t: 114.799979 TARGET:-23 LUFS    M: -15.8 S: -15.9     I: -16.2 LUFS       LRA:   3.0 LU  FTPK:  -6.4 dBFS  TPK:  -1.4 dBFS
[Parsed_ebur128_0 @ 0x75bec0d2c0] t: 114.899979 TARGET:-23 LUFS    M: -16.2 S: -15.9     I: -16.2 LUFS       LRA:   3.0 LU  FTPK: -10.3 dBFS  TPK:  -1.4 dBFS
[Parsed_ebur128_0 @ 0x75bec0d2c0] t: 114.999979 TARGET:-23 LUFS    M: -17.0 S: -15.9     I: -16.2 LUFS       LRA:   3.0 LU  FTPK: -15.1 dBFS  TPK:  -1.4 dBFS
[Parsed_ebur128_0 @ 0x75bec0d2c0] t: 115.099979 TARGET:-23 LUFS    M: -22.6 S: -15.9     I: -16.2 LUFS       LRA:   3.0 LU  FTPK: -36.0 dBFS  TPK:  -1.4 dBFS
[Parsed_ebur128_0 @ 0x75bec0d2c0] t: 115.199979 TARGET:-23 LUFS    M: -26.3 S: -15.9     I: -16.2 LUFS       LRA:   3.0 LU  FTPK: -64.8 dBFS  TPK:  -1.4 dBFS
[Parsed_ebur128_0 @ 0x75bec0d2c0] t: 115.299979 TARGET:-23 LUFS    M: -37.2 S: -15.9     I: -16.2 LUFS       LRA:   3.0 LU  FTPK: -162.3 dBFS  TPK:  -1.4 dBFS
[Parsed_ebur128_0 @ 0x75bec0d2c0] t: 115.399979 TARGET:-23 LUFS    M: -59.4 S: -15.9     I: -16.2 LUFS       LRA:   3.0 LU  FTPK:  -inf dBFS  TPK:  -1.4 dBFS
[Parsed_ebur128_0 @ 0x75bec0d2c0] t: 115.499979 TARGET:-23 LUFS    M: -84.1 S: -16.4     I: -16.2 LUFS       LRA:   3.0 LU  FTPK:  -inf dBFS  TPK:  -1.4 dBFS
[Parsed_silencedetect_1 @ 0x75bec0d380] silence_start: 115.009563
[Parsed_ebur128_0 @ 0x75bec0d2c0] t: 115.599979 TARGET:-23 LUFS    M:-157.9 S: -16.5     I: -16.2 LUFS       LRA:   3.0 LU  FTPK:  -inf dBFS  TPK:  -1.4 dBFS
[Parsed_ebur128_0 @ 0x75bec0d2c0] t: 115.699979 TARGET:-23 LUFS    M:   nan S: -16.8     I: -16.2 LUFS       LRA:   3.0 LU  FTPK:  -inf dBFS  TPK:  -1.4 dBFS
[Parsed_ebur128_0 @ 0x75bec0d2c0] t: 115.799979 TARGET:-23 LUFS    M:   nan S: -17.1     I: -16.2 LUFS       LRA:   3.0 LU  FTPK:  -inf dBFS  TPK:  -1.4 dBFS
[Parsed_ebur128_0 @ 0x75bec0d2c0] t: 115.899979 TARGET:-23 LUFS    M:   nan S: -17.3     I: -16.2 LUFS       LRA:   3.0 LU  FTPK:  -inf dBFS  TPK:  -1.4 dBFS
[Parsed_ebur128_0 @ 0x75bec0d2c0] t: 115.999979 TARGET:-23 LUFS    M: -85.3 S: -17.4     I: -16.2 LUFS       LRA:   3.0 LU  FTPK: -65.0 dBFS  TPK:  -1.4 dBFS
[Parsed_ebur128_0 @ 0x75bec0d2c0] t: 116.099979 TARGET:-23 LUFS    M: -20.8 S: -17.2     I: -16.2 LUFS       LRA:   3.0 LU  FTPK:  -1.5 dBFS  TPK:  -1.4 dBFS
[Parsed_silencedetect_1 @ 0x75bec0d380] silence_end: 116.030458 | silence_duration: 1.020896
[Parsed_ebur128_0 @ 0x75bec0d2c0] t: 116.199979 TARGET:-23 LUFS    M: -16.1 S: -17.2     I: -16.2 LUFS       LRA:   3.0 LU  FTPK:  -2.3 dBFS  TPK:  -1.4 dBFS
[Parsed_ebur128_0 @ 0x75bec0d2c0] t: 116.299979 TARGET:-23 LUFS    M: -15.1 S: -17.4     I: -16.2 LUFS       LRA:   3.0 LU  FTPK:  -3.7 dBFS  TPK:  -1.4 dBFS
[Parsed_ebur128_0 @ 0x75bec0d2c0] t: 116.399979 TARGET:-23 LUFS    M: -14.0 S: -17.2     I: -16.2 LUFS       LRA:   2.9 LU  FTPK:  -4.3 dBFS  TPK:  -1.4 dBFS
[Parsed_ebur128_0 @ 0x75bec0d2c0] t: 116.499979 TARGET:-23 LUFS    M: -14.8 S: -17.2     I: -16.2 LUFS       LRA:   2.9 LU  FTPK: -11.0 dBFS  TPK:  -1.4 dBFS
[Parsed_ebur128_0 @ 0x75bec0d2c0] t: 116.599979 TARGET:-23 LUFS    M: -14.7 S: -17.0     I: -16.2 LUFS       LRA:   2.9 LU  FTPK:  -3.0 dBFS  TPK:  -1.4 dBFS
[Parsed_ebur128_0 @ 0x75bec0d2c0] t: 116.699979 TARGET:-23 LUFS    M: -14.8 S: -16.9     I: -16.2 LUFS       LRA:   2.9 LU  FTPK:  -6.6 dBFS  TPK:  -1.4 dBFS
[Parsed_ebur128_0 @ 0x75bec0d2c0] t: 116.799979 TARGET:-23 LUFS    M: -15.6 S: -17.1     I: -16.2 LUFS       LRA:   2.9 LU  FTPK:  -4.5 dBFS  TPK:  -1.4 dBFS
[Parsed_ebur128_0 @ 0x75bec0d2c0] t: 116.899979 TARGET:-23 LUFS    M: -14.2 S: -16.8     I: -16.2 LUFS       LRA:   2.9 LU  FTPK:  -2.8 dBFS  TPK:  -1.4 dBFS
[Parsed_ebur128_0 @ 0x75bec0d2c0] t: 116.999979 TARGET:-23 LUFS    M: -16.6 S: -17.2     I: -16.2 LUFS       LRA:   2.9 LU  FTPK: -13.3 dBFS  TPK:  -1.4 dBFS
[Parsed_ebur128_0 @ 0x75bec0d2c0] t: 117.099979 TARGET:-23 LUFS    M: -17.3 S: -17.4     I: -16.2 LUFS       LRA:   2.9 LU  FTPK:  -8.8 dBFS  TPK:  -1.4 dBFS
[Parsed_ebur128_0 @ 0x75bec0d2c0] t: 117.199979 TARGET:-23 LUFS    M: -17.9 S: -17.7     I: -16.2 LUFS       LRA:   2.9 LU  FTPK: -13.7 dBFS  TPK:  -1.4 dBFS
[Parsed_ebur128_0 @ 0x75bec0d2c0] t: 117.299979 TARGET:-23 LUFS    M: -17.5 S: -17.5     I: -16.2 LUFS       LRA:   2.9 LU  FTPK:  -2.7 dBFS  TPK:  -1.4 dBFS
[Parsed_ebur128_0 @ 0x75bec0d2c0] t: 117.399979 TARGET:-23 LUFS    M: -15.9 S: -17.5     I: -16.2 LUFS       LRA:   2.9 LU  FTPK:  -4.9 dBFS  TPK:  -1.4 dBFS
[Parsed_ebur128_0 @ 0x75bec0d2c0] t: 117.499979 TARGET:-23 LUFS    M: -15.4 S: -17.4     I: -16.2 LUFS       LRA:   2.9 LU  FTPK:  -5.4 dBFS  TPK:  -1.4 dBFS
[Parsed_ebur128_0 @ 0x75bec0d2c0] t: 117.599979 TARGET:-23 LUFS    M: -15.3 S: -17.5     I: -16.2 LUFS       LRA:   2.9 LU  FTPK:  -6.3 dBFS  TPK:  -1.4 dBFS
[Parsed_ebur128_0 @ 0x75bec0d2c0] t: 117.699979 TARGET:-23 LUFS    M: -16.6 S: -17.8     I: -16.2 LUFS       LRA:   2.9 LU  FTPK:  -5.8 dBFS  TPK:  -1.4 dBFS
[Parsed_ebur128_0 @ 0x75bec0d2c0] t: 117.799979 TARGET:-23 LUFS    M: -17.6 S: -17.8     I: -16.2 LUFS       LRA:   2.9 LU  FTPK:  -1.9 dBFS  TPK:  -1.4 dBFS
[Parsed_ebur128_0 @ 0x75bec0d2c0] t: 117.899979 TARGET:-23 LUFS    M: -16.8 S: -17.5     I: -16.2 LUFS       LRA:   2.9 LU  FTPK:  -4.5 dBFS  TPK:  -1.4 dBFS
[Parsed_ebur128_0 @ 0x75bec0d2c0] t: 117.999979 TARGET:-23 LUFS    M: -16.1 S: -17.4     I: -16.2 LUFS       LRA:   2.9 LU  FTPK:  -3.5 dBFS  TPK:  -1.4 dBFS
[Parsed_ebur128_0 @ 0x75bec0d2c0] t: 118.099979 TARGET:-23 LUFS    M: -16.2 S: -17.2     I: -16.2 LUFS       LRA:   2.9 LU  FTPK:  -5.5 dBFS  TPK:  -1.4 dBFS
[Parsed_ebur128_0 @ 0x75bec0d2c0] t: 118.199979 TARGET:-23 LUFS    M: -16.7 S: -17.2     I: -16.2 LUFS       LRA:   2.9 LU  FTPK:  -4.3 dBFS  TPK:  -1.4 dBFS
[Parsed_ebur128_0 @ 0x75bec0d2c0] t: 118.299979 TARGET:-23 LUFS    M: -15.6 S: -16.7     I: -16.2 LUFS       LRA:   2.9 LU  FTPK:  -1.5 dBFS  TPK:  -1.4 dBFS
[Parsed_ebur128_0 @ 0x75bec0d2c0] t: 118.399979 TARGET:-23 LUFS    M: -16.1 S: -16.6     I: -16.2 LUFS       LRA:   2.9 LU  FTPK:  -9.3 dBFS  TPK:  -1.4 dBFS
[Parsed_ebur128_0 @ 0x75bec0d2c0] t: 118.499979 TARGET:-23 LUFS    M: -16.0 S: -16.5     I: -16.2 LUFS       LRA:   2.9 LU  FTPK:  -1.5 dBFS  TPK:  -1.4 dBFS
[Parsed_ebur128_0 @ 0x75bec0d2c0] t: 118.599979 TARGET:-23 LUFS    M: -15.1 S: -16.3     I: -16.2 LUFS       LRA:   2.9 LU  FTPK:  -3.7 dBFS  TPK:  -1.4 dBFS
[Parsed_ebur128_0 @ 0x75bec0d2c0] t: 118.699979 TARGET:-23 LUFS    M: -17.6 S: -16.3     I: -16.2 LUFS       LRA:   2.9 LU  FTPK: -10.2 dBFS  TPK:  -1.4 dBFS
[Parsed_ebur128_0 @ 0x75bec0d2c0] t: 118.799979 TARGET:-23 LUFS    M: -18.1 S: -16.2     I: -16.2 LUFS       LRA:   2.9 LU  FTPK: -17.2 dBFS  TPK:  -1.4 dBFS
[Parsed_ebur128_0 @ 0x75bec0d2c0] t: 118.899979 TARGET:-23 LUFS    M: -18.3 S: -16.1     I: -16.2 LUFS       LRA:   2.9 LU  FTPK:  -9.3 dBFS  TPK:  -1.4 dBFS
[Parsed_ebur128_0 @ 0x75bec0d2c0] t: 118.999979 TARGET:-23 LUFS    M: -21.5 S: -16.1     I: -16.2 LUFS       LRA:   2.9 LU  FTPK: -20.3 dBFS  TPK:  -1.4 dBFS
[Parsed_ebur128_0 @ 0x75bec0d2c0] t: 119.099979 TARGET:-23 LUFS    M: -22.9 S: -16.3     I: -16.2 LUFS       LRA:   2.9 LU  FTPK: -45.1 dBFS  TPK:  -1.4 dBFS
[Parsed_ebur128_0 @ 0x75bec0d2c0] t: 119.199979 TARGET:-23 LUFS    M: -21.3 S: -16.7     I: -16.2 LUFS       LRA:   2.9 LU  FTPK:  -6.7 dBFS  TPK:  -1.4 dBFS
[Parsed_ebur128_0 @ 0x75bec0d2c0] t: 119.299979 TARGET:-23 LUFS    M: -17.6 S: -16.5     I: -16.2 LUFS       LRA:   2.9 LU  FTPK:  -2.4 dBFS  TPK:  -1.4 dBFS
[Parsed_ebur128_0 @ 0x75bec0d2c0] t: 119.399979 TARGET:-23 LUFS    M: -15.5 S: -16.4     I: -16.2 LUFS       LRA:   2.9 LU  FTPK:  -1.6 dBFS  TPK:  -1.4 dBFS
[Parsed_ebur128_0 @ 0x75bec0d2c0] t: 119.499979 TARGET:-23 LUFS    M: -13.7 S: -16.1     I: -16.2 LUFS       LRA:   2.9 LU  FTPK:  -2.1 dBFS  TPK:  -1.4 dBFS
[Parsed_ebur128_0 @ 0x75bec0d2c0] t: 119.599979 TARGET:-23 LUFS    M: -13.2 S: -16.3     I: -16.2 LUFS       LRA:   2.9 LU  FTPK:  -2.7 dBFS  TPK:  -1.4 dBFS
[Parsed_ebur128_0 @ 0x75bec0d2c0] t: 119.699979 TARGET:-23 LUFS    M: -14.2 S: -16.3     I: -16.2 LUFS       LRA:   2.9 LU  FTPK:  -7.0 dBFS  TPK:  -1.4 dBFS
[Parsed_ebur128_0 @ 0x75bec0d2c0] t: 119.799979 TARGET:-23 LUFS    M: -14.4 S: -16.2     I: -16.2 LUFS       LRA:   2.9 LU  FTPK:  -4.0 dBFS  TPK:  -1.4 dBFS
[Parsed_ebur128_0 @ 0x75bec0d2c0] t: 119.899979 TARGET:-23 LUFS    M: -16.0 S: -16.4     I: -16.2 LUFS       LRA:   2.9 LU  FTPK:  -8.6 dBFS  TPK:  -1.4 dBFS
[Parsed_ebur128_0 @ 0x75bec0d2c0] t: 119.999979 TARGET:-23 LUFS    M: -16.5 S: -16.3     I: -16.2 LUFS       LRA:   2.9 LU  FTPK:  -6.3 dBFS  TPK:  -1.4 dBFS
[Parsed_ebur128_0 @ 0x75bec0d2c0] t: 120.099979 TARGET:-23 LUFS    M: -17.1 S: -16.3     I: -16.2 LUFS       LRA:   2.9 LU  FTPK: -10.0 dBFS  TPK:  -1.4 dBFS
[Parsed_ebur128_0 @ 0x75bec0d2c0] t: 120.199979 TARGET:-23 LUFS    M: -19.5 S: -16.3     I: -16.2 LUFS       LRA:   2.9 LU  FTPK: -38.0 dBFS  TPK:  -1.4 dBFS
[Parsed_ebur128_0 @ 0x75bec0d2c0] t: 120.299979 TARGET:-23 LUFS    M: -18.7 S: -16.5     I: -16.2 LUFS       LRA:   2.9 LU  FTPK:  -2.7 dBFS  TPK:  -1.4 dBFS
[Parsed_ebur128_0 @ 0x75bec0d2c0] t: 120.399979 TARGET:-23 LUFS    M: -17.7 S: -16.5     I: -16.2 LUFS       LRA:   2.9 LU  FTPK:  -3.2 dBFS  TPK:  -1.4 dBFS
[Parsed_ebur128_0 @ 0x75bec0d2c0] t: 120.499979 TARGET:-23 LUFS    M: -16.1 S: -16.4     I: -16.2 LUFS       LRA:   2.9 LU  FTPK:  -1.5 dBFS  TPK:  -1.4 dBFS
[Parsed_ebur128_0 @ 0x75bec0d2c0] t: 120.599979 TARGET:-23 LUFS    M: -15.9 S: -16.4     I: -16.2 LUFS       LRA:   2.9 LU  FTPK:  -8.0 dBFS  TPK:  -1.4 dBFS
[Parsed_ebur128_0 @ 0x75bec0d2c0] t: 120.699979 TARGET:-23 LUFS    M: -16.5 S: -16.5     I: -16.2 LUFS       LRA:   2.9 LU  FTPK:  -6.1 dBFS  TPK:  -1.4 dBFS
[Parsed_ebur128_0 @ 0x75bec0d2c0] t: 120.799979 TARGET:-23 LUFS    M: -15.9 S: -16.3     I: -16.2 LUFS       LRA:   2.9 LU  FTPK:  -3.4 dBFS  TPK:  -1.4 dBFS
[Parsed_ebur128_0 @ 0x75bec0d2c0] t: 120.899979 TARGET:-23 LUFS    M: -16.1 S: -16.3     I: -16.2 LUFS       LRA:   2.9 LU  FTPK:  -4.8 dBFS  TPK:  -1.4 dBFS
[Parsed_ebur128_0 @ 0x75bec0d2c0] t: 120.999979 TARGET:-23 LUFS    M: -15.6 S: -16.4     I: -16.2 LUFS       LRA:   2.9 LU  FTPK:  -6.3 dBFS  TPK:  -1.4 dBFS
[Parsed_ebur128_0 @ 0x75bec0d2c0] t: 121.099979 TARGET:-23 LUFS    M: -14.0 S: -16.1     I: -16.2 LUFS       LRA:   2.9 LU  FTPK:  -1.5 dBFS  TPK:  -1.4 dBFS
[Parsed_ebur128_0 @ 0x75bec0d2c0] t: 121.199979 TARGET:-23 LUFS    M: -14.9 S: -16.0     I: -16.2 LUFS       LRA:   2.9 LU  FTPK:  -4.0 dBFS  TPK:  -1.4 dBFS
[Parsed_ebur128_0 @ 0x75bec0d2c0] t: 121.299979 TARGET:-23 LUFS    M: -16.1 S: -16.4     I: -16.2 LUFS       LRA:   2.9 LU  FTPK:  -9.4 dBFS  TPK:  -1.4 dBFS
[Parsed_ebur128_0 @ 0x75bec0d2c0] t: 121.399979 TARGET:-23 LUFS    M: -16.3 S: -16.4     I: -16.2 LUFS       LRA:   2.9 LU  FTPK:  -9.2 dBFS  TPK:  -1.4 dBFS
[Parsed_ebur128_0 @ 0x75bec0d2c0] t: 121.499979 TARGET:-23 LUFS    M: -20.5 S: -16.5     I: -16.2 LUFS       LRA:   2.9 LU  FTPK: -15.4 dBFS  TPK:  -1.4 dBFS
[Parsed_ebur128_0 @ 0x75bec0d2c0] t: 121.599979 TARGET:-23 LUFS    M: -22.1 S: -16.7     I: -16.2 LUFS       LRA:   2.9 LU  FTPK:  -9.4 dBFS  TPK:  -1.4 dBFS
[Parsed_ebur128_0 @ 0x75bec0d2c0] t: 121.699979 TARGET:-23 LUFS    M: -23.1 S: -16.7     I: -16.2 LUFS       LRA:   2.9 LU  FTPK: -23.7 dBFS  TPK:  -1.4 dBFS
[Parsed_ebur128_0 @ 0x75bec0d2c0] t: 121.799979 TARGET:-23 LUFS    M: -26.2 S: -16.7     I: -16.2 LUFS       LRA:   2.9 LU  FTPK: -66.1 dBFS  TPK:  -1.4 dBFS
[Parsed_ebur128_0 @ 0x75bec0d2c0] t: 121.899979 TARGET:-23 LUFS    M: -26.6 S: -16.9     I: -16.2 LUFS       LRA:   2.9 LU  FTPK: -68.5 dBFS  TPK:  -1.4 dBFS
[Parsed_ebur128_0 @ 0x75bec0d2c0] t: 121.999979 TARGET:-23 LUFS    M: -46.9 S: -16.9     I: -16.2 LUFS       LRA:   2.9 LU  FTPK: -67.5 dBFS  TPK:  -1.4 dBFS
[Parsed_ebur128_0 @ 0x75bec0d2c0] t: 122.099979 TARGET:-23 LUFS    M: -82.4 S: -16.9     I: -16.2 LUFS       LRA:   2.9 LU  FTPK: -67.5 dBFS  TPK:  -1.4 dBFS
[Parsed_silencedetect_1 @ 0x75bec0d380] silence_start: 121.64475
[Parsed_ebur128_0 @ 0x75bec0d2c0] t: 122.199979 TARGET:-23 LUFS    M: -83.1 S: -16.9     I: -16.2 LUFS       LRA:   2.9 LU  FTPK: -58.7 dBFS  TPK:  -1.4 dBFS
[Parsed_ebur128_0 @ 0x75bec0d2c0] t: 122.299979 TARGET:-23 LUFS    M: -82.2 S: -17.4     I: -16.2 LUFS       LRA:   2.9 LU  FTPK: -58.8 dBFS  TPK:  -1.4 dBFS
[Parsed_ebur128_0 @ 0x75bec0d2c0] t: 122.399979 TARGET:-23 LUFS    M: -82.4 S: -17.7     I: -16.2 LUFS       LRA:   2.9 LU  FTPK: -71.1 dBFS  TPK:  -1.4 dBFS
[Parsed_ebur128_0 @ 0x75bec0d2c0] t: 122.499979 TARGET:-23 LUFS    M: -83.2 S: -18.3     I: -16.2 LUFS       LRA:   2.9 LU  FTPK: -122.4 dBFS  TPK:  -1.4 dBFS
[Parsed_ebur128_0 @ 0x75bec0d2c0] t: 122.599979 TARGET:-23 LUFS    M: -80.3 S: -18.6     I: -16.2 LUFS       LRA:   2.9 LU  FTPK: -61.3 dBFS  TPK:  -1.4 dBFS
[Parsed_ebur128_0 @ 0x75bec0d2c0] t: 122.699979 TARGET:-23 LUFS    M: -23.5 S: -18.6     I: -16.2 LUFS       LRA:   2.9 LU  FTPK:  -4.1 dBFS  TPK:  -1.4 dBFS
[Parsed_silencedetect_1 @ 0x75bec0d380] silence_end: 122.62975 | silence_duration: 0.985
[Parsed_ebur128_0 @ 0x75bec0d2c0] t: 122.799979 TARGET:-23 LUFS    M: -17.4 S: -18.4     I: -16.2 LUFS       LRA:   2.9 LU  FTPK:  -1.5 dBFS  TPK:  -1.4 dBFS
[Parsed_ebur128_0 @ 0x75bec0d2c0] t: 122.899979 TARGET:-23 LUFS    M: -15.6 S: -18.2     I: -16.2 LUFS       LRA:   2.9 LU  FTPK:  -2.5 dBFS  TPK:  -1.4 dBFS
[Parsed_ebur128_0 @ 0x75bec0d2c0] t: 122.999979 TARGET:-23 LUFS    M: -14.4 S: -18.1     I: -16.2 LUFS       LRA:   2.9 LU  FTPK:  -1.5 dBFS  TPK:  -1.4 dBFS
[Parsed_ebur128_0 @ 0x75bec0d2c0] t: 123.099979 TARGET:-23 LUFS    M: -13.4 S: -17.6     I: -16.2 LUFS       LRA:   2.9 LU  FTPK:  -1.5 dBFS  TPK:  -1.4 dBFS
[Parsed_ebur128_0 @ 0x75bec0d2c0] t: 123.199979 TARGET:-23 LUFS    M: -14.9 S: -17.6     I: -16.2 LUFS       LRA:   2.9 LU  FTPK: -19.7 dBFS  TPK:  -1.4 dBFS
[Parsed_ebur128_0 @ 0x75bec0d2c0] t: 123.299979 TARGET:-23 LUFS    M: -14.9 S: -17.5     I: -16.2 LUFS       LRA:   2.9 LU  FTPK:  -1.5 dBFS  TPK:  -1.4 dBFS
[Parsed_ebur128_0 @ 0x75bec0d2c0] t: 123.399979 TARGET:-23 LUFS    M: -15.7 S: -17.7     I: -16.2 LUFS       LRA:   2.9 LU  FTPK:  -7.2 dBFS  TPK:  -1.4 dBFS
[Parsed_ebur128_0 @ 0x75bec0d2c0] t: 123.499979 TARGET:-23 LUFS    M: -18.3 S: -18.0     I: -16.2 LUFS       LRA:   2.9 LU  FTPK: -11.1 dBFS  TPK:  -1.4 dBFS
[Parsed_ebur128_0 @ 0x75bec0d2c0] t: 123.599979 TARGET:-23 LUFS    M: -17.4 S: -17.9     I: -16.2 LUFS       LRA:   2.9 LU  FTPK:  -6.9 dBFS  TPK:  -1.4 dBFS
[Parsed_ebur128_0 @ 0x75bec0d2c0] t: 123.699979 TARGET:-23 LUFS    M: -19.4 S: -17.9     I: -16.2 LUFS       LRA:   2.9 LU  FTPK:  -5.5 dBFS  TPK:  -1.4 dBFS
[Parsed_ebur128_0 @ 0x75bec0d2c0] t: 123.799979 TARGET:-23 LUFS    M: -20.5 S: -18.3     I: -16.2 LUFS       LRA:   2.9 LU  FTPK: -13.3 dBFS  TPK:  -1.4 dBFS
[Parsed_ebur128_0 @ 0x75bec0d2c0] t: 123.899979 TARGET:-23 LUFS    M: -21.3 S: -18.7     I: -16.2 LUFS       LRA:   2.9 LU  FTPK: -15.7 dBFS  TPK:  -1.4 dBFS
[Parsed_ebur128_0 @ 0x75bec0d2c0] t: 123.999979 TARGET:-23 LUFS    M: -16.7 S: -18.1     I: -16.2 LUFS       LRA:   2.9 LU  FTPK:  -1.5 dBFS  TPK:  -1.4 dBFS
[Parsed_ebur128_0 @ 0x75bec0d2c0] t: 124.099979 TARGET:-23 LUFS    M: -16.0 S: -18.4     I: -16.2 LUFS       LRA:   2.9 LU  FTPK:  -3.1 dBFS  TPK:  -1.4 dBFS
[Parsed_ebur128_0 @ 0x75bec0d2c0] t: 124.199979 TARGET:-23 LUFS    M: -15.5 S: -18.5     I: -16.2 LUFS       LRA:   2.9 LU  FTPK:  -5.0 dBFS  TPK:  -1.4 dBFS
[Parsed_ebur128_0 @ 0x75bec0d2c0] t: 124.299979 TARGET:-23 LUFS    M: -13.3 S: -17.8     I: -16.2 LUFS       LRA:   2.9 LU  FTPK:  -2.6 dBFS  TPK:  -1.4 dBFS
[Parsed_ebur128_0 @ 0x75bec0d2c0] t: 124.399979 TARGET:-23 LUFS    M: -14.8 S: -17.8     I: -16.2 LUFS       LRA:   2.9 LU  FTPK:  -3.3 dBFS  TPK:  -1.4 dBFS
[Parsed_ebur128_0 @ 0x75bec0d2c0] t: 124.499979 TARGET:-23 LUFS    M: -14.5 S: -17.5     I: -16.2 LUFS       LRA:   2.9 LU  FTPK:  -5.3 dBFS  TPK:  -1.4 dBFS
[Parsed_ebur128_0 @ 0x75bec0d2c0] t: 124.599979 TARGET:-23 LUFS    M: -14.7 S: -17.5     I: -16.2 LUFS       LRA:   2.9 LU  FTPK:  -7.3 dBFS  TPK:  -1.4 dBFS
[Parsed_ebur128_0 @ 0x75bec0d2c0] t: 124.699979 TARGET:-23 LUFS    M: -16.4 S: -17.2     I: -16.2 LUFS       LRA:   2.9 LU  FTPK:  -6.1 dBFS  TPK:  -1.4 dBFS
[Parsed_ebur128_0 @ 0x75bec0d2c0] t: 124.799979 TARGET:-23 LUFS    M: -15.4 S: -16.9     I: -16.2 LUFS       LRA:   2.9 LU  FTPK:  -5.4 dBFS  TPK:  -1.4 dBFS
[Parsed_ebur128_0 @ 0x75bec0d2c0] t: 124.899979 TARGET:-23 LUFS    M: -15.6 S: -16.7     I: -16.2 LUFS       LRA:   2.9 LU  FTPK:  -1.4 dBFS  TPK:  -1.4 dBFS
[Parsed_ebur128_0 @ 0x75bec0d2c0] t: 124.999979 TARGET:-23 LUFS    M: -15.9 S: -16.7     I: -16.2 LUFS       LRA:   2.9 LU  FTPK: -10.4 dBFS  TPK:  -1.4 dBFS
[Parsed_ebur128_0 @ 0x75bec0d2c0] t: 125.099979 TARGET:-23 LUFS    M: -15.6 S: -16.5     I: -16.2 LUFS       LRA:   2.9 LU  FTPK:  -3.9 dBFS  TPK:  -1.4 dBFS
[Parsed_ebur128_0 @ 0x75bec0d2c0] t: 125.199979 TARGET:-23 LUFS    M: -16.4 S: -16.3     I: -16.2 LUFS       LRA:   2.9 LU  FTPK:  -5.7 dBFS  TPK:  -1.4 dBFS
[Parsed_ebur128_0 @ 0x75bec0d2c0] t: 125.299979 TARGET:-23 LUFS    M: -16.7 S: -16.2     I: -16.2 LUFS       LRA:   2.9 LU  FTPK:  -5.6 dBFS  TPK:  -1.4 dBFS
[Parsed_ebur128_0 @ 0x75bec0d2c0] t: 125.399979 TARGET:-23 LUFS    M: -16.5 S: -16.1     I: -16.2 LUFS       LRA:   2.9 LU  FTPK:  -7.6 dBFS  TPK:  -1.4 dBFS
[Parsed_ebur128_0 @ 0x75bec0d2c0] t: 125.499979 TARGET:-23 LUFS    M: -17.2 S: -16.0     I: -16.2 LUFS       LRA:   2.9 LU  FTPK:  -5.7 dBFS  TPK:  -1.4 dBFS
[Parsed_ebur128_0 @ 0x75bec0d2c0] t: 125.599979 TARGET:-23 LUFS    M: -18.2 S: -16.0     I: -16.2 LUFS       LRA:   2.9 LU  FTPK:  -9.6 dBFS  TPK:  -1.4 dBFS
[Parsed_ebur128_0 @ 0x75bec0d2c0] t: 125.699979 TARGET:-23 LUFS    M: -20.2 S: -16.1     I: -16.2 LUFS       LRA:   2.9 LU  FTPK: -20.3 dBFS  TPK:  -1.4 dBFS
[Parsed_ebur128_0 @ 0x75bec0d2c0] t: 125.799979 TARGET:-23 LUFS    M: -21.0 S: -16.4     I: -16.2 LUFS       LRA:   2.9 LU  FTPK: -23.5 dBFS  TPK:  -1.4 dBFS
[Parsed_ebur128_0 @ 0x75bec0d2c0] t: 125.899979 TARGET:-23 LUFS    M: -27.7 S: -16.6     I: -16.2 LUFS       LRA:   2.9 LU  FTPK: -54.2 dBFS  TPK:  -1.4 dBFS
[Parsed_ebur128_0 @ 0x75bec0d2c0] t: 125.999979 TARGET:-23 LUFS    M: -35.2 S: -16.9     I: -16.2 LUFS       LRA:   2.9 LU  FTPK: -69.1 dBFS  TPK:  -1.4 dBFS
[Parsed_ebur128_0 @ 0x75bec0d2c0] t: 126.099979 TARGET:-23 LUFS    M: -43.9 S: -17.3     I: -16.2 LUFS       LRA:   2.9 LU  FTPK: -68.5 dBFS  TPK:  -1.4 dBFS
[Parsed_ebur128_0 @ 0x75bec0d2c0] t: 126.199979 TARGET:-23 LUFS    M: -77.4 S: -17.3     I: -16.2 LUFS       LRA:   2.9 LU  FTPK: -62.4 dBFS  TPK:  -1.4 dBFS
[Parsed_silencedetect_1 @ 0x75bec0d380] silence_start: 125.77525
[Parsed_ebur128_0 @ 0x75bec0d2c0] t: 126.299979 TARGET:-23 LUFS    M: -82.2 S: -17.6     I: -16.2 LUFS       LRA:   2.9 LU  FTPK: -58.9 dBFS  TPK:  -1.4 dBFS
[Parsed_ebur128_0 @ 0x75bec0d2c0] t: 126.399979 TARGET:-23 LUFS    M: -82.6 S: -17.7     I: -16.2 LUFS       LRA:   2.9 LU  FTPK: -71.0 dBFS  TPK:  -1.4 dBFS
[Parsed_ebur128_0 @ 0x75bec0d2c0] t: 126.499979 TARGET:-23 LUFS    M: -83.3 S: -17.8     I: -16.2 LUFS       LRA:   2.9 LU  FTPK: -109.0 dBFS  TPK:  -1.4 dBFS
[Parsed_ebur128_0 @ 0x75bec0d2c0] t: 126.599979 TARGET:-23 LUFS    M: -84.7 S: -17.9     I: -16.2 LUFS       LRA:   2.9 LU  FTPK:  -inf dBFS  TPK:  -1.4 dBFS
[Parsed_ebur128_0 @ 0x75bec0d2c0] t: 126.699979 TARGET:-23 LUFS    M: -88.6 S: -18.0     I: -16.2 LUFS       LRA:   2.9 LU  FTPK: -71.8 dBFS  TPK:  -1.4 dBFS
[Parsed_ebur128_0 @ 0x75bec0d2c0] t: 126.799979 TARGET:-23 LUFS    M: -22.9 S: -17.8     I: -16.2 LUFS       LRA:   2.9 LU  FTPK:  -2.6 dBFS  TPK:  -1.4 dBFS
[Parsed_silencedetect_1 @ 0x75bec0d380] silence_end: 126.767625 | silence_duration: 0.992375
[Parsed_ebur128_0 @ 0x75bec0d2c0] t: 126.899979 TARGET:-23 LUFS    M: -18.9 S: -17.6     I: -16.2 LUFS       LRA:   2.9 LU  FTPK:  -2.6 dBFS  TPK:  -1.4 dBFS
[Parsed_ebur128_0 @ 0x75bec0d2c0] t: 126.999979 TARGET:-23 LUFS    M: -15.5 S: -17.7     I: -16.2 LUFS       LRA:   2.9 LU  FTPK:  -1.5 dBFS  TPK:  -1.4 dBFS
[Parsed_ebur128_0 @ 0x75bec0d2c0] t: 127.099979 TARGET:-23 LUFS    M: -13.5 S: -17.3     I: -16.2 LUFS       LRA:   2.9 LU  FTPK:  -1.7 dBFS  TPK:  -1.4 dBFS
[Parsed_ebur128_0 @ 0x75bec0d2c0] t: 127.199979 TARGET:-23 LUFS    M: -13.1 S: -17.2     I: -16.2 LUFS       LRA:   2.9 LU  FTPK:  -3.8 dBFS  TPK:  -1.4 dBFS
[Parsed_ebur128_0 @ 0x75bec0d2c0] t: 127.299979 TARGET:-23 LUFS    M: -13.7 S: -17.7     I: -16.2 LUFS       LRA:   2.9 LU  FTPK: -10.1 dBFS  TPK:  -1.4 dBFS
[Parsed_ebur128_0 @ 0x75bec0d2c0] t: 127.399979 TARGET:-23 LUFS    M: -15.6 S: -17.9     I: -16.2 LUFS       LRA:   2.9 LU  FTPK: -15.2 dBFS  TPK:  -1.4 dBFS
[Parsed_ebur128_0 @ 0x75bec0d2c0] t: 127.499979 TARGET:-23 LUFS    M: -15.3 S: -17.5     I: -16.2 LUFS       LRA:   2.9 LU  FTPK:  -1.5 dBFS  TPK:  -1.4 dBFS
[Parsed_ebur128_0 @ 0x75bec0d2c0] t: 127.599979 TARGET:-23 LUFS    M: -14.8 S: -17.2     I: -16.2 LUFS       LRA:   2.9 LU  FTPK:  -3.1 dBFS  TPK:  -1.4 dBFS
[Parsed_ebur128_0 @ 0x75bec0d2c0] t: 127.699979 TARGET:-23 LUFS    M: -13.6 S: -17.1     I: -16.2 LUFS       LRA:   2.9 LU  FTPK:  -3.4 dBFS  TPK:  -1.4 dBFS
[Parsed_ebur128_0 @ 0x75bec0d2c0] t: 127.799979 TARGET:-23 LUFS    M: -13.0 S: -17.1     I: -16.2 LUFS       LRA:   2.9 LU  FTPK:  -6.5 dBFS  TPK:  -1.4 dBFS
[Parsed_ebur128_0 @ 0x75bec0d2c0] t: 127.899979 TARGET:-23 LUFS    M: -13.8 S: -17.1     I: -16.2 LUFS       LRA:   2.9 LU  FTPK:  -4.5 dBFS  TPK:  -1.4 dBFS
[Parsed_ebur128_0 @ 0x75bec0d2c0] t: 127.999979 TARGET:-23 LUFS    M: -14.0 S: -16.8     I: -16.2 LUFS       LRA:   2.9 LU  FTPK:  -3.9 dBFS  TPK:  -1.4 dBFS
[Parsed_ebur128_0 @ 0x75bec0d2c0] t: 128.099979 TARGET:-23 LUFS    M: -14.4 S: -16.8     I: -16.2 LUFS       LRA:   2.9 LU  FTPK:  -4.7 dBFS  TPK:  -1.4 dBFS
[Parsed_ebur128_0 @ 0x75bec0d2c0] t: 128.199979 TARGET:-23 LUFS    M: -15.0 S: -16.9     I: -16.2 LUFS       LRA:   2.9 LU  FTPK: -10.3 dBFS  TPK:  -1.4 dBFS
[Parsed_ebur128_0 @ 0x75bec0d2c0] t: 128.299979 TARGET:-23 LUFS    M: -16.2 S: -17.0     I: -16.2 LUFS       LRA:   2.9 LU  FTPK: -10.3 dBFS  TPK:  -1.4 dBFS
[Parsed_ebur128_0 @ 0x75bec0d2c0] t: 128.399979 TARGET:-23 LUFS    M: -18.1 S: -17.0     I: -16.2 LUFS       LRA:   2.9 LU  FTPK:  -9.0 dBFS  TPK:  -1.4 dBFS
[Parsed_ebur128_0 @ 0x75bec0d2c0] t: 128.499979 TARGET:-23 LUFS    M: -20.5 S: -17.1     I: -16.2 LUFS       LRA:   2.9 LU  FTPK: -11.2 dBFS  TPK:  -1.4 dBFS
[Parsed_ebur128_0 @ 0x75bec0d2c0] t: 128.599979 TARGET:-23 LUFS    M: -18.8 S: -17.0     I: -16.2 LUFS       LRA:   2.9 LU  FTPK:  -6.7 dBFS  TPK:  -1.4 dBFS
[Parsed_ebur128_0 @ 0x75bec0d2c0] t: 128.699979 TARGET:-23 LUFS    M: -19.1 S: -16.9     I: -16.2 LUFS       LRA:   2.9 LU  FTPK:  -9.4 dBFS  TPK:  -1.4 dBFS
[Parsed_ebur128_0 @ 0x75bec0d2c0] t: 128.799979 TARGET:-23 LUFS    M: -16.3 S: -16.6     I: -16.2 LUFS       LRA:   2.9 LU  FTPK:  -4.9 dBFS  TPK:  -1.4 dBFS
[Parsed_ebur128_0 @ 0x75bec0d2c0] t: 128.899979 TARGET:-23 LUFS    M: -15.0 S: -16.3     I: -16.2 LUFS       LRA:   2.9 LU  FTPK:  -5.1 dBFS  TPK:  -1.4 dBFS
[Parsed_ebur128_0 @ 0x75bec0d2c0] t: 128.999979 TARGET:-23 LUFS    M: -14.8 S: -16.1     I: -16.2 LUFS       LRA:   2.9 LU  FTPK:  -3.1 dBFS  TPK:  -1.4 dBFS
[Parsed_ebur128_0 @ 0x75bec0d2c0] t: 129.099979 TARGET:-23 LUFS    M: -14.7 S: -16.1     I: -16.2 LUFS       LRA:   2.9 LU  FTPK:  -8.1 dBFS  TPK:  -1.4 dBFS
[Parsed_ebur128_0 @ 0x75bec0d2c0] t: 129.199979 TARGET:-23 LUFS    M: -16.8 S: -16.0     I: -16.2 LUFS       LRA:   2.9 LU  FTPK:  -9.3 dBFS  TPK:  -1.4 dBFS
[Parsed_ebur128_0 @ 0x75bec0d2c0] t: 129.299979 TARGET:-23 LUFS    M: -19.1 S: -16.0     I: -16.2 LUFS       LRA:   2.9 LU  FTPK: -10.8 dBFS  TPK:  -1.4 dBFS
[Parsed_ebur128_0 @ 0x75bec0d2c0] t: 129.399979 TARGET:-23 LUFS    M: -20.9 S: -15.9     I: -16.2 LUFS       LRA:   2.9 LU  FTPK:  -4.5 dBFS  TPK:  -1.4 dBFS
[Parsed_ebur128_0 @ 0x75bec0d2c0] t: 129.499979 TARGET:-23 LUFS    M: -20.9 S: -15.9     I: -16.2 LUFS       LRA:   2.9 LU  FTPK:  -5.3 dBFS  TPK:  -1.4 dBFS
[Parsed_ebur128_0 @ 0x75bec0d2c0] t: 129.599979 TARGET:-23 LUFS    M: -17.2 S: -15.6     I: -16.2 LUFS       LRA:   2.9 LU  FTPK:  -1.5 dBFS  TPK:  -1.4 dBFS
[Parsed_ebur128_0 @ 0x75bec0d2c0] t: 129.699979 TARGET:-23 LUFS    M: -15.8 S: -15.4     I: -16.2 LUFS       LRA:   2.9 LU  FTPK:  -2.5 dBFS  TPK:  -1.4 dBFS
[Parsed_ebur128_0 @ 0x75bec0d2c0] t: 129.799979 TARGET:-23 LUFS    M: -16.4 S: -15.5     I: -16.2 LUFS       LRA:   2.9 LU  FTPK: -12.1 dBFS  TPK:  -1.4 dBFS
[Parsed_ebur128_0 @ 0x75bec0d2c0] t: 129.899979 TARGET:-23 LUFS    M: -15.7 S: -15.6     I: -16.2 LUFS       LRA:   2.9 LU  FTPK:  -4.6 dBFS  TPK:  -1.4 dBFS
[Parsed_ebur128_0 @ 0x75bec0d2c0] t: 129.999979 TARGET:-23 LUFS    M: -17.5 S: -15.8     I: -16.2 LUFS       LRA:   2.9 LU  FTPK:  -7.2 dBFS  TPK:  -1.4 dBFS
[Parsed_ebur128_0 @ 0x75bec0d2c0] t: 130.099979 TARGET:-23 LUFS    M: -20.5 S: -16.2     I: -16.2 LUFS       LRA:   2.9 LU  FTPK: -17.8 dBFS  TPK:  -1.4 dBFS
[Parsed_ebur128_0 @ 0x75bec0d2c0] t: 130.199979 TARGET:-23 LUFS    M: -20.1 S: -16.4     I: -16.2 LUFS       LRA:   2.9 LU  FTPK: -10.2 dBFS  TPK:  -1.4 dBFS
[Parsed_ebur128_0 @ 0x75bec0d2c0] t: 130.299979 TARGET:-23 LUFS    M: -24.3 S: -16.5     I: -16.2 LUFS       LRA:   2.9 LU  FTPK: -38.0 dBFS  TPK:  -1.4 dBFS
[Parsed_ebur128_0 @ 0x75bec0d2c0] t: 130.399979 TARGET:-23 LUFS    M: -30.0 S: -16.5     I: -16.2 LUFS       LRA:   2.9 LU  FTPK: -65.8 dBFS  TPK:  -1.4 dBFS
[Parsed_ebur128_0 @ 0x75bec0d2c0] t: 130.499979 TARGET:-23 LUFS    M: -30.5 S: -17.0     I: -16.2 LUFS       LRA:   2.9 LU  FTPK: -72.5 dBFS  TPK:  -1.4 dBFS
[Parsed_ebur128_0 @ 0x75bec0d2c0] t: 130.599979 TARGET:-23 LUFS    M: -64.8 S: -17.4     I: -16.2 LUFS       LRA:   2.9 LU  FTPK:  -inf dBFS  TPK:  -1.4 dBFS
[Parsed_ebur128_0 @ 0x75bec0d2c0] t: 130.699979 TARGET:-23 LUFS    M: -86.0 S: -17.8     I: -16.2 LUFS       LRA:   2.9 LU  FTPK:  -inf dBFS  TPK:  -1.4 dBFS
[Parsed_silencedetect_1 @ 0x75bec0d380] silence_start: 130.209688
[Parsed_ebur128_0 @ 0x75bec0d2c0] t: 130.799979 TARGET:-23 LUFS    M:-100.6 S: -18.0     I: -16.2 LUFS       LRA:   2.9 LU  FTPK:  -inf dBFS  TPK:  -1.4 dBFS
[Parsed_ebur128_0 @ 0x75bec0d2c0] t: 130.899979 TARGET:-23 LUFS    M:-147.0 S: -18.4     I: -16.2 LUFS       LRA:   2.9 LU  FTPK:  -inf dBFS  TPK:  -1.4 dBFS
[Parsed_ebur128_0 @ 0x75bec0d2c0] t: 130.999979 TARGET:-23 LUFS    M:-147.0 S: -18.9     I: -16.2 LUFS       LRA:   2.9 LU  FTPK:  -inf dBFS  TPK:  -1.4 dBFS
[Parsed_ebur128_0 @ 0x75bec0d2c0] t: 131.099979 TARGET:-23 LUFS    M:-112.5 S: -19.2     I: -16.2 LUFS       LRA:   2.9 LU  FTPK: -81.0 dBFS  TPK:  -1.4 dBFS
[Parsed_ebur128_0 @ 0x75bec0d2c0] t: 131.199979 TARGET:-23 LUFS    M: -48.0 S: -19.3     I: -16.2 LUFS       LRA:   2.9 LU  FTPK: -25.3 dBFS  TPK:  -1.4 dBFS
[Parsed_silencedetect_1 @ 0x75bec0d380] silence_end: 131.182958 | silence_duration: 0.973271
[Parsed_ebur128_0 @ 0x75bec0d2c0] t: 131.299979 TARGET:-23 LUFS    M: -19.0 S: -18.9     I: -16.2 LUFS       LRA:   2.9 LU  FTPK:  -2.2 dBFS  TPK:  -1.4 dBFS
[Parsed_ebur128_0 @ 0x75bec0d2c0] t: 131.399979 TARGET:-23 LUFS    M: -17.4 S: -18.7     I: -16.2 LUFS       LRA:   2.9 LU  FTPK:  -3.7 dBFS  TPK:  -1.4 dBFS
[Parsed_ebur128_0 @ 0x75bec0d2c0] t: 131.499979 TARGET:-23 LUFS    M: -13.9 S: -17.9     I: -16.2 LUFS       LRA:   2.9 LU  FTPK:  -1.7 dBFS  TPK:  -1.4 dBFS
[Parsed_ebur128_0 @ 0x75bec0d2c0] t: 131.599979 TARGET:-23 LUFS    M: -12.6 S: -17.6     I: -16.2 LUFS       LRA:   2.9 LU  FTPK:  -2.7 dBFS  TPK:  -1.4 dBFS
[Parsed_ebur128_0 @ 0x75bec0d2c0] t: 131.699979 TARGET:-23 LUFS    M: -12.4 S: -17.2     I: -16.2 LUFS       LRA:   2.9 LU  FTPK:  -3.3 dBFS  TPK:  -1.4 dBFS
[Parsed_ebur128_0 @ 0x75bec0d2c0] t: 131.799979 TARGET:-23 LUFS    M: -11.6 S: -17.1     I: -16.2 LUFS       LRA:   2.9 LU  FTPK:  -3.6 dBFS  TPK:  -1.4 dBFS
[Parsed_ebur128_0 @ 0x75bec0d2c0] t: 131.899979 TARGET:-23 LUFS    M: -12.3 S: -17.1     I: -16.2 LUFS       LRA:   2.9 LU  FTPK:  -3.7 dBFS  TPK:  -1.4 dBFS
[Parsed_ebur128_0 @ 0x75bec0d2c0] t: 131.999979 TARGET:-23 LUFS    M: -13.2 S: -17.2     I: -16.2 LUFS       LRA:   2.9 LU  FTPK:  -6.8 dBFS  TPK:  -1.4 dBFS
[Parsed_ebur128_0 @ 0x75bec0d2c0] t: 132.099979 TARGET:-23 LUFS    M: -14.3 S: -17.1     I: -16.2 LUFS       LRA:   2.9 LU  FTPK:  -5.8 dBFS  TPK:  -1.4 dBFS
[Parsed_ebur128_0 @ 0x75bec0d2c0] t: 132.199979 TARGET:-23 LUFS    M: -16.9 S: -17.2     I: -16.2 LUFS       LRA:   2.9 LU  FTPK:  -8.0 dBFS  TPK:  -1.4 dBFS
[Parsed_ebur128_0 @ 0x75bec0d2c0] t: 132.299979 TARGET:-23 LUFS    M: -18.2 S: -17.0     I: -16.2 LUFS       LRA:   2.9 LU  FTPK:  -6.1 dBFS  TPK:  -1.4 dBFS
[Parsed_ebur128_0 @ 0x75bec0d2c0] t: 132.399979 TARGET:-23 LUFS    M: -18.6 S: -17.0     I: -16.2 LUFS       LRA:   2.9 LU  FTPK:  -6.2 dBFS  TPK:  -1.4 dBFS
[Parsed_ebur128_0 @ 0x75bec0d2c0] t: 132.499979 TARGET:-23 LUFS    M: -19.1 S: -17.0     I: -16.2 LUFS       LRA:   2.9 LU  FTPK: -11.1 dBFS  TPK:  -1.4 dBFS
[Parsed_ebur128_0 @ 0x75bec0d2c0] t: 132.599979 TARGET:-23 LUFS    M: -17.3 S: -17.2     I: -16.2 LUFS       LRA:   2.9 LU  FTPK:  -4.7 dBFS  TPK:  -1.4 dBFS
[Parsed_ebur128_0 @ 0x75bec0d2c0] t: 132.699979 TARGET:-23 LUFS    M: -16.4 S: -17.1     I: -16.2 LUFS       LRA:   2.9 LU  FTPK:  -1.5 dBFS  TPK:  -1.4 dBFS
[Parsed_ebur128_0 @ 0x75bec0d2c0] t: 132.799979 TARGET:-23 LUFS    M: -15.7 S: -16.9     I: -16.2 LUFS       LRA:   2.9 LU  FTPK:  -3.4 dBFS  TPK:  -1.4 dBFS
[Parsed_ebur128_0 @ 0x75bec0d2c0] t: 132.899979 TARGET:-23 LUFS    M: -15.5 S: -17.0     I: -16.2 LUFS       LRA:   2.9 LU  FTPK:  -6.8 dBFS  TPK:  -1.4 dBFS
[Parsed_ebur128_0 @ 0x75bec0d2c0] t: 132.999979 TARGET:-23 LUFS    M: -16.1 S: -17.0     I: -16.2 LUFS       LRA:   2.9 LU  FTPK:  -6.6 dBFS  TPK:  -1.4 dBFS
[Parsed_ebur128_0 @ 0x75bec0d2c0] t: 133.099979 TARGET:-23 LUFS    M: -18.1 S: -16.9     I: -16.2 LUFS       LRA:   2.9 LU  FTPK:  -7.1 dBFS  TPK:  -1.4 dBFS
[Parsed_ebur128_0 @ 0x75bec0d2c0] t: 133.199979 TARGET:-23 LUFS    M: -20.3 S: -16.9     I: -16.2 LUFS       LRA:   2.9 LU  FTPK: -10.3 dBFS  TPK:  -1.4 dBFS
[Parsed_ebur128_0 @ 0x75bec0d2c0] t: 133.299979 TARGET:-23 LUFS    M: -20.6 S: -16.8     I: -16.2 LUFS       LRA:   2.9 LU  FTPK:  -6.6 dBFS  TPK:  -1.4 dBFS
[Parsed_ebur128_0 @ 0x75bec0d2c0] t: 133.399979 TARGET:-23 LUFS    M: -19.7 S: -16.7     I: -16.2 LUFS       LRA:   2.9 LU  FTPK:  -3.0 dBFS  TPK:  -1.4 dBFS
[Parsed_ebur128_0 @ 0x75bec0d2c0] t: 133.499979 TARGET:-23 LUFS    M: -19.8 S: -16.6     I: -16.2 LUFS       LRA:   2.9 LU  FTPK:  -7.1 dBFS  TPK:  -1.4 dBFS
[Parsed_ebur128_0 @ 0x75bec0d2c0] t: 133.599979 TARGET:-23 LUFS    M: -18.4 S: -16.5     I: -16.2 LUFS       LRA:   2.9 LU  FTPK:  -7.1 dBFS  TPK:  -1.4 dBFS
[Parsed_ebur128_0 @ 0x75bec0d2c0] t: 133.699979 TARGET:-23 LUFS    M: -18.1 S: -16.4     I: -16.2 LUFS       LRA:   2.9 LU  FTPK:  -7.2 dBFS  TPK:  -1.4 dBFS
[Parsed_ebur128_0 @ 0x75bec0d2c0] t: 133.799979 TARGET:-23 LUFS    M: -16.9 S: -16.2     I: -16.2 LUFS       LRA:   2.9 LU  FTPK:  -1.5 dBFS  TPK:  -1.4 dBFS
[Parsed_ebur128_0 @ 0x75bec0d2c0] t: 133.899979 TARGET:-23 LUFS    M: -17.0 S: -16.1     I: -16.2 LUFS       LRA:   2.9 LU  FTPK:  -5.5 dBFS  TPK:  -1.4 dBFS
[Parsed_ebur128_0 @ 0x75bec0d2c0] t: 133.999979 TARGET:-23 LUFS    M: -14.9 S: -15.7     I: -16.2 LUFS       LRA:   2.9 LU  FTPK:  -2.0 dBFS  TPK:  -1.4 dBFS
[Parsed_ebur128_0 @ 0x75bec0d2c0] t: 134.099979 TARGET:-23 LUFS    M: -13.9 S: -15.5     I: -16.2 LUFS       LRA:   2.9 LU  FTPK:  -2.8 dBFS  TPK:  -1.4 dBFS
[Parsed_ebur128_0 @ 0x75bec0d2c0] t: 134.199979 TARGET:-23 LUFS    M: -13.9 S: -15.3     I: -16.2 LUFS       LRA:   2.9 LU  FTPK:  -2.5 dBFS  TPK:  -1.4 dBFS
[Parsed_ebur128_0 @ 0x75bec0d2c0] t: 134.299979 TARGET:-23 LUFS    M: -12.7 S: -15.2     I: -16.2 LUFS       LRA:   2.9 LU  FTPK:  -2.1 dBFS  TPK:  -1.4 dBFS
[Parsed_ebur128_0 @ 0x75bec0d2c0] t: 134.399979 TARGET:-23 LUFS    M: -14.1 S: -15.3     I: -16.2 LUFS       LRA:   2.9 LU  FTPK:  -6.8 dBFS  TPK:  -1.4 dBFS
[Parsed_ebur128_0 @ 0x75bec0d2c0] t: 134.499979 TARGET:-23 LUFS    M: -15.3 S: -15.7     I: -16.2 LUFS       LRA:   2.9 LU  FTPK:  -5.2 dBFS  TPK:  -1.4 dBFS
[Parsed_ebur128_0 @ 0x75bec0d2c0] t: 134.599979 TARGET:-23 LUFS    M: -16.6 S: -16.0     I: -16.2 LUFS       LRA:   2.9 LU  FTPK:  -7.1 dBFS  TPK:  -1.4 dBFS
[Parsed_ebur128_0 @ 0x75bec0d2c0] t: 134.699979 TARGET:-23 LUFS    M: -17.4 S: -16.1     I: -16.2 LUFS       LRA:   2.9 LU  FTPK:  -2.2 dBFS  TPK:  -1.4 dBFS
[Parsed_ebur128_0 @ 0x75bec0d2c0] t: 134.799979 TARGET:-23 LUFS    M: -17.7 S: -16.5     I: -16.2 LUFS       LRA:   2.9 LU  FTPK: -14.0 dBFS  TPK:  -1.4 dBFS
[Parsed_ebur128_0 @ 0x75bec0d2c0] t: 134.899979 TARGET:-23 LUFS    M: -15.9 S: -16.5     I: -16.2 LUFS       LRA:   2.9 LU  FTPK:  -3.2 dBFS  TPK:  -1.4 dBFS
[Parsed_ebur128_0 @ 0x75bec0d2c0] t: 134.999979 TARGET:-23 LUFS    M: -15.8 S: -16.5     I: -16.2 LUFS       LRA:   2.9 LU  FTPK:  -7.8 dBFS  TPK:  -1.4 dBFS
[Parsed_ebur128_0 @ 0x75bec0d2c0] t: 135.099979 TARGET:-23 LUFS    M: -18.1 S: -16.6     I: -16.2 LUFS       LRA:   2.9 LU  FTPK:  -9.8 dBFS  TPK:  -1.4 dBFS
[Parsed_ebur128_0 @ 0x75bec0d2c0] t: 135.199979 TARGET:-23 LUFS    M: -18.1 S: -16.6     I: -16.2 LUFS       LRA:   2.9 LU  FTPK: -11.3 dBFS  TPK:  -1.4 dBFS
[Parsed_ebur128_0 @ 0x75bec0d2c0] t: 135.299979 TARGET:-23 LUFS    M: -23.3 S: -16.8     I: -16.2 LUFS       LRA:   2.9 LU  FTPK: -21.2 dBFS  TPK:  -1.4 dBFS
[Parsed_ebur128_0 @ 0x75bec0d2c0] t: 135.399979 TARGET:-23 LUFS    M: -27.4 S: -16.9     I: -16.2 LUFS       LRA:   2.9 LU  FTPK: -40.6 dBFS  TPK:  -1.4 dBFS
[Parsed_ebur128_0 @ 0x75bec0d2c0] t: 135.499979 TARGET:-23 LUFS    M: -31.6 S: -16.9     I: -16.2 LUFS       LRA:   2.9 LU  FTPK: -65.5 dBFS  TPK:  -1.4 dBFS
[Parsed_ebur128_0 @ 0x75bec0d2c0] t: 135.599979 TARGET:-23 LUFS    M: -41.7 S: -17.1     I: -16.2 LUFS       LRA:   2.9 LU  FTPK:  -inf dBFS  TPK:  -1.4 dBFS
[Parsed_ebur128_0 @ 0x75bec0d2c0] t: 135.699979 TARGET:-23 LUFS    M: -62.8 S: -17.5     I: -16.2 LUFS       LRA:   2.9 LU  FTPK:  -inf dBFS  TPK:  -1.4 dBFS
[Parsed_silencedetect_1 @ 0x75bec0d380] silence_start: 135.290375
[Parsed_ebur128_0 @ 0x75bec0d2c0] t: 135.799979 TARGET:-23 LUFS    M: -86.0 S: -17.7     I: -16.2 LUFS       LRA:   2.9 LU  FTPK:  -inf dBFS  TPK:  -1.4 dBFS
[Parsed_ebur128_0 @ 0x75bec0d2c0] t: 135.899979 TARGET:-23 LUFS    M:-146.6 S: -17.8     I: -16.2 LUFS       LRA:   2.9 LU  FTPK:  -inf dBFS  TPK:  -1.4 dBFS
[Parsed_ebur128_0 @ 0x75bec0d2c0] t: 135.999979 TARGET:-23 LUFS    M:-146.6 S: -17.9     I: -16.2 LUFS       LRA:   2.9 LU  FTPK:  -inf dBFS  TPK:  -1.4 dBFS
[Parsed_ebur128_0 @ 0x75bec0d2c0] t: 136.099979 TARGET:-23 LUFS    M:-146.6 S: -18.0     I: -16.2 LUFS       LRA:   2.9 LU  FTPK:  -inf dBFS  TPK:  -1.4 dBFS
[Parsed_ebur128_0 @ 0x75bec0d2c0] t: 136.199979 TARGET:-23 LUFS    M:-138.2 S: -18.0     I: -16.2 LUFS       LRA:   2.9 LU  FTPK: -114.3 dBFS  TPK:  -1.4 dBFS
[Parsed_ebur128_0 @ 0x75bec0d2c0] t: 136.299979 TARGET:-23 LUFS    M: -62.4 S: -18.1     I: -16.2 LUFS       LRA:   2.9 LU  FTPK: -32.9 dBFS  TPK:  -1.4 dBFS
[Parsed_silencedetect_1 @ 0x75bec0d380] silence_end: 136.297333 | silence_duration: 1.006958
[Parsed_ebur128_0 @ 0x75bec0d2c0] t: 136.399979 TARGET:-23 LUFS    M: -20.1 S: -17.9     I: -16.2 LUFS       LRA:   2.9 LU  FTPK:  -2.4 dBFS  TPK:  -1.4 dBFS
[Parsed_ebur128_0 @ 0x75bec0d2c0] t: 136.499979 TARGET:-23 LUFS    M: -16.0 S: -17.5     I: -16.2 LUFS       LRA:   2.9 LU  FTPK:  -1.5 dBFS  TPK:  -1.4 dBFS
[Parsed_ebur128_0 @ 0x75bec0d2c0] t: 136.599979 TARGET:-23 LUFS    M: -14.6 S: -17.3     I: -16.2 LUFS       LRA:   2.9 LU  FTPK:  -1.8 dBFS  TPK:  -1.4 dBFS
[Parsed_ebur128_0 @ 0x75bec0d2c0] t: 136.699979 TARGET:-23 LUFS    M: -13.1 S: -17.0     I: -16.2 LUFS       LRA:   2.9 LU  FTPK:  -2.4 dBFS  TPK:  -1.4 dBFS
[Parsed_ebur128_0 @ 0x75bec0d2c0] t: 136.799979 TARGET:-23 LUFS    M: -13.9 S: -17.3     I: -16.2 LUFS       LRA:   2.9 LU  FTPK: -10.7 dBFS  TPK:  -1.4 dBFS
[Parsed_ebur128_0 @ 0x75bec0d2c0] t: 136.899979 TARGET:-23 LUFS    M: -14.8 S: -17.1     I: -16.2 LUFS       LRA:   2.9 LU  FTPK:  -1.5 dBFS  TPK:  -1.4 dBFS
[Parsed_ebur128_0 @ 0x75bec0d2c0] t: 136.999979 TARGET:-23 LUFS    M: -15.0 S: -17.4     I: -16.2 LUFS       LRA:   2.9 LU  FTPK:  -2.2 dBFS  TPK:  -1.4 dBFS
[Parsed_ebur128_0 @ 0x75bec0d2c0] t: 137.099979 TARGET:-23 LUFS    M: -16.9 S: -17.6     I: -16.2 LUFS       LRA:   2.9 LU  FTPK:  -6.8 dBFS  TPK:  -1.4 dBFS
[Parsed_ebur128_0 @ 0x75bec0d2c0] t: 137.199979 TARGET:-23 LUFS    M: -16.7 S: -17.9     I: -16.2 LUFS       LRA:   2.9 LU  FTPK:  -6.9 dBFS  TPK:  -1.4 dBFS
[Parsed_ebur128_0 @ 0x75bec0d2c0] t: 137.299979 TARGET:-23 LUFS    M: -18.3 S: -18.4     I: -16.2 LUFS       LRA:   2.9 LU  FTPK:  -7.5 dBFS  TPK:  -1.4 dBFS
[Parsed_ebur128_0 @ 0x75bec0d2c0] t: 137.399979 TARGET:-23 LUFS    M: -16.8 S: -18.0     I: -16.2 LUFS       LRA:   2.9 LU  FTPK:  -2.7 dBFS  TPK:  -1.4 dBFS
[Parsed_ebur128_0 @ 0x75bec0d2c0] t: 137.499979 TARGET:-23 LUFS    M: -14.5 S: -17.4     I: -16.2 LUFS       LRA:   2.9 LU  FTPK:  -1.5 dBFS  TPK:  -1.4 dBFS
[Parsed_ebur128_0 @ 0x75bec0d2c0] t: 137.599979 TARGET:-23 LUFS    M: -14.5 S: -17.4     I: -16.2 LUFS       LRA:   2.9 LU  FTPK:  -6.9 dBFS  TPK:  -1.4 dBFS
[Parsed_ebur128_0 @ 0x75bec0d2c0] t: 137.699979 TARGET:-23 LUFS    M: -14.3 S: -17.7     I: -16.2 LUFS       LRA:   2.9 LU  FTPK:  -7.5 dBFS  TPK:  -1.4 dBFS
[Parsed_ebur128_0 @ 0x75bec0d2c0] t: 137.799979 TARGET:-23 LUFS    M: -16.1 S: -17.7     I: -16.2 LUFS       LRA:   2.9 LU  FTPK:  -9.4 dBFS  TPK:  -1.4 dBFS
[Parsed_ebur128_0 @ 0x75bec0d2c0] t: 137.899979 TARGET:-23 LUFS    M: -20.9 S: -18.0     I: -16.2 LUFS       LRA:   2.9 LU  FTPK:  -6.9 dBFS  TPK:  -1.4 dBFS
[Parsed_ebur128_0 @ 0x75bec0d2c0] t: 137.999979 TARGET:-23 LUFS    M: -17.7 S: -17.7     I: -16.2 LUFS       LRA:   2.9 LU  FTPK:  -1.5 dBFS  TPK:  -1.4 dBFS
[Parsed_ebur128_0 @ 0x75bec0d2c0] t: 138.099979 TARGET:-23 LUFS    M: -16.0 S: -17.4     I: -16.2 LUFS       LRA:   2.9 LU  FTPK:  -2.6 dBFS  TPK:  -1.4 dBFS
[Parsed_ebur128_0 @ 0x75bec0d2c0] t: 138.199979 TARGET:-23 LUFS    M: -16.2 S: -17.4     I: -16.2 LUFS       LRA:   2.9 LU  FTPK: -12.1 dBFS  TPK:  -1.4 dBFS
[Parsed_ebur128_0 @ 0x75bec0d2c0] t: 138.299979 TARGET:-23 LUFS    M: -16.5 S: -17.4     I: -16.2 LUFS       LRA:   2.9 LU  FTPK: -19.1 dBFS  TPK:  -1.4 dBFS
[Parsed_ebur128_0 @ 0x75bec0d2c0] t: 138.399979 TARGET:-23 LUFS    M: -19.3 S: -17.4     I: -16.2 LUFS       LRA:   2.9 LU  FTPK: -34.9 dBFS  TPK:  -1.4 dBFS
[Parsed_ebur128_0 @ 0x75bec0d2c0] t: 138.499979 TARGET:-23 LUFS    M: -31.8 S: -17.4     I: -16.2 LUFS       LRA:   2.9 LU  FTPK: -63.1 dBFS  TPK:  -1.4 dBFS
[Parsed_ebur128_0 @ 0x75bec0d2c0] t: 138.599979 TARGET:-23 LUFS    M: -37.0 S: -17.4     I: -16.2 LUFS       LRA:   2.9 LU  FTPK: -127.4 dBFS  TPK:  -1.4 dBFS
[Parsed_ebur128_0 @ 0x75bec0d2c0] t: 138.699979 TARGET:-23 LUFS    M: -58.2 S: -17.4     I: -16.2 LUFS       LRA:   2.9 LU  FTPK:  -inf dBFS  TPK:  -1.4 dBFS
[Parsed_ebur128_0 @ 0x75bec0d2c0] t: 138.799979 TARGET:-23 LUFS    M: -85.9 S: -17.4     I: -16.2 LUFS       LRA:   2.9 LU  FTPK:  -inf dBFS  TPK:  -1.4 dBFS
[Parsed_silencedetect_1 @ 0x75bec0d380] silence_start: 138.310062
[Parsed_ebur128_0 @ 0x75bec0d2c0] t: 138.899979 TARGET:-23 LUFS    M:-144.3 S: -17.4     I: -16.2 LUFS       LRA:   2.9 LU  FTPK:  -inf dBFS  TPK:  -1.4 dBFS
[Parsed_ebur128_0 @ 0x75bec0d2c0] t: 138.999979 TARGET:-23 LUFS    M:-145.9 S: -17.4     I: -16.2 LUFS       LRA:   2.9 LU  FTPK:  -inf dBFS  TPK:  -1.4 dBFS
[Parsed_ebur128_0 @ 0x75bec0d2c0] t: 139.099979 TARGET:-23 LUFS    M:-145.9 S: -17.4     I: -16.2 LUFS       LRA:   2.9 LU  FTPK:  -inf dBFS  TPK:  -1.4 dBFS
[Parsed_ebur128_0 @ 0x75bec0d2c0] t: 139.199979 TARGET:-23 LUFS    M:-145.9 S: -17.4     I: -16.2 LUFS       LRA:   2.9 LU  FTPK:  -inf dBFS  TPK:  -1.4 dBFS
[Parsed_ebur128_0 @ 0x75bec0d2c0] t: 139.299979 TARGET:-23 LUFS    M: -82.8 S: -17.4     I: -16.2 LUFS       LRA:   2.9 LU  FTPK: -61.3 dBFS  TPK:  -1.4 dBFS
[Parsed_ebur128_0 @ 0x75bec0d2c0] t: 139.399979 TARGET:-23 LUFS    M: -28.6 S: -17.7     I: -16.2 LUFS       LRA:   2.9 LU  FTPK:  -4.4 dBFS  TPK:  -1.4 dBFS
[Parsed_silencedetect_1 @ 0x75bec0d380] silence_end: 139.331187 | silence_duration: 1.021125
[Parsed_ebur128_0 @ 0x75bec0d2c0] t: 139.499979 TARGET:-23 LUFS    M: -20.3 S: -17.9     I: -16.2 LUFS       LRA:   2.9 LU  FTPK:  -1.5 dBFS  TPK:  -1.4 dBFS
[Parsed_ebur128_0 @ 0x75bec0d2c0] t: 139.599979 TARGET:-23 LUFS    M: -19.3 S: -18.2     I: -16.2 LUFS       LRA:   2.9 LU  FTPK:  -4.7 dBFS  TPK:  -1.4 dBFS
[Parsed_ebur128_0 @ 0x75bec0d2c0] t: 139.699979 TARGET:-23 LUFS    M: -15.6 S: -18.2     I: -16.2 LUFS       LRA:   2.9 LU  FTPK:  -2.1 dBFS  TPK:  -1.4 dBFS
[Parsed_ebur128_0 @ 0x75bec0d2c0] t: 139.799979 TARGET:-23 LUFS    M: -14.1 S: -17.7     I: -16.2 LUFS       LRA:   2.9 LU  FTPK:  -1.7 dBFS  TPK:  -1.4 dBFS
[Parsed_ebur128_0 @ 0x75bec0d2c0] t: 139.899979 TARGET:-23 LUFS    M: -14.8 S: -18.0     I: -16.2 LUFS       LRA:   2.9 LU  FTPK:  -8.3 dBFS  TPK:  -1.4 dBFS
[Parsed_ebur128_0 @ 0x75bec0d2c0] t: 139.999979 TARGET:-23 LUFS    M: -15.1 S: -18.3     I: -16.2 LUFS       LRA:   2.9 LU  FTPK: -18.4 dBFS  TPK:  -1.4 dBFS
[Parsed_ebur128_0 @ 0x75bec0d2c0] t: 140.099979 TARGET:-23 LUFS    M: -18.2 S: -18.4     I: -16.2 LUFS       LRA:   2.9 LU  FTPK: -56.8 dBFS  TPK:  -1.4 dBFS
[Parsed_ebur128_0 @ 0x75bec0d2c0] t: 140.199979 TARGET:-23 LUFS    M: -22.1 S: -18.3     I: -16.2 LUFS       LRA:   2.9 LU  FTPK:  -4.7 dBFS  TPK:  -1.4 dBFS
[Parsed_ebur128_0 @ 0x75bec0d2c0] t: 140.299979 TARGET:-23 LUFS    M: -20.5 S: -18.2     I: -16.2 LUFS       LRA:   2.9 LU  FTPK:  -5.3 dBFS  TPK:  -1.4 dBFS
[Parsed_ebur128_0 @ 0x75bec0d2c0] t: 140.399979 TARGET:-23 LUFS    M: -15.7 S: -18.0     I: -16.2 LUFS       LRA:   2.9 LU  FTPK:  -2.5 dBFS  TPK:  -1.4 dBFS
[Parsed_ebur128_0 @ 0x75bec0d2c0] t: 140.499979 TARGET:-23 LUFS    M: -15.2 S: -18.6     I: -16.2 LUFS       LRA:   2.9 LU  FTPK:  -6.9 dBFS  TPK:  -1.4 dBFS
[Parsed_ebur128_0 @ 0x75bec0d2c0] t: 140.599979 TARGET:-23 LUFS    M: -14.4 S: -18.3     I: -16.2 LUFS       LRA:   2.9 LU  FTPK:  -3.9 dBFS  TPK:  -1.4 dBFS
[Parsed_ebur128_0 @ 0x75bec0d2c0] t: 140.699979 TARGET:-23 LUFS    M: -13.9 S: -18.0     I: -16.2 LUFS       LRA:   2.9 LU  FTPK:  -4.8 dBFS  TPK:  -1.4 dBFS
[Parsed_ebur128_0 @ 0x75bec0d2c0] t: 140.799979 TARGET:-23 LUFS    M: -14.6 S: -17.7     I: -16.2 LUFS       LRA:   2.9 LU  FTPK:  -1.5 dBFS  TPK:  -1.4 dBFS
[Parsed_ebur128_0 @ 0x75bec0d2c0] t: 140.899979 TARGET:-23 LUFS    M: -14.3 S: -17.5     I: -16.2 LUFS       LRA:   2.9 LU  FTPK:  -2.1 dBFS  TPK:  -1.4 dBFS
[Parsed_ebur128_0 @ 0x75bec0d2c0] t: 140.999979 TARGET:-23 LUFS    M: -14.8 S: -17.7     I: -16.2 LUFS       LRA:   2.9 LU  FTPK:  -3.2 dBFS  TPK:  -1.4 dBFS
[Parsed_ebur128_0 @ 0x75bec0d2c0] t: 141.099979 TARGET:-23 LUFS    M: -14.6 S: -17.7     I: -16.2 LUFS       LRA:   2.9 LU  FTPK:  -2.8 dBFS  TPK:  -1.4 dBFS
[Parsed_ebur128_0 @ 0x75bec0d2c0] t: 141.199979 TARGET:-23 LUFS    M: -16.2 S: -17.7     I: -16.2 LUFS       LRA:   2.9 LU  FTPK: -11.4 dBFS  TPK:  -1.4 dBFS
[Parsed_ebur128_0 @ 0x75bec0d2c0] t: 141.299979 TARGET:-23 LUFS    M: -15.0 S: -17.2     I: -16.2 LUFS       LRA:   2.9 LU  FTPK:  -2.9 dBFS  TPK:  -1.4 dBFS
[Parsed_ebur128_0 @ 0x75bec0d2c0] t: 141.399979 TARGET:-23 LUFS    M: -13.4 S: -16.6     I: -16.2 LUFS       LRA:   2.9 LU  FTPK:  -1.5 dBFS  TPK:  -1.4 dBFS
[Parsed_ebur128_0 @ 0x75bec0d2c0] t: 141.499979 TARGET:-23 LUFS    M: -13.8 S: -16.5     I: -16.2 LUFS       LRA:   2.9 LU  FTPK:  -4.0 dBFS  TPK:  -1.4 dBFS
[Parsed_ebur128_0 @ 0x75bec0d2c0] t: 141.599979 TARGET:-23 LUFS    M: -13.8 S: -16.4     I: -16.2 LUFS       LRA:   2.9 LU  FTPK:  -7.0 dBFS  TPK:  -1.4 dBFS
[Parsed_ebur128_0 @ 0x75bec0d2c0] t: 141.699979 TARGET:-23 LUFS    M: -15.3 S: -16.4     I: -16.2 LUFS       LRA:   2.9 LU  FTPK:  -8.3 dBFS  TPK:  -1.4 dBFS
[Parsed_ebur128_0 @ 0x75bec0d2c0] t: 141.799979 TARGET:-23 LUFS    M: -19.8 S: -16.4     I: -16.2 LUFS       LRA:   2.9 LU  FTPK:  -7.7 dBFS  TPK:  -1.4 dBFS
[Parsed_ebur128_0 @ 0x75bec0d2c0] t: 141.899979 TARGET:-23 LUFS    M: -21.3 S: -16.3     I: -16.2 LUFS       LRA:   2.9 LU  FTPK:  -3.5 dBFS  TPK:  -1.4 dBFS
[Parsed_ebur128_0 @ 0x75bec0d2c0] t: 141.999979 TARGET:-23 LUFS    M: -21.5 S: -16.3     I: -16.2 LUFS       LRA:   2.9 LU  FTPK:  -7.3 dBFS  TPK:  -1.4 dBFS
[Parsed_ebur128_0 @ 0x75bec0d2c0] t: 142.099979 TARGET:-23 LUFS    M: -20.4 S: -16.2     I: -16.2 LUFS       LRA:   2.9 LU  FTPK:  -5.2 dBFS  TPK:  -1.4 dBFS
[Parsed_ebur128_0 @ 0x75bec0d2c0] t: 142.199979 TARGET:-23 LUFS    M: -19.6 S: -16.1     I: -16.2 LUFS       LRA:   2.9 LU  FTPK:  -4.9 dBFS  TPK:  -1.4 dBFS
[Parsed_ebur128_0 @ 0x75bec0d2c0] t: 142.299979 TARGET:-23 LUFS    M: -20.2 S: -16.1     I: -16.2 LUFS       LRA:   2.9 LU  FTPK:  -6.5 dBFS  TPK:  -1.4 dBFS
[Parsed_ebur128_0 @ 0x75bec0d2c0] t: 142.399979 TARGET:-23 LUFS    M: -17.9 S: -15.9     I: -16.2 LUFS       LRA:   2.9 LU  FTPK:  -2.3 dBFS  TPK:  -1.4 dBFS
[Parsed_ebur128_0 @ 0x75bec0d2c0] t: 142.499979 TARGET:-23 LUFS    M: -18.7 S: -16.1     I: -16.2 LUFS       LRA:   2.9 LU  FTPK: -16.4 dBFS  TPK:  -1.4 dBFS
[Parsed_ebur128_0 @ 0x75bec0d2c0] t: 142.599979 TARGET:-23 LUFS    M: -18.8 S: -16.1     I: -16.2 LUFS       LRA:   2.9 LU  FTPK:  -8.3 dBFS  TPK:  -1.4 dBFS
[Parsed_ebur128_0 @ 0x75bec0d2c0] t: 142.699979 TARGET:-23 LUFS    M: -18.9 S: -16.4     I: -16.2 LUFS       LRA:   2.9 LU  FTPK:  -8.3 dBFS  TPK:  -1.4 dBFS
[Parsed_ebur128_0 @ 0x75bec0d2c0] t: 142.799979 TARGET:-23 LUFS    M: -23.4 S: -16.8     I: -16.2 LUFS       LRA:   2.9 LU  FTPK: -32.9 dBFS  TPK:  -1.4 dBFS
[Parsed_ebur128_0 @ 0x75bec0d2c0] t: 142.899979 TARGET:-23 LUFS    M: -23.5 S: -16.8     I: -16.2 LUFS       LRA:   2.9 LU  FTPK: -60.3 dBFS  TPK:  -1.4 dBFS
[Parsed_ebur128_0 @ 0x75bec0d2c0] t: 142.999979 TARGET:-23 LUFS    M: -31.2 S: -16.8     I: -16.2 LUFS       LRA:   2.9 LU  FTPK: -115.1 dBFS  TPK:  -1.4 dBFS
[Parsed_ebur128_0 @ 0x75bec0d2c0] t: 143.099979 TARGET:-23 LUFS    M: -55.6 S: -16.8     I: -16.2 LUFS       LRA:   2.9 LU  FTPK:  -inf dBFS  TPK:  -1.4 dBFS
[Parsed_ebur128_0 @ 0x75bec0d2c0] t: 143.199979 TARGET:-23 LUFS    M: -84.0 S: -17.0     I: -16.2 LUFS       LRA:   2.9 LU  FTPK:  -inf dBFS  TPK:  -1.4 dBFS
[Parsed_silencedetect_1 @ 0x75bec0d380] silence_start: 142.722875
[Parsed_ebur128_0 @ 0x75bec0d2c0] t: 143.299979 TARGET:-23 LUFS    M:-141.4 S: -17.1     I: -16.2 LUFS       LRA:   2.9 LU  FTPK:  -inf dBFS  TPK:  -1.4 dBFS
[Parsed_ebur128_0 @ 0x75bec0d2c0] t: 143.399979 TARGET:-23 LUFS    M:-146.9 S: -17.7     I: -16.2 LUFS       LRA:   2.9 LU  FTPK:  -inf dBFS  TPK:  -1.4 dBFS
[Parsed_ebur128_0 @ 0x75bec0d2c0] t: 143.499979 TARGET:-23 LUFS    M:-146.9 S: -17.8     I: -16.2 LUFS       LRA:   2.9 LU  FTPK:  -inf dBFS  TPK:  -1.4 dBFS
[Parsed_ebur128_0 @ 0x75bec0d2c0] t: 143.599979 TARGET:-23 LUFS    M:-144.3 S: -18.2     I: -16.2 LUFS       LRA:   2.9 LU  FTPK: -119.6 dBFS  TPK:  -1.4 dBFS
[Parsed_ebur128_0 @ 0x75bec0d2c0] t: 143.699979 TARGET:-23 LUFS    M: -48.3 S: -18.5     I: -16.2 LUFS       LRA:   2.9 LU  FTPK: -26.6 dBFS  TPK:  -1.4 dBFS
[Parsed_silencedetect_1 @ 0x75bec0d380] silence_end: 143.681708 | silence_duration: 0.958833
[Parsed_ebur128_0 @ 0x75bec0d2c0] t: 143.799979 TARGET:-23 LUFS    M: -17.8 S: -18.3     I: -16.2 LUFS       LRA:   2.9 LU  FTPK:  -1.5 dBFS  TPK:  -1.4 dBFS
[Parsed_ebur128_0 @ 0x75bec0d2c0] t: 143.899979 TARGET:-23 LUFS    M: -17.7 S: -18.5     I: -16.2 LUFS       LRA:   2.9 LU  FTPK: -15.9 dBFS  TPK:  -1.4 dBFS
[Parsed_ebur128_0 @ 0x75bec0d2c0] t: 143.999979 TARGET:-23 LUFS    M: -15.7 S: -18.4     I: -16.2 LUFS       LRA:   2.9 LU  FTPK:  -1.5 dBFS  TPK:  -1.4 dBFS
[Parsed_ebur128_0 @ 0x75bec0d2c0] t: 144.099979 TARGET:-23 LUFS    M: -15.1 S: -18.7     I: -16.2 LUFS       LRA:   2.9 LU  FTPK:  -4.0 dBFS  TPK:  -1.4 dBFS
[Parsed_ebur128_0 @ 0x75bec0d2c0] t: 144.199979 TARGET:-23 LUFS    M: -14.9 S: -18.0     I: -16.2 LUFS       LRA:   2.9 LU  FTPK:  -3.3 dBFS  TPK:  -1.4 dBFS
[Parsed_ebur128_0 @ 0x75bec0d2c0] t: 144.299979 TARGET:-23 LUFS    M: -14.2 S: -18.3     I: -16.2 LUFS       LRA:   2.9 LU  FTPK:  -4.9 dBFS  TPK:  -1.4 dBFS
[Parsed_ebur128_0 @ 0x75bec0d2c0] t: 144.399979 TARGET:-23 LUFS    M: -15.1 S: -19.0     I: -16.2 LUFS       LRA:   2.9 LU  FTPK:  -6.0 dBFS  TPK:  -1.4 dBFS
[Parsed_ebur128_0 @ 0x75bec0d2c0] t: 144.499979 TARGET:-23 LUFS    M: -15.4 S: -19.2     I: -16.2 LUFS       LRA:   2.9 LU  FTPK:  -9.8 dBFS  TPK:  -1.4 dBFS
[Parsed_ebur128_0 @ 0x75bec0d2c0] t: 144.599979 TARGET:-23 LUFS    M: -18.9 S: -19.2     I: -16.2 LUFS       LRA:   2.9 LU  FTPK:  -9.5 dBFS  TPK:  -1.4 dBFS
[Parsed_ebur128_0 @ 0x75bec0d2c0] t: 144.699979 TARGET:-23 LUFS    M: -20.1 S: -19.1     I: -16.2 LUFS       LRA:   2.9 LU  FTPK:  -6.6 dBFS  TPK:  -1.4 dBFS
[Parsed_ebur128_0 @ 0x75bec0d2c0] t: 144.799979 TARGET:-23 LUFS    M: -20.6 S: -19.1     I: -16.2 LUFS       LRA:   2.9 LU  FTPK:  -7.7 dBFS  TPK:  -1.4 dBFS
[Parsed_ebur128_0 @ 0x75bec0d2c0] t: 144.899979 TARGET:-23 LUFS    M: -18.3 S: -18.9     I: -16.2 LUFS       LRA:   2.9 LU  FTPK:  -3.0 dBFS  TPK:  -1.4 dBFS
[Parsed_ebur128_0 @ 0x75bec0d2c0] t: 144.999979 TARGET:-23 LUFS    M: -16.1 S: -18.4     I: -16.2 LUFS       LRA:   2.9 LU  FTPK:  -3.5 dBFS  TPK:  -1.4 dBFS
[Parsed_ebur128_0 @ 0x75bec0d2c0] t: 145.099979 TARGET:-23 LUFS    M: -15.3 S: -18.2     I: -16.2 LUFS       LRA:   2.9 LU  FTPK:  -3.3 dBFS  TPK:  -1.4 dBFS
[Parsed_ebur128_0 @ 0x75bec0d2c0] t: 145.199979 TARGET:-23 LUFS    M: -14.3 S: -18.1     I: -16.2 LUFS       LRA:   2.9 LU  FTPK:  -4.4 dBFS  TPK:  -1.4 dBFS
[Parsed_ebur128_0 @ 0x75bec0d2c0] t: 145.299979 TARGET:-23 LUFS    M: -14.5 S: -17.9     I: -16.2 LUFS       LRA:   2.9 LU  FTPK:  -5.8 dBFS  TPK:  -1.4 dBFS
[Parsed_ebur128_0 @ 0x75bec0d2c0] t: 145.399979 TARGET:-23 LUFS    M: -14.5 S: -17.7     I: -16.2 LUFS       LRA:   2.9 LU  FTPK:  -1.5 dBFS  TPK:  -1.4 dBFS
[Parsed_ebur128_0 @ 0x75bec0d2c0] t: 145.499979 TARGET:-23 LUFS    M: -15.4 S: -17.7     I: -16.2 LUFS       LRA:   2.9 LU  FTPK:  -7.6 dBFS  TPK:  -1.4 dBFS
[Parsed_ebur128_0 @ 0x75bec0d2c0] t: 145.599979 TARGET:-23 LUFS    M: -16.2 S: -17.7     I: -16.2 LUFS       LRA:   2.9 LU  FTPK:  -3.8 dBFS  TPK:  -1.4 dBFS
[Parsed_ebur128_0 @ 0x75bec0d2c0] t: 145.699979 TARGET:-23 LUFS    M: -16.4 S: -17.5     I: -16.2 LUFS       LRA:   2.9 LU  FTPK:  -4.0 dBFS  TPK:  -1.4 dBFS
[Parsed_ebur128_0 @ 0x75bec0d2c0] t: 145.799979 TARGET:-23 LUFS    M: -18.3 S: -17.4     I: -16.2 LUFS       LRA:   2.9 LU  FTPK:  -5.2 dBFS  TPK:  -1.4 dBFS
[Parsed_ebur128_0 @ 0x75bec0d2c0] t: 145.899979 TARGET:-23 LUFS    M: -17.1 S: -17.2     I: -16.2 LUFS       LRA:   2.9 LU  FTPK:  -5.1 dBFS  TPK:  -1.4 dBFS
[Parsed_ebur128_0 @ 0x75bec0d2c0] t: 145.999979 TARGET:-23 LUFS    M: -16.5 S: -17.0     I: -16.2 LUFS       LRA:   2.9 LU  FTPK:  -6.4 dBFS  TPK:  -1.4 dBFS
[Parsed_ebur128_0 @ 0x75bec0d2c0] t: 146.099979 TARGET:-23 LUFS    M: -15.5 S: -16.7     I: -16.2 LUFS       LRA:   2.9 LU  FTPK:  -2.6 dBFS  TPK:  -1.4 dBFS
[Parsed_ebur128_0 @ 0x75bec0d2c0] t: 146.199979 TARGET:-23 LUFS    M: -15.0 S: -16.5     I: -16.2 LUFS       LRA:   2.9 LU  FTPK:  -5.7 dBFS  TPK:  -1.4 dBFS
[Parsed_ebur128_0 @ 0x75bec0d2c0] t: 146.299979 TARGET:-23 LUFS    M: -14.6 S: -16.3     I: -16.2 LUFS       LRA:   2.9 LU  FTPK:  -7.0 dBFS  TPK:  -1.4 dBFS
[Parsed_ebur128_0 @ 0x75bec0d2c0] t: 146.399979 TARGET:-23 LUFS    M: -14.5 S: -16.1     I: -16.2 LUFS       LRA:   2.9 LU  FTPK:  -3.8 dBFS  TPK:  -1.4 dBFS
[Parsed_ebur128_0 @ 0x75bec0d2c0] t: 146.499979 TARGET:-23 LUFS    M: -15.5 S: -16.0     I: -16.2 LUFS       LRA:   2.9 LU  FTPK:  -8.4 dBFS  TPK:  -1.4 dBFS
[Parsed_ebur128_0 @ 0x75bec0d2c0] t: 146.599979 TARGET:-23 LUFS    M: -14.4 S: -15.6     I: -16.2 LUFS       LRA:   2.9 LU  FTPK:  -1.5 dBFS  TPK:  -1.4 dBFS
[Parsed_ebur128_0 @ 0x75bec0d2c0] t: 146.699979 TARGET:-23 LUFS    M: -14.2 S: -15.4     I: -16.2 LUFS       LRA:   2.9 LU  FTPK:  -3.2 dBFS  TPK:  -1.4 dBFS
[Parsed_ebur128_0 @ 0x75bec0d2c0] t: 146.799979 TARGET:-23 LUFS    M: -13.8 S: -15.5     I: -16.2 LUFS       LRA:   2.9 LU  FTPK:  -3.8 dBFS  TPK:  -1.4 dBFS
[Parsed_ebur128_0 @ 0x75bec0d2c0] t: 146.899979 TARGET:-23 LUFS    M: -12.8 S: -15.2     I: -16.2 LUFS       LRA:   2.9 LU  FTPK:  -1.6 dBFS  TPK:  -1.4 dBFS
[Parsed_ebur128_0 @ 0x75bec0d2c0] t: 146.999979 TARGET:-23 LUFS    M: -12.9 S: -15.2     I: -16.2 LUFS       LRA:   2.9 LU  FTPK:  -1.5 dBFS  TPK:  -1.4 dBFS
[Parsed_ebur128_0 @ 0x75bec0d2c0] t: 147.099979 TARGET:-23 LUFS    M: -13.7 S: -15.2     I: -16.2 LUFS       LRA:   2.9 LU  FTPK:  -9.5 dBFS  TPK:  -1.4 dBFS
[Parsed_ebur128_0 @ 0x75bec0d2c0] t: 147.199979 TARGET:-23 LUFS    M: -14.9 S: -15.5     I: -16.2 LUFS       LRA:   2.9 LU  FTPK: -10.0 dBFS  TPK:  -1.4 dBFS
[Parsed_ebur128_0 @ 0x75bec0d2c0] t: 147.299979 TARGET:-23 LUFS    M: -17.2 S: -15.6     I: -16.2 LUFS       LRA:   2.9 LU  FTPK:  -8.4 dBFS  TPK:  -1.4 dBFS
[Parsed_ebur128_0 @ 0x75bec0d2c0] t: 147.399979 TARGET:-23 LUFS    M: -20.4 S: -15.6     I: -16.2 LUFS       LRA:   2.9 LU  FTPK:  -8.6 dBFS  TPK:  -1.4 dBFS
[Parsed_ebur128_0 @ 0x75bec0d2c0] t: 147.499979 TARGET:-23 LUFS    M: -18.1 S: -15.5     I: -16.2 LUFS       LRA:   2.9 LU  FTPK:  -1.5 dBFS  TPK:  -1.4 dBFS
[Parsed_ebur128_0 @ 0x75bec0d2c0] t: 147.599979 TARGET:-23 LUFS    M: -17.7 S: -15.4     I: -16.2 LUFS       LRA:   2.9 LU  FTPK:  -2.9 dBFS  TPK:  -1.4 dBFS
[Parsed_ebur128_0 @ 0x75bec0d2c0] t: 147.699979 TARGET:-23 LUFS    M: -17.5 S: -15.4     I: -16.2 LUFS       LRA:   2.9 LU  FTPK:  -8.6 dBFS  TPK:  -1.4 dBFS
[Parsed_ebur128_0 @ 0x75bec0d2c0] t: 147.799979 TARGET:-23 LUFS    M: -17.7 S: -15.4     I: -16.2 LUFS       LRA:   2.9 LU  FTPK:  -6.0 dBFS  TPK:  -1.4 dBFS
[Parsed_ebur128_0 @ 0x75bec0d2c0] t: 147.899979 TARGET:-23 LUFS    M: -21.0 S: -15.6     I: -16.2 LUFS       LRA:   2.9 LU  FTPK: -17.3 dBFS  TPK:  -1.4 dBFS
[Parsed_ebur128_0 @ 0x75bec0d2c0] t: 147.999979 TARGET:-23 LUFS    M: -23.1 S: -15.8     I: -16.2 LUFS       LRA:   2.9 LU  FTPK: -54.1 dBFS  TPK:  -1.4 dBFS
[Parsed_ebur128_0 @ 0x75bec0d2c0] t: 148.099979 TARGET:-23 LUFS    M: -25.9 S: -16.0     I: -16.2 LUFS       LRA:   2.9 LU  FTPK: -66.4 dBFS  TPK:  -1.4 dBFS
[Parsed_ebur128_0 @ 0x75bec0d2c0] t: 148.199979 TARGET:-23 LUFS    M: -38.5 S: -16.2     I: -16.2 LUFS       LRA:   2.9 LU  FTPK:  -inf dBFS  TPK:  -1.4 dBFS
[Parsed_ebur128_0 @ 0x75bec0d2c0] t: 148.299979 TARGET:-23 LUFS    M: -76.5 S: -16.4     I: -16.2 LUFS       LRA:   2.9 LU  FTPK:  -inf dBFS  TPK:  -1.4 dBFS
[Parsed_silencedetect_1 @ 0x75bec0d380] silence_start: 147.882104
[Parsed_ebur128_0 @ 0x75bec0d2c0] t: 148.399979 TARGET:-23 LUFS    M: -93.0 S: -16.7     I: -16.2 LUFS       LRA:   2.9 LU  FTPK:  -inf dBFS  TPK:  -1.4 dBFS
[Parsed_ebur128_0 @ 0x75bec0d2c0] t: 148.499979 TARGET:-23 LUFS    M:-146.8 S: -16.8     I: -16.2 LUFS       LRA:   2.9 LU  FTPK:  -inf dBFS  TPK:  -1.4 dBFS
[Parsed_ebur128_0 @ 0x75bec0d2c0] t: 148.599979 TARGET:-23 LUFS    M:-146.8 S: -16.9     I: -16.2 LUFS       LRA:   2.9 LU  FTPK:  -inf dBFS  TPK:  -1.4 dBFS
[Parsed_ebur128_0 @ 0x75bec0d2c0] t: 148.699979 TARGET:-23 LUFS    M:-146.8 S: -17.0     I: -16.2 LUFS       LRA:   2.9 LU  FTPK:  -inf dBFS  TPK:  -1.4 dBFS
[Parsed_ebur128_0 @ 0x75bec0d2c0] t: 148.799979 TARGET:-23 LUFS    M: -97.1 S: -17.1     I: -16.2 LUFS       LRA:   2.9 LU  FTPK: -73.0 dBFS  TPK:  -1.4 dBFS
[Parsed_ebur128_0 @ 0x75bec0d2c0] t: 148.899979 TARGET:-23 LUFS    M: -27.0 S: -17.3     I: -16.2 LUFS       LRA:   2.9 LU  FTPK:  -5.9 dBFS  TPK:  -1.4 dBFS
[Parsed_silencedetect_1 @ 0x75bec0d380] silence_end: 148.862104 | silence_duration: 0.98
[Parsed_ebur128_0 @ 0x75bec0d2c0] t: 148.999979 TARGET:-23 LUFS    M: -21.6 S: -17.3     I: -16.2 LUFS       LRA:   2.9 LU  FTPK:  -6.0 dBFS  TPK:  -1.4 dBFS
[Parsed_ebur128_0 @ 0x75bec0d2c0] t: 149.099979 TARGET:-23 LUFS    M: -20.7 S: -17.7     I: -16.2 LUFS       LRA:   2.9 LU  FTPK:  -9.7 dBFS  TPK:  -1.4 dBFS
[Parsed_ebur128_0 @ 0x75bec0d2c0] t: 149.199979 TARGET:-23 LUFS    M: -16.2 S: -17.4     I: -16.2 LUFS       LRA:   2.9 LU  FTPK:  -1.5 dBFS  TPK:  -1.4 dBFS
[Parsed_ebur128_0 @ 0x75bec0d2c0] t: 149.299979 TARGET:-23 LUFS    M: -15.5 S: -17.5     I: -16.2 LUFS       LRA:   2.9 LU  FTPK:  -4.1 dBFS  TPK:  -1.4 dBFS
[Parsed_ebur128_0 @ 0x75bec0d2c0] t: 149.399979 TARGET:-23 LUFS    M: -14.3 S: -17.3     I: -16.2 LUFS       LRA:   2.9 LU  FTPK:  -1.5 dBFS  TPK:  -1.4 dBFS
[Parsed_ebur128_0 @ 0x75bec0d2c0] t: 149.499979 TARGET:-23 LUFS    M: -13.8 S: -17.2     I: -16.2 LUFS       LRA:   2.9 LU  FTPK:  -4.5 dBFS  TPK:  -1.4 dBFS
[Parsed_ebur128_0 @ 0x75bec0d2c0] t: 149.599979 TARGET:-23 LUFS    M: -14.9 S: -17.5     I: -16.2 LUFS       LRA:   2.9 LU  FTPK:  -5.9 dBFS  TPK:  -1.4 dBFS
[Parsed_ebur128_0 @ 0x75bec0d2c0] t: 149.699979 TARGET:-23 LUFS    M: -15.5 S: -17.8     I: -16.2 LUFS       LRA:   2.9 LU  FTPK:  -8.2 dBFS  TPK:  -1.4 dBFS
[Parsed_ebur128_0 @ 0x75bec0d2c0] t: 149.799979 TARGET:-23 LUFS    M: -17.5 S: -18.1     I: -16.2 LUFS       LRA:   2.9 LU  FTPK:  -8.9 dBFS  TPK:  -1.4 dBFS
[Parsed_ebur128_0 @ 0x75bec0d2c0] t: 149.899979 TARGET:-23 LUFS    M: -15.3 S: -18.0     I: -16.2 LUFS       LRA:   2.9 LU  FTPK:  -1.5 dBFS  TPK:  -1.4 dBFS
[Parsed_ebur128_0 @ 0x75bec0d2c0] t: 149.999979 TARGET:-23 LUFS    M: -15.5 S: -18.3     I: -16.2 LUFS       LRA:   2.9 LU  FTPK:  -4.7 dBFS  TPK:  -1.4 dBFS
[Parsed_ebur128_0 @ 0x75bec0d2c0] t: 150.099979 TARGET:-23 LUFS    M: -15.4 S: -18.3     I: -16.2 LUFS       LRA:   2.9 LU  FTPK:  -8.8 dBFS  TPK:  -1.4 dBFS
[Parsed_ebur128_0 @ 0x75bec0d2c0] t: 150.199979 TARGET:-23 LUFS    M: -15.1 S: -18.2     I: -16.2 LUFS       LRA:   2.9 LU  FTPK:  -6.1 dBFS  TPK:  -1.4 dBFS
[Parsed_ebur128_0 @ 0x75bec0d2c0] t: 150.299979 TARGET:-23 LUFS    M: -16.9 S: -18.0     I: -16.2 LUFS       LRA:   2.9 LU  FTPK:  -3.8 dBFS  TPK:  -1.4 dBFS
[Parsed_ebur128_0 @ 0x75bec0d2c0] t: 150.399979 TARGET:-23 LUFS    M: -17.8 S: -18.0     I: -16.2 LUFS       LRA:   2.9 LU  FTPK:  -8.1 dBFS  TPK:  -1.4 dBFS
[Parsed_ebur128_0 @ 0x75bec0d2c0] t: 150.499979 TARGET:-23 LUFS    M: -17.2 S: -18.2     I: -16.2 LUFS       LRA:   2.9 LU  FTPK:  -3.7 dBFS  TPK:  -1.4 dBFS
[Parsed_ebur128_0 @ 0x75bec0d2c0] t: 150.599979 TARGET:-23 LUFS    M: -16.4 S: -17.9     I: -16.2 LUFS       LRA:   2.9 LU  FTPK:  -2.8 dBFS  TPK:  -1.4 dBFS
[Parsed_ebur128_0 @ 0x75bec0d2c0] t: 150.699979 TARGET:-23 LUFS    M: -15.8 S: -17.7     I: -16.2 LUFS       LRA:   2.9 LU  FTPK:  -4.6 dBFS  TPK:  -1.4 dBFS
[Parsed_ebur128_0 @ 0x75bec0d2c0] t: 150.799979 TARGET:-23 LUFS    M: -15.5 S: -17.6     I: -16.2 LUFS       LRA:   2.9 LU  FTPK:  -8.2 dBFS  TPK:  -1.4 dBFS
[Parsed_ebur128_0 @ 0x75bec0d2c0] t: 150.899979 TARGET:-23 LUFS    M: -16.1 S: -17.6     I: -16.2 LUFS       LRA:   2.9 LU  FTPK: -10.1 dBFS  TPK:  -1.4 dBFS
[Parsed_ebur128_0 @ 0x75bec0d2c0] t: 150.999979 TARGET:-23 LUFS    M: -18.1 S: -17.6     I: -16.2 LUFS       LRA:   2.9 LU  FTPK: -19.7 dBFS  TPK:  -1.4 dBFS
[Parsed_ebur128_0 @ 0x75bec0d2c0] t: 151.099979 TARGET:-23 LUFS    M: -22.8 S: -17.6     I: -16.2 LUFS       LRA:   2.9 LU  FTPK: -38.8 dBFS  TPK:  -1.4 dBFS
[Parsed_ebur128_0 @ 0x75bec0d2c0] t: 151.199979 TARGET:-23 LUFS    M: -27.7 S: -17.6     I: -16.2 LUFS       LRA:   2.9 LU  FTPK: -64.6 dBFS  TPK:  -1.4 dBFS
[Parsed_ebur128_0 @ 0x75bec0d2c0] t: 151.299979 TARGET:-23 LUFS    M: -39.0 S: -17.6     I: -16.2 LUFS       LRA:   2.9 LU  FTPK:  -inf dBFS  TPK:  -1.4 dBFS
[Parsed_ebur128_0 @ 0x75bec0d2c0] t: 151.399979 TARGET:-23 LUFS    M: -61.2 S: -17.6     I: -16.2 LUFS       LRA:   2.9 LU  FTPK:  -inf dBFS  TPK:  -1.4 dBFS
[Parsed_ebur128_0 @ 0x75bec0d2c0] t: 151.499979 TARGET:-23 LUFS    M: -86.3 S: -17.6     I: -16.2 LUFS       LRA:   2.9 LU  FTPK:  -inf dBFS  TPK:  -1.4 dBFS
[Parsed_silencedetect_1 @ 0x75bec0d380] silence_start: 151.004604
[Parsed_ebur128_0 @ 0x75bec0d2c0] t: 151.599979 TARGET:-23 LUFS    M:-147.8 S: -17.6     I: -16.2 LUFS       LRA:   2.9 LU  FTPK:  -inf dBFS  TPK:  -1.4 dBFS
[Parsed_ebur128_0 @ 0x75bec0d2c0] t: 151.699979 TARGET:-23 LUFS    M:-147.8 S: -17.6     I: -16.2 LUFS       LRA:   2.9 LU  FTPK:  -inf dBFS  TPK:  -1.4 dBFS
[Parsed_ebur128_0 @ 0x75bec0d2c0] t: 151.799979 TARGET:-23 LUFS    M:-147.8 S: -17.6     I: -16.2 LUFS       LRA:   2.9 LU  FTPK:  -inf dBFS  TPK:  -1.4 dBFS
[Parsed_ebur128_0 @ 0x75bec0d2c0] t: 151.899979 TARGET:-23 LUFS    M:-146.1 S: -17.6     I: -16.2 LUFS       LRA:   2.9 LU  FTPK: -123.8 dBFS  TPK:  -1.4 dBFS
[Parsed_ebur128_0 @ 0x75bec0d2c0] t: 151.999979 TARGET:-23 LUFS    M: -82.5 S: -17.8     I: -16.2 LUFS       LRA:   2.9 LU  FTPK: -62.4 dBFS  TPK:  -1.4 dBFS
[Parsed_ebur128_0 @ 0x75bec0d2c0] t: 152.099979 TARGET:-23 LUFS    M: -26.2 S: -17.8     I: -16.2 LUFS       LRA:   2.9 LU  FTPK:  -7.0 dBFS  TPK:  -1.4 dBFS
[Parsed_silencedetect_1 @ 0x75bec0d380] silence_end: 152.012125 | silence_duration: 1.007521
[Parsed_ebur128_0 @ 0x75bec0d2c0] t: 152.199979 TARGET:-23 LUFS    M: -20.5 S: -18.1     I: -16.2 LUFS       LRA:   2.9 LU  FTPK:  -1.5 dBFS  TPK:  -1.4 dBFS
[Parsed_ebur128_0 @ 0x75bec0d2c0] t: 152.299979 TARGET:-23 LUFS    M: -17.8 S: -18.1     I: -16.2 LUFS       LRA:   2.9 LU  FTPK:  -2.3 dBFS  TPK:  -1.4 dBFS
[Parsed_ebur128_0 @ 0x75bec0d2c0] t: 152.399979 TARGET:-23 LUFS    M: -15.2 S: -18.1     I: -16.2 LUFS       LRA:   2.9 LU  FTPK:  -1.5 dBFS  TPK:  -1.4 dBFS
[Parsed_ebur128_0 @ 0x75bec0d2c0] t: 152.499979 TARGET:-23 LUFS    M: -14.4 S: -17.9     I: -16.2 LUFS       LRA:   2.9 LU  FTPK:  -1.7 dBFS  TPK:  -1.4 dBFS
[Parsed_ebur128_0 @ 0x75bec0d2c0] t: 152.599979 TARGET:-23 LUFS    M: -13.7 S: -17.7     I: -16.2 LUFS       LRA:   2.9 LU  FTPK:  -2.7 dBFS  TPK:  -1.4 dBFS
[Parsed_ebur128_0 @ 0x75bec0d2c0] t: 152.699979 TARGET:-23 LUFS    M: -14.0 S: -17.6     I: -16.2 LUFS       LRA:   2.9 LU  FTPK:  -4.3 dBFS  TPK:  -1.4 dBFS
[Parsed_ebur128_0 @ 0x75bec0d2c0] t: 152.799979 TARGET:-23 LUFS    M: -15.0 S: -17.6     I: -16.2 LUFS       LRA:   2.9 LU  FTPK:  -5.9 dBFS  TPK:  -1.4 dBFS
[Parsed_ebur128_0 @ 0x75bec0d2c0] t: 152.899979 TARGET:-23 LUFS    M: -15.9 S: -18.1     I: -16.2 LUFS       LRA:   2.9 LU  FTPK:  -8.1 dBFS  TPK:  -1.4 dBFS
[Parsed_ebur128_0 @ 0x75bec0d2c0] t: 152.999979 TARGET:-23 LUFS    M: -18.5 S: -18.2     I: -16.2 LUFS       LRA:   2.9 LU  FTPK: -10.7 dBFS  TPK:  -1.4 dBFS
[Parsed_ebur128_0 @ 0x75bec0d2c0] t: 153.099979 TARGET:-23 LUFS    M: -20.1 S: -18.3     I: -16.2 LUFS       LRA:   2.9 LU  FTPK: -13.8 dBFS  TPK:  -1.4 dBFS
[Parsed_ebur128_0 @ 0x75bec0d2c0] t: 153.199979 TARGET:-23 LUFS    M: -23.5 S: -18.6     I: -16.2 LUFS       LRA:   2.9 LU  FTPK: -35.1 dBFS  TPK:  -1.4 dBFS
[Parsed_ebur128_0 @ 0x75bec0d2c0] t: 153.299979 TARGET:-23 LUFS    M: -29.4 S: -18.9     I: -16.2 LUFS       LRA:   2.9 LU  FTPK: -54.8 dBFS  TPK:  -1.4 dBFS
[Parsed_ebur128_0 @ 0x75bec0d2c0] t: 153.399979 TARGET:-23 LUFS    M: -17.5 S: -18.2     I: -16.2 LUFS       LRA:   2.9 LU  FTPK:  -1.5 dBFS  TPK:  -1.4 dBFS
[Parsed_ebur128_0 @ 0x75bec0d2c0] t: 153.499979 TARGET:-23 LUFS    M: -16.3 S: -18.2     I: -16.2 LUFS       LRA:   2.9 LU  FTPK:  -6.2 dBFS  TPK:  -1.4 dBFS
[Parsed_ebur128_0 @ 0x75bec0d2c0] t: 153.599979 TARGET:-23 LUFS    M: -15.0 S: -18.2     I: -16.2 LUFS       LRA:   2.9 LU  FTPK:  -1.5 dBFS  TPK:  -1.4 dBFS
[Parsed_ebur128_0 @ 0x75bec0d2c0] t: 153.699979 TARGET:-23 LUFS    M: -13.9 S: -18.2     I: -16.2 LUFS       LRA:   2.9 LU  FTPK:  -3.6 dBFS  TPK:  -1.4 dBFS
[Parsed_ebur128_0 @ 0x75bec0d2c0] t: 153.799979 TARGET:-23 LUFS    M: -15.5 S: -18.2     I: -16.2 LUFS       LRA:   2.9 LU  FTPK:  -5.5 dBFS  TPK:  -1.4 dBFS
[Parsed_ebur128_0 @ 0x75bec0d2c0] t: 153.899979 TARGET:-23 LUFS    M: -16.3 S: -18.2     I: -16.2 LUFS       LRA:   2.9 LU  FTPK: -10.1 dBFS  TPK:  -1.4 dBFS
[Parsed_ebur128_0 @ 0x75bec0d2c0] t: 153.999979 TARGET:-23 LUFS    M: -15.9 S: -17.9     I: -16.2 LUFS       LRA:   2.9 LU  FTPK:  -1.5 dBFS  TPK:  -1.4 dBFS
[Parsed_ebur128_0 @ 0x75bec0d2c0] t: 154.099979 TARGET:-23 LUFS    M: -15.6 S: -17.5     I: -16.2 LUFS       LRA:   2.9 LU  FTPK:  -2.5 dBFS  TPK:  -1.4 dBFS
[Parsed_ebur128_0 @ 0x75bec0d2c0] t: 154.199979 TARGET:-23 LUFS    M: -14.1 S: -17.0     I: -16.2 LUFS       LRA:   2.9 LU  FTPK:  -1.5 dBFS  TPK:  -1.4 dBFS
[Parsed_ebur128_0 @ 0x75bec0d2c0] t: 154.299979 TARGET:-23 LUFS    M: -13.0 S: -16.6     I: -16.2 LUFS       LRA:   2.9 LU  FTPK:  -1.5 dBFS  TPK:  -1.4 dBFS
[Parsed_ebur128_0 @ 0x75bec0d2c0] t: 154.399979 TARGET:-23 LUFS    M: -13.8 S: -16.6     I: -16.2 LUFS       LRA:   2.9 LU  FTPK:  -7.3 dBFS  TPK:  -1.4 dBFS
[Parsed_ebur128_0 @ 0x75bec0d2c0] t: 154.499979 TARGET:-23 LUFS    M: -14.9 S: -16.5     I: -16.2 LUFS       LRA:   2.9 LU  FTPK:  -7.8 dBFS  TPK:  -1.4 dBFS
[Parsed_ebur128_0 @ 0x75bec0d2c0] t: 154.599979 TARGET:-23 LUFS    M: -16.1 S: -16.3     I: -16.2 LUFS       LRA:   2.9 LU  FTPK:  -3.0 dBFS  TPK:  -1.4 dBFS
[Parsed_ebur128_0 @ 0x75bec0d2c0] t: 154.699979 TARGET:-23 LUFS    M: -15.8 S: -16.0     I: -16.2 LUFS       LRA:   2.9 LU  FTPK:  -3.2 dBFS  TPK:  -1.4 dBFS
[Parsed_ebur128_0 @ 0x75bec0d2c0] t: 154.799979 TARGET:-23 LUFS    M: -15.3 S: -15.9     I: -16.2 LUFS       LRA:   2.9 LU  FTPK:  -4.9 dBFS  TPK:  -1.4 dBFS
[Parsed_ebur128_0 @ 0x75bec0d2c0] t: 154.899979 TARGET:-23 LUFS    M: -15.4 S: -15.8     I: -16.2 LUFS       LRA:   2.9 LU  FTPK:  -7.5 dBFS  TPK:  -1.4 dBFS
[Parsed_ebur128_0 @ 0x75bec0d2c0] t: 154.999979 TARGET:-23 LUFS    M: -15.2 S: -15.6     I: -16.2 LUFS       LRA:   2.9 LU  FTPK:  -2.3 dBFS  TPK:  -1.4 dBFS
[Parsed_ebur128_0 @ 0x75bec0d2c0] t: 155.099979 TARGET:-23 LUFS    M: -17.1 S: -15.6     I: -16.2 LUFS       LRA:   2.9 LU  FTPK:  -5.4 dBFS  TPK:  -1.4 dBFS
[Parsed_ebur128_0 @ 0x75bec0d2c0] t: 155.199979 TARGET:-23 LUFS    M: -17.5 S: -15.7     I: -16.2 LUFS       LRA:   2.9 LU  FTPK:  -2.1 dBFS  TPK:  -1.4 dBFS
[Parsed_ebur128_0 @ 0x75bec0d2c0] t: 155.299979 TARGET:-23 LUFS    M: -17.8 S: -15.8     I: -16.2 LUFS       LRA:   2.9 LU  FTPK: -12.1 dBFS  TPK:  -1.4 dBFS
[Parsed_ebur128_0 @ 0x75bec0d2c0] t: 155.399979 TARGET:-23 LUFS    M: -20.2 S: -16.1     I: -16.2 LUFS       LRA:   2.9 LU  FTPK:  -8.5 dBFS  TPK:  -1.4 dBFS
[Parsed_ebur128_0 @ 0x75bec0d2c0] t: 155.499979 TARGET:-23 LUFS    M: -21.3 S: -16.3     I: -16.2 LUFS       LRA:   2.9 LU  FTPK:  -8.9 dBFS  TPK:  -1.4 dBFS
[Parsed_ebur128_0 @ 0x75bec0d2c0] t: 155.599979 TARGET:-23 LUFS    M: -21.8 S: -16.5     I: -16.2 LUFS       LRA:   2.9 LU  FTPK: -12.5 dBFS  TPK:  -1.4 dBFS
[Parsed_ebur128_0 @ 0x75bec0d2c0] t: 155.699979 TARGET:-23 LUFS    M: -18.8 S: -16.5     I: -16.2 LUFS       LRA:   2.9 LU  FTPK:  -2.4 dBFS  TPK:  -1.4 dBFS
[Parsed_ebur128_0 @ 0x75bec0d2c0] t: 155.799979 TARGET:-23 LUFS    M: -16.4 S: -16.3     I: -16.2 LUFS       LRA:   2.9 LU  FTPK:  -2.5 dBFS  TPK:  -1.4 dBFS
[Parsed_ebur128_0 @ 0x75bec0d2c0] t: 155.899979 TARGET:-23 LUFS    M: -16.1 S: -16.3     I: -16.2 LUFS       LRA:   2.9 LU  FTPK:  -6.8 dBFS  TPK:  -1.4 dBFS
[Parsed_ebur128_0 @ 0x75bec0d2c0] t: 155.999979 TARGET:-23 LUFS    M: -16.4 S: -16.3     I: -16.2 LUFS       LRA:   2.9 LU  FTPK: -18.5 dBFS  TPK:  -1.4 dBFS
[Parsed_ebur128_0 @ 0x75bec0d2c0] t: 156.099979 TARGET:-23 LUFS    M: -17.3 S: -16.2     I: -16.2 LUFS       LRA:   2.9 LU  FTPK:  -8.2 dBFS  TPK:  -1.4 dBFS
[Parsed_ebur128_0 @ 0x75bec0d2c0] t: 156.199979 TARGET:-23 LUFS    M: -22.4 S: -16.2     I: -16.2 LUFS       LRA:   2.9 LU  FTPK: -28.5 dBFS  TPK:  -1.4 dBFS
[Parsed_ebur128_0 @ 0x75bec0d2c0] t: 156.299979 TARGET:-23 LUFS    M: -25.2 S: -16.2     I: -16.2 LUFS       LRA:   2.9 LU  FTPK: -66.3 dBFS  TPK:  -1.4 dBFS
[Parsed_ebur128_0 @ 0x75bec0d2c0] t: 156.399979 TARGET:-23 LUFS    M: -25.6 S: -16.7     I: -16.2 LUFS       LRA:   2.9 LU  FTPK: -102.8 dBFS  TPK:  -1.4 dBFS
[Parsed_ebur128_0 @ 0x75bec0d2c0] t: 156.499979 TARGET:-23 LUFS    M: -51.7 S: -16.9     I: -16.2 LUFS       LRA:   2.9 LU  FTPK:  -inf dBFS  TPK:  -1.4 dBFS
[Parsed_ebur128_0 @ 0x75bec0d2c0] t: 156.599979 TARGET:-23 LUFS    M: -86.6 S: -17.1     I: -16.2 LUFS       LRA:   2.9 LU  FTPK:  -inf dBFS  TPK:  -1.4 dBFS
[Parsed_silencedetect_1 @ 0x75bec0d380] silence_start: 156.116
[Parsed_ebur128_0 @ 0x75bec0d2c0] t: 156.699979 TARGET:-23 LUFS    M:-133.3 S: -17.4     I: -16.2 LUFS       LRA:   2.9 LU  FTPK:  -inf dBFS  TPK:  -1.4 dBFS
[Parsed_ebur128_0 @ 0x75bec0d2c0] t: 156.799979 TARGET:-23 LUFS    M:-147.4 S: -17.5     I: -16.2 LUFS       LRA:   2.9 LU  FTPK:  -inf dBFS  TPK:  -1.4 dBFS
[Parsed_ebur128_0 @ 0x75bec0d2c0] t: 156.899979 TARGET:-23 LUFS    M:-147.4 S: -17.6     I: -16.2 LUFS       LRA:   2.9 LU  FTPK:  -inf dBFS  TPK:  -1.4 dBFS
[Parsed_ebur128_0 @ 0x75bec0d2c0] t: 156.999979 TARGET:-23 LUFS    M:-147.4 S: -17.9     I: -16.2 LUFS       LRA:   2.9 LU  FTPK:  -inf dBFS  TPK:  -1.4 dBFS
[Parsed_ebur128_0 @ 0x75bec0d2c0] t: 157.099979 TARGET:-23 LUFS    M:-147.4 S: -18.4     I: -16.2 LUFS       LRA:   2.9 LU  FTPK:  -inf dBFS  TPK:  -1.4 dBFS
[Parsed_ebur128_0 @ 0x75bec0d2c0] t: 157.199979 TARGET:-23 LUFS    M:-147.4 S: -19.1     I: -16.2 LUFS       LRA:   2.9 LU  FTPK:  -inf dBFS  TPK:  -1.4 dBFS
[Parsed_ebur128_0 @ 0x75bec0d2c0] t: 157.299979 TARGET:-23 LUFS    M:-147.4 S: -19.7     I: -16.2 LUFS       LRA:   2.9 LU  FTPK:  -inf dBFS  TPK:  -1.4 dBFS
[Parsed_ebur128_0 @ 0x75bec0d2c0] t: 157.399979 TARGET:-23 LUFS    M:-147.4 S: -19.7     I: -16.2 LUFS       LRA:   2.9 LU  FTPK:  -inf dBFS  TPK:  -1.4 dBFS
[Parsed_ebur128_0 @ 0x75bec0d2c0] t: 157.499979 TARGET:-23 LUFS    M:-147.4 S: -19.9     I: -16.2 LUFS       LRA:   2.9 LU  FTPK:  -inf dBFS  TPK:  -1.4 dBFS
[Parsed_ebur128_0 @ 0x75bec0d2c0] t: 157.599979 TARGET:-23 LUFS    M:-147.4 S: -20.4     I: -16.2 LUFS       LRA:   2.9 LU  FTPK:  -inf dBFS  TPK:  -1.4 dBFS
[Parsed_ebur128_0 @ 0x75bec0d2c0] t: 157.699979 TARGET:-23 LUFS    M:-147.4 S: -21.4     I: -16.2 LUFS       LRA:   2.9 LU  FTPK:  -inf dBFS  TPK:  -1.4 dBFS
[Parsed_ebur128_0 @ 0x75bec0d2c0] t: 157.799979 TARGET:-23 LUFS    M:-147.4 S: -21.7     I: -16.2 LUFS       LRA:   2.9 LU  FTPK:  -inf dBFS  TPK:  -1.4 dBFS
[Parsed_ebur128_0 @ 0x75bec0d2c0] t: 157.899979 TARGET:-23 LUFS    M:-147.4 S: -21.9     I: -16.2 LUFS       LRA:   2.9 LU  FTPK:  -inf dBFS  TPK:  -1.4 dBFS
[Parsed_ebur128_0 @ 0x75bec0d2c0] t: 157.999979 TARGET:-23 LUFS    M:-147.4 S: -22.9     I: -16.2 LUFS       LRA:   2.9 LU  FTPK:  -inf dBFS  TPK:  -1.4 dBFS
[Parsed_ebur128_0 @ 0x75bec0d2c0] t: 158.099979 TARGET:-23 LUFS    M:-147.4 S: -23.3     I: -16.2 LUFS       LRA:   2.9 LU  FTPK:  -inf dBFS  TPK:  -1.4 dBFS
[Parsed_ebur128_0 @ 0x75bec0d2c0] t: 158.199979 TARGET:-23 LUFS    M:-147.4 S: -23.7     I: -16.2 LUFS       LRA:   2.9 LU  FTPK:  -inf dBFS  TPK:  -1.4 dBFS
[Parsed_ebur128_0 @ 0x75bec0d2c0] t: 158.299979 TARGET:-23 LUFS    M:-147.4 S: -23.7     I: -16.2 LUFS       LRA:   2.9 LU  FTPK:  -inf dBFS  TPK:  -1.4 dBFS
[Parsed_ebur128_0 @ 0x75bec0d2c0] t: 158.399979 TARGET:-23 LUFS    M:-147.4 S: -24.1     I: -16.2 LUFS       LRA:   2.9 LU  FTPK:  -inf dBFS  TPK:  -1.4 dBFS
[Parsed_ebur128_0 @ 0x75bec0d2c0] t: 158.499979 TARGET:-23 LUFS    M:-147.4 S: -24.4     I: -16.2 LUFS       LRA:   2.9 LU  FTPK:  -inf dBFS  TPK:  -1.4 dBFS
[Parsed_ebur128_0 @ 0x75bec0d2c0] t: 158.599979 TARGET:-23 LUFS    M:-147.4 S: -24.6     I: -16.2 LUFS       LRA:   2.9 LU  FTPK:  -inf dBFS  TPK:  -1.4 dBFS
[Parsed_ebur128_0 @ 0x75bec0d2c0] t: 158.699979 TARGET:-23 LUFS    M:-147.4 S: -26.0     I: -16.2 LUFS       LRA:   2.9 LU  FTPK:  -inf dBFS  TPK:  -1.4 dBFS
[Parsed_ebur128_0 @ 0x75bec0d2c0] t: 158.799979 TARGET:-23 LUFS    M:-147.4 S: -31.1     I: -16.2 LUFS       LRA:   2.9 LU  FTPK:  -inf dBFS  TPK:  -1.4 dBFS
[Parsed_ebur128_0 @ 0x75bec0d2c0] t: 158.899979 TARGET:-23 LUFS    M:-147.4 S: -34.0     I: -16.2 LUFS       LRA:   2.9 LU  FTPK:  -inf dBFS  TPK:  -1.4 dBFS
[Parsed_ebur128_0 @ 0x75bec0d2c0] t: 158.999979 TARGET:-23 LUFS    M:-147.4 S: -34.3     I: -16.2 LUFS       LRA:   2.9 LU  FTPK:  -inf dBFS  TPK:  -1.4 dBFS
[Parsed_ebur128_0 @ 0x75bec0d2c0] t: 159.099979 TARGET:-23 LUFS    M:-147.4 S: -60.4     I: -16.2 LUFS       LRA:   2.9 LU  FTPK:  -inf dBFS  TPK:  -1.4 dBFS
[Parsed_ebur128_0 @ 0x75bec0d2c0] t: 159.199979 TARGET:-23 LUFS    M:-147.4 S: -95.4     I: -16.2 LUFS       LRA:   2.9 LU  FTPK:  -inf dBFS  TPK:  -1.4 dBFS
[Parsed_ebur128_0 @ 0x75bec0d2c0] t: 159.299979 TARGET:-23 LUFS    M:-147.4 S:-140.4     I: -16.2 LUFS       LRA:   2.9 LU  FTPK:  -inf dBFS  TPK:  -1.4 dBFS
[Parsed_ebur128_0 @ 0x75bec0d2c0] t: 159.399979 TARGET:-23 LUFS    M:-147.4 S:-144.9     I: -16.2 LUFS       LRA:   2.9 LU  FTPK:  -inf dBFS  TPK:  -1.4 dBFS
[Parsed_ebur128_0 @ 0x75bec0d2c0] t: 159.499979 TARGET:-23 LUFS    M:-147.4 S:-144.9     I: -16.2 LUFS       LRA:   2.9 LU  FTPK:  -inf dBFS  TPK:  -1.4 dBFS
[Parsed_ebur128_0 @ 0x75bec0d2c0] t: 159.599979 TARGET:-23 LUFS    M:-147.4 S:-144.9     I: -16.2 LUFS       LRA:   2.9 LU  FTPK:  -inf dBFS  TPK:  -1.4 dBFS
[Parsed_ebur128_0 @ 0x75bec0d2c0] t: 159.699979 TARGET:-23 LUFS    M:-147.4 S:-144.9     I: -16.2 LUFS       LRA:   2.9 LU  FTPK:  -inf dBFS  TPK:  -1.4 dBFS
[Parsed_ebur128_0 @ 0x75bec0d2c0] t: 159.799979 TARGET:-23 LUFS    M:-147.4 S:-144.9     I: -16.2 LUFS       LRA:   2.9 LU  FTPK:  -inf dBFS  TPK:  -1.4 dBFS
[Parsed_ebur128_0 @ 0x75bec0d2c0] t: 159.899979 TARGET:-23 LUFS    M:-147.4 S:-144.9     I: -16.2 LUFS       LRA:   2.9 LU  FTPK:  -inf dBFS  TPK:  -1.4 dBFS
[Parsed_ebur128_0 @ 0x75bec0d2c0] t: 159.999979 TARGET:-23 LUFS    M:-147.4 S:-144.9     I: -16.2 LUFS       LRA:   2.9 LU  FTPK:  -inf dBFS  TPK:  -1.4 dBFS
[Parsed_ebur128_0 @ 0x75bec0d2c0] t: 160.099979 TARGET:-23 LUFS    M:-147.4 S:-144.9     I: -16.2 LUFS       LRA:   2.9 LU  FTPK:  -inf dBFS  TPK:  -1.4 dBFS
[Parsed_ebur128_0 @ 0x75bec0d2c0] t: 160.199979 TARGET:-23 LUFS    M: -87.5 S: -96.3     I: -16.2 LUFS       LRA:   2.9 LU  FTPK: -67.9 dBFS  TPK:  -1.4 dBFS
[Parsed_ebur128_0 @ 0x75bec0d2c0] t: 160.299979 TARGET:-23 LUFS    M: -36.7 S: -45.4     I: -16.2 LUFS       LRA:   2.9 LU  FTPK: -15.6 dBFS  TPK:  -1.4 dBFS
[Parsed_silencedetect_1 @ 0x75bec0d380] silence_end: 160.238604 | silence_duration: 4.122604
[Parsed_ebur128_0 @ 0x75bec0d2c0] t: 160.399979 TARGET:-23 LUFS    M: -18.7 S: -27.4     I: -16.2 LUFS       LRA:   2.9 LU  FTPK:  -1.5 dBFS  TPK:  -1.4 dBFS
[Parsed_ebur128_0 @ 0x75bec0d2c0] t: 160.499979 TARGET:-23 LUFS    M: -16.3 S: -25.0     I: -16.2 LUFS       LRA:   2.9 LU  FTPK:  -3.8 dBFS  TPK:  -1.4 dBFS
[Parsed_ebur128_0 @ 0x75bec0d2c0] t: 160.599979 TARGET:-23 LUFS    M: -14.6 S: -23.4     I: -16.2 LUFS       LRA:   2.9 LU  FTPK:  -1.5 dBFS  TPK:  -1.4 dBFS
[Parsed_ebur128_0 @ 0x75bec0d2c0] t: 160.699979 TARGET:-23 LUFS    M: -13.4 S: -22.2     I: -16.2 LUFS       LRA:   2.9 LU  FTPK:  -1.5 dBFS  TPK:  -1.4 dBFS
[Parsed_ebur128_0 @ 0x75bec0d2c0] t: 160.799979 TARGET:-23 LUFS    M: -14.0 S: -21.5     I: -16.2 LUFS       LRA:   2.9 LU  FTPK:  -1.5 dBFS  TPK:  -1.4 dBFS
[Parsed_ebur128_0 @ 0x75bec0d2c0] t: 160.899979 TARGET:-23 LUFS    M: -13.3 S: -20.3     I: -16.2 LUFS       LRA:   2.9 LU  FTPK:  -1.5 dBFS  TPK:  -1.4 dBFS
[Parsed_ebur128_0 @ 0x75bec0d2c0] t: 160.999979 TARGET:-23 LUFS    M: -13.9 S: -20.0     I: -16.2 LUFS       LRA:   3.0 LU  FTPK:  -6.2 dBFS  TPK:  -1.4 dBFS
[Parsed_ebur128_0 @ 0x75bec0d2c0] t: 161.099979 TARGET:-23 LUFS    M: -14.8 S: -19.8     I: -16.2 LUFS       LRA:   3.0 LU  FTPK:  -7.4 dBFS  TPK:  -1.4 dBFS
[Parsed_ebur128_0 @ 0x75bec0d2c0] t: 161.199979 TARGET:-23 LUFS    M: -14.2 S: -19.2     I: -16.2 LUFS       LRA:   3.0 LU  FTPK:  -2.4 dBFS  TPK:  -1.4 dBFS
[Parsed_ebur128_0 @ 0x75bec0d2c0] t: 161.299979 TARGET:-23 LUFS    M: -15.1 S: -18.7     I: -16.2 LUFS       LRA:   3.0 LU  FTPK:  -1.5 dBFS  TPK:  -1.4 dBFS
[Parsed_ebur128_0 @ 0x75bec0d2c0] t: 161.399979 TARGET:-23 LUFS    M: -15.4 S: -18.6     I: -16.2 LUFS       LRA:   3.0 LU  FTPK:  -5.4 dBFS  TPK:  -1.4 dBFS
[Parsed_ebur128_0 @ 0x75bec0d2c0] t: 161.499979 TARGET:-23 LUFS    M: -15.1 S: -18.4     I: -16.2 LUFS       LRA:   3.0 LU  FTPK:  -3.9 dBFS  TPK:  -1.4 dBFS
[Parsed_ebur128_0 @ 0x75bec0d2c0] t: 161.599979 TARGET:-23 LUFS    M: -17.2 S: -18.3     I: -16.2 LUFS       LRA:   3.0 LU  FTPK: -12.4 dBFS  TPK:  -1.4 dBFS
[Parsed_ebur128_0 @ 0x75bec0d2c0] t: 161.699979 TARGET:-23 LUFS    M: -19.8 S: -18.3     I: -16.2 LUFS       LRA:   3.0 LU  FTPK:  -9.5 dBFS  TPK:  -1.4 dBFS
[Parsed_ebur128_0 @ 0x75bec0d2c0] t: 161.799979 TARGET:-23 LUFS    M: -20.7 S: -18.2     I: -16.2 LUFS       LRA:   3.0 LU  FTPK:  -6.2 dBFS  TPK:  -1.4 dBFS
[Parsed_ebur128_0 @ 0x75bec0d2c0] t: 161.899979 TARGET:-23 LUFS    M: -23.4 S: -18.2     I: -16.2 LUFS       LRA:   3.0 LU  FTPK: -11.5 dBFS  TPK:  -1.4 dBFS
[Parsed_ebur128_0 @ 0x75bec0d2c0] t: 161.999979 TARGET:-23 LUFS    M: -22.0 S: -18.1     I: -16.2 LUFS       LRA:   3.0 LU  FTPK:  -6.1 dBFS  TPK:  -1.4 dBFS
[Parsed_ebur128_0 @ 0x75bec0d2c0] t: 162.099979 TARGET:-23 LUFS    M: -21.3 S: -18.0     I: -16.2 LUFS       LRA:   3.0 LU  FTPK:  -4.4 dBFS  TPK:  -1.4 dBFS
[Parsed_ebur128_0 @ 0x75bec0d2c0] t: 162.199979 TARGET:-23 LUFS    M: -18.7 S: -17.7     I: -16.2 LUFS       LRA:   3.0 LU  FTPK:  -1.5 dBFS  TPK:  -1.4 dBFS
[Parsed_ebur128_0 @ 0x75bec0d2c0] t: 162.299979 TARGET:-23 LUFS    M: -17.3 S: -17.5     I: -16.2 LUFS       LRA:   3.0 LU  FTPK:  -3.7 dBFS  TPK:  -1.4 dBFS
[Parsed_ebur128_0 @ 0x75bec0d2c0] t: 162.399979 TARGET:-23 LUFS    M: -16.4 S: -17.3     I: -16.2 LUFS       LRA:   3.0 LU  FTPK:  -3.4 dBFS  TPK:  -1.4 dBFS
[Parsed_ebur128_0 @ 0x75bec0d2c0] t: 162.499979 TARGET:-23 LUFS    M: -14.4 S: -16.8     I: -16.2 LUFS       LRA:   3.0 LU  FTPK:  -1.6 dBFS  TPK:  -1.4 dBFS
[Parsed_ebur128_0 @ 0x75bec0d2c0] t: 162.599979 TARGET:-23 LUFS    M: -13.1 S: -16.3     I: -16.2 LUFS       LRA:   3.0 LU  FTPK:  -1.7 dBFS  TPK:  -1.4 dBFS
[Parsed_ebur128_0 @ 0x75bec0d2c0] t: 162.699979 TARGET:-23 LUFS    M: -13.4 S: -16.2     I: -16.2 LUFS       LRA:   3.0 LU  FTPK:  -7.6 dBFS  TPK:  -1.4 dBFS
[Parsed_ebur128_0 @ 0x75bec0d2c0] t: 162.799979 TARGET:-23 LUFS    M: -14.0 S: -16.2     I: -16.2 LUFS       LRA:   3.0 LU  FTPK:  -9.2 dBFS  TPK:  -1.4 dBFS
[Parsed_ebur128_0 @ 0x75bec0d2c0] t: 162.899979 TARGET:-23 LUFS    M: -15.9 S: -16.2     I: -16.2 LUFS       LRA:   3.0 LU  FTPK: -10.2 dBFS  TPK:  -1.4 dBFS
[Parsed_ebur128_0 @ 0x75bec0d2c0] t: 162.999979 TARGET:-23 LUFS    M: -22.8 S: -16.2     I: -16.2 LUFS       LRA:   3.0 LU  FTPK: -12.0 dBFS  TPK:  -1.4 dBFS
[Parsed_ebur128_0 @ 0x75bec0d2c0] t: 163.099979 TARGET:-23 LUFS    M: -25.5 S: -16.2     I: -16.2 LUFS       LRA:   3.0 LU  FTPK: -21.5 dBFS  TPK:  -1.4 dBFS
[Parsed_ebur128_0 @ 0x75bec0d2c0] t: 163.199979 TARGET:-23 LUFS    M: -28.5 S: -16.2     I: -16.2 LUFS       LRA:   3.0 LU  FTPK: -63.2 dBFS  TPK:  -1.4 dBFS
[Parsed_ebur128_0 @ 0x75bec0d2c0] t: 163.299979 TARGET:-23 LUFS    M: -35.6 S: -16.2     I: -16.2 LUFS       LRA:   3.0 LU  FTPK: -106.6 dBFS  TPK:  -1.4 dBFS
[Parsed_ebur128_0 @ 0x75bec0d2c0] t: 163.399979 TARGET:-23 LUFS    M: -42.1 S: -16.5     I: -16.2 LUFS       LRA:   3.0 LU  FTPK:  -inf dBFS  TPK:  -1.4 dBFS
[Parsed_ebur128_0 @ 0x75bec0d2c0] t: 163.499979 TARGET:-23 LUFS    M: -83.9 S: -16.8     I: -16.2 LUFS       LRA:   3.0 LU  FTPK:  -inf dBFS  TPK:  -1.4 dBFS
[Parsed_silencedetect_1 @ 0x75bec0d380] silence_start: 163.038292
[Parsed_ebur128_0 @ 0x75bec0d2c0] t: 163.599979 TARGET:-23 LUFS    M:-129.3 S: -17.1     I: -16.2 LUFS       LRA:   3.0 LU  FTPK:  -inf dBFS  TPK:  -1.4 dBFS
[Parsed_ebur128_0 @ 0x75bec0d2c0] t: 163.699979 TARGET:-23 LUFS    M:-147.8 S: -17.4     I: -16.2 LUFS       LRA:   2.9 LU  FTPK:  -inf dBFS  TPK:  -1.4 dBFS
[Parsed_ebur128_0 @ 0x75bec0d2c0] t: 163.799979 TARGET:-23 LUFS    M:-147.8 S: -17.7     I: -16.2 LUFS       LRA:   2.9 LU  FTPK:  -inf dBFS  TPK:  -1.4 dBFS
[Parsed_ebur128_0 @ 0x75bec0d2c0] t: 163.899979 TARGET:-23 LUFS    M:-147.8 S: -18.3     I: -16.2 LUFS       LRA:   2.9 LU  FTPK:  -inf dBFS  TPK:  -1.4 dBFS
[Parsed_ebur128_0 @ 0x75bec0d2c0] t: 163.999979 TARGET:-23 LUFS    M: -83.9 S: -18.5     I: -16.2 LUFS       LRA:   2.9 LU  FTPK: -62.0 dBFS  TPK:  -1.4 dBFS
[Parsed_ebur128_0 @ 0x75bec0d2c0] t: 164.099979 TARGET:-23 LUFS    M: -21.2 S: -18.3     I: -16.2 LUFS       LRA:   2.9 LU  FTPK:  -1.5 dBFS  TPK:  -1.4 dBFS
[Parsed_silencedetect_1 @ 0x75bec0d380] silence_end: 164.034687 | silence_duration: 0.996396
[Parsed_ebur128_0 @ 0x75bec0d2c0] t: 164.199979 TARGET:-23 LUFS    M: -19.4 S: -18.7     I: -16.2 LUFS       LRA:   3.0 LU  FTPK:  -4.2 dBFS  TPK:  -1.4 dBFS
[Parsed_ebur128_0 @ 0x75bec0d2c0] t: 164.299979 TARGET:-23 LUFS    M: -16.3 S: -18.6     I: -16.2 LUFS       LRA:   3.0 LU  FTPK:  -1.5 dBFS  TPK:  -1.4 dBFS
[Parsed_ebur128_0 @ 0x75bec0d2c0] t: 164.399979 TARGET:-23 LUFS    M: -15.4 S: -18.5     I: -16.2 LUFS       LRA:   3.0 LU  FTPK:  -7.5 dBFS  TPK:  -1.4 dBFS
[Parsed_ebur128_0 @ 0x75bec0d2c0] t: 164.499979 TARGET:-23 LUFS    M: -13.6 S: -17.8     I: -16.2 LUFS       LRA:   3.0 LU  FTPK:  -1.5 dBFS  TPK:  -1.4 dBFS
[Parsed_ebur128_0 @ 0x75bec0d2c0] t: 164.599979 TARGET:-23 LUFS    M: -13.7 S: -17.8     I: -16.2 LUFS       LRA:   3.0 LU  FTPK:  -7.0 dBFS  TPK:  -1.4 dBFS
[Parsed_ebur128_0 @ 0x75bec0d2c0] t: 164.699979 TARGET:-23 LUFS    M: -14.1 S: -17.6     I: -16.2 LUFS       LRA:   3.0 LU  FTPK:  -4.9 dBFS  TPK:  -1.4 dBFS
[Parsed_ebur128_0 @ 0x75bec0d2c0] t: 164.799979 TARGET:-23 LUFS    M: -14.6 S: -17.5     I: -16.2 LUFS       LRA:   3.0 LU  FTPK: -11.7 dBFS  TPK:  -1.4 dBFS
[Parsed_ebur128_0 @ 0x75bec0d2c0] t: 164.899979 TARGET:-23 LUFS    M: -17.0 S: -17.3     I: -16.2 LUFS       LRA:   3.0 LU  FTPK:  -2.0 dBFS  TPK:  -1.4 dBFS
[Parsed_ebur128_0 @ 0x75bec0d2c0] t: 164.999979 TARGET:-23 LUFS    M: -15.8 S: -17.1     I: -16.2 LUFS       LRA:   3.0 LU  FTPK:  -2.0 dBFS  TPK:  -1.4 dBFS
[Parsed_ebur128_0 @ 0x75bec0d2c0] t: 165.099979 TARGET:-23 LUFS    M: -15.6 S: -17.0     I: -16.2 LUFS       LRA:   3.0 LU  FTPK:  -1.5 dBFS  TPK:  -1.4 dBFS
[Parsed_ebur128_0 @ 0x75bec0d2c0] t: 165.199979 TARGET:-23 LUFS    M: -14.2 S: -16.8     I: -16.2 LUFS       LRA:   3.0 LU  FTPK:  -2.3 dBFS  TPK:  -1.4 dBFS
[Parsed_ebur128_0 @ 0x75bec0d2c0] t: 165.299979 TARGET:-23 LUFS    M: -15.1 S: -17.0     I: -16.2 LUFS       LRA:   3.0 LU  FTPK: -10.9 dBFS  TPK:  -1.4 dBFS
[Parsed_ebur128_0 @ 0x75bec0d2c0] t: 165.399979 TARGET:-23 LUFS    M: -15.6 S: -17.0     I: -16.2 LUFS       LRA:   3.0 LU  FTPK:  -2.5 dBFS  TPK:  -1.4 dBFS
[Parsed_ebur128_0 @ 0x75bec0d2c0] t: 165.499979 TARGET:-23 LUFS    M: -17.2 S: -17.5     I: -16.2 LUFS       LRA:   3.0 LU  FTPK: -17.9 dBFS  TPK:  -1.4 dBFS
[Parsed_ebur128_0 @ 0x75bec0d2c0] t: 165.599979 TARGET:-23 LUFS    M: -17.1 S: -17.7     I: -16.2 LUFS       LRA:   3.0 LU  FTPK:  -2.2 dBFS  TPK:  -1.4 dBFS
[Parsed_ebur128_0 @ 0x75bec0d2c0] t: 165.699979 TARGET:-23 LUFS    M: -16.1 S: -17.6     I: -16.2 LUFS       LRA:   2.9 LU  FTPK:  -3.3 dBFS  TPK:  -1.4 dBFS
[Parsed_ebur128_0 @ 0x75bec0d2c0] t: 165.799979 TARGET:-23 LUFS    M: -17.2 S: -17.7     I: -16.2 LUFS       LRA:   2.9 LU  FTPK:  -8.4 dBFS  TPK:  -1.4 dBFS
[Parsed_ebur128_0 @ 0x75bec0d2c0] t: 165.899979 TARGET:-23 LUFS    M: -15.5 S: -17.4     I: -16.2 LUFS       LRA:   2.9 LU  FTPK:  -3.6 dBFS  TPK:  -1.4 dBFS
[Parsed_ebur128_0 @ 0x75bec0d2c0] t: 165.999979 TARGET:-23 LUFS    M: -17.1 S: -17.3     I: -16.2 LUFS       LRA:   2.9 LU  FTPK:  -5.5 dBFS  TPK:  -1.4 dBFS
[Parsed_ebur128_0 @ 0x75bec0d2c0] t: 166.099979 TARGET:-23 LUFS    M: -18.3 S: -17.2     I: -16.2 LUFS       LRA:   2.9 LU  FTPK:  -8.1 dBFS  TPK:  -1.4 dBFS
[Parsed_ebur128_0 @ 0x75bec0d2c0] t: 166.199979 TARGET:-23 LUFS    M: -17.9 S: -17.2     I: -16.2 LUFS       LRA:   2.9 LU  FTPK:  -6.9 dBFS  TPK:  -1.4 dBFS
[Parsed_ebur128_0 @ 0x75bec0d2c0] t: 166.299979 TARGET:-23 LUFS    M: -18.3 S: -16.9     I: -16.2 LUFS       LRA:   2.9 LU  FTPK:  -5.9 dBFS  TPK:  -1.4 dBFS
[Parsed_ebur128_0 @ 0x75bec0d2c0] t: 166.399979 TARGET:-23 LUFS    M: -18.3 S: -16.8     I: -16.2 LUFS       LRA:   2.9 LU  FTPK:  -6.9 dBFS  TPK:  -1.4 dBFS
[Parsed_ebur128_0 @ 0x75bec0d2c0] t: 166.499979 TARGET:-23 LUFS    M: -16.5 S: -16.6     I: -16.2 LUFS       LRA:   2.9 LU  FTPK:  -1.6 dBFS  TPK:  -1.4 dBFS
[Parsed_ebur128_0 @ 0x75bec0d2c0] t: 166.599979 TARGET:-23 LUFS    M: -13.9 S: -16.1     I: -16.2 LUFS       LRA:   2.9 LU  FTPK:  -1.6 dBFS  TPK:  -1.4 dBFS
[Parsed_ebur128_0 @ 0x75bec0d2c0] t: 166.699979 TARGET:-23 LUFS    M: -14.1 S: -15.9     I: -16.2 LUFS       LRA:   2.9 LU  FTPK:  -3.5 dBFS  TPK:  -1.4 dBFS
[Parsed_ebur128_0 @ 0x75bec0d2c0] t: 166.799979 TARGET:-23 LUFS    M: -14.3 S: -15.9     I: -16.2 LUFS       LRA:   2.9 LU  FTPK:  -7.7 dBFS  TPK:  -1.4 dBFS
[Parsed_ebur128_0 @ 0x75bec0d2c0] t: 166.899979 TARGET:-23 LUFS    M: -15.5 S: -15.9     I: -16.2 LUFS       LRA:   2.9 LU  FTPK: -16.4 dBFS  TPK:  -1.4 dBFS
[Parsed_ebur128_0 @ 0x75bec0d2c0] t: 166.999979 TARGET:-23 LUFS    M: -20.7 S: -15.9     I: -16.2 LUFS       LRA:   2.9 LU  FTPK: -40.4 dBFS  TPK:  -1.4 dBFS
[Parsed_ebur128_0 @ 0x75bec0d2c0] t: 167.099979 TARGET:-23 LUFS    M: -27.4 S: -16.1     I: -16.2 LUFS       LRA:   2.9 LU  FTPK: -66.8 dBFS  TPK:  -1.4 dBFS
[Parsed_ebur128_0 @ 0x75bec0d2c0] t: 167.199979 TARGET:-23 LUFS    M: -37.4 S: -16.2     I: -16.2 LUFS       LRA:   2.9 LU  FTPK:  -inf dBFS  TPK:  -1.4 dBFS
[Parsed_ebur128_0 @ 0x75bec0d2c0] t: 167.299979 TARGET:-23 LUFS    M: -61.5 S: -16.5     I: -16.2 LUFS       LRA:   2.9 LU  FTPK:  -inf dBFS  TPK:  -1.4 dBFS
[Parsed_silencedetect_1 @ 0x75bec0d380] silence_start: 166.897188
[Parsed_ebur128_0 @ 0x75bec0d2c0] t: 167.399979 TARGET:-23 LUFS    M: -88.3 S: -16.6     I: -16.2 LUFS       LRA:   2.9 LU  FTPK:  -inf dBFS  TPK:  -1.4 dBFS
[Parsed_ebur128_0 @ 0x75bec0d2c0] t: 167.499979 TARGET:-23 LUFS    M:-148.6 S: -17.3     I: -16.2 LUFS       LRA:   2.9 LU  FTPK:  -inf dBFS  TPK:  -1.4 dBFS
[Parsed_ebur128_0 @ 0x75bec0d2c0] t: 167.599979 TARGET:-23 LUFS    M:-148.6 S: -17.3     I: -16.2 LUFS       LRA:   2.9 LU  FTPK:  -inf dBFS  TPK:  -1.4 dBFS
[Parsed_ebur128_0 @ 0x75bec0d2c0] t: 167.699979 TARGET:-23 LUFS    M:-148.6 S: -17.6     I: -16.2 LUFS       LRA:   2.9 LU  FTPK:  -inf dBFS  TPK:  -1.4 dBFS
[Parsed_ebur128_0 @ 0x75bec0d2c0] t: 167.799979 TARGET:-23 LUFS    M:-147.1 S: -17.7     I: -16.2 LUFS       LRA:   2.9 LU  FTPK: -126.7 dBFS  TPK:  -1.4 dBFS
[Parsed_ebur128_0 @ 0x75bec0d2c0] t: 167.899979 TARGET:-23 LUFS    M: -72.0 S: -17.9     I: -16.2 LUFS       LRA:   2.9 LU  FTPK: -43.8 dBFS  TPK:  -1.4 dBFS
[Parsed_ebur128_0 @ 0x75bec0d2c0] t: 167.999979 TARGET:-23 LUFS    M: -24.3 S: -18.1     I: -16.2 LUFS       LRA:   2.9 LU  FTPK:  -5.3 dBFS  TPK:  -1.4 dBFS
[Parsed_silencedetect_1 @ 0x75bec0d380] silence_end: 167.902542 | silence_duration: 1.005354
[Parsed_ebur128_0 @ 0x75bec0d2c0] t: 168.099979 TARGET:-23 LUFS    M: -18.2 S: -18.0     I: -16.2 LUFS       LRA:   2.9 LU  FTPK:  -1.7 dBFS  TPK:  -1.4 dBFS
[Parsed_ebur128_0 @ 0x75bec0d2c0] t: 168.199979 TARGET:-23 LUFS    M: -15.1 S: -17.9     I: -16.2 LUFS       LRA:   2.9 LU  FTPK:  -4.1 dBFS  TPK:  -1.4 dBFS
[Parsed_ebur128_0 @ 0x75bec0d2c0] t: 168.299979 TARGET:-23 LUFS    M: -14.3 S: -17.7     I: -16.2 LUFS       LRA:   2.9 LU  FTPK:  -4.1 dBFS  TPK:  -1.4 dBFS
[Parsed_ebur128_0 @ 0x75bec0d2c0] t: 168.399979 TARGET:-23 LUFS    M: -12.2 S: -17.0     I: -16.2 LUFS       LRA:   2.9 LU  FTPK:  -1.5 dBFS  TPK:  -1.4 dBFS
[Parsed_ebur128_0 @ 0x75bec0d2c0] t: 168.499979 TARGET:-23 LUFS    M: -12.6 S: -16.9     I: -16.2 LUFS       LRA:   2.9 LU  FTPK:  -4.8 dBFS  TPK:  -1.4 dBFS
[Parsed_ebur128_0 @ 0x75bec0d2c0] t: 168.599979 TARGET:-23 LUFS    M: -13.8 S: -17.2     I: -16.2 LUFS       LRA:   2.9 LU  FTPK:  -6.1 dBFS  TPK:  -1.4 dBFS
[Parsed_ebur128_0 @ 0x75bec0d2c0] t: 168.699979 TARGET:-23 LUFS    M: -13.4 S: -17.0     I: -16.2 LUFS       LRA:   2.9 LU  FTPK:  -4.2 dBFS  TPK:  -1.4 dBFS
[Parsed_ebur128_0 @ 0x75bec0d2c0] t: 168.799979 TARGET:-23 LUFS    M: -15.4 S: -16.7     I: -16.2 LUFS       LRA:   2.9 LU  FTPK:  -2.1 dBFS  TPK:  -1.4 dBFS
[Parsed_ebur128_0 @ 0x75bec0d2c0] t: 168.899979 TARGET:-23 LUFS    M: -16.1 S: -17.0     I: -16.2 LUFS       LRA:   2.9 LU  FTPK:  -3.8 dBFS  TPK:  -1.4 dBFS
[Parsed_ebur128_0 @ 0x75bec0d2c0] t: 168.999979 TARGET:-23 LUFS    M: -15.1 S: -16.8     I: -16.2 LUFS       LRA:   2.9 LU  FTPK:  -1.6 dBFS  TPK:  -1.4 dBFS
[Parsed_ebur128_0 @ 0x75bec0d2c0] t: 169.099979 TARGET:-23 LUFS    M: -14.8 S: -16.5     I: -16.2 LUFS       LRA:   2.9 LU  FTPK:  -2.8 dBFS  TPK:  -1.4 dBFS
[Parsed_ebur128_0 @ 0x75bec0d2c0] t: 169.199979 TARGET:-23 LUFS    M: -15.5 S: -16.4     I: -16.2 LUFS       LRA:   2.9 LU  FTPK:  -4.8 dBFS  TPK:  -1.4 dBFS
[Parsed_ebur128_0 @ 0x75bec0d2c0] t: 169.299979 TARGET:-23 LUFS    M: -14.8 S: -16.5     I: -16.2 LUFS       LRA:   2.9 LU  FTPK:  -7.5 dBFS  TPK:  -1.4 dBFS
[Parsed_ebur128_0 @ 0x75bec0d2c0] t: 169.399979 TARGET:-23 LUFS    M: -14.2 S: -16.2     I: -16.2 LUFS       LRA:   2.9 LU  FTPK:  -1.5 dBFS  TPK:  -1.4 dBFS
[Parsed_ebur128_0 @ 0x75bec0d2c0] t: 169.499979 TARGET:-23 LUFS    M: -14.7 S: -16.3     I: -16.2 LUFS       LRA:   2.9 LU  FTPK:  -4.6 dBFS  TPK:  -1.4 dBFS
[Parsed_ebur128_0 @ 0x75bec0d2c0] t: 169.599979 TARGET:-23 LUFS    M: -15.3 S: -16.7     I: -16.2 LUFS       LRA:   2.9 LU  FTPK:  -8.0 dBFS  TPK:  -1.4 dBFS
[Parsed_ebur128_0 @ 0x75bec0d2c0] t: 169.699979 TARGET:-23 LUFS    M: -15.3 S: -16.7     I: -16.2 LUFS       LRA:   2.9 LU  FTPK:  -3.5 dBFS  TPK:  -1.4 dBFS
[Parsed_ebur128_0 @ 0x75bec0d2c0] t: 169.799979 TARGET:-23 LUFS    M: -17.7 S: -16.7     I: -16.2 LUFS       LRA:   2.9 LU  FTPK:  -7.4 dBFS  TPK:  -1.4 dBFS
[Parsed_ebur128_0 @ 0x75bec0d2c0] t: 169.899979 TARGET:-23 LUFS    M: -18.3 S: -16.6     I: -16.2 LUFS       LRA:   2.9 LU  FTPK:  -7.3 dBFS  TPK:  -1.4 dBFS
[Parsed_ebur128_0 @ 0x75bec0d2c0] t: 169.999979 TARGET:-23 LUFS    M: -18.6 S: -16.6     I: -16.2 LUFS       LRA:   2.9 LU  FTPK:  -7.8 dBFS  TPK:  -1.4 dBFS
[Parsed_ebur128_0 @ 0x75bec0d2c0] t: 170.099979 TARGET:-23 LUFS    M: -18.7 S: -16.4     I: -16.2 LUFS       LRA:   2.9 LU  FTPK:  -7.3 dBFS  TPK:  -1.4 dBFS
[Parsed_ebur128_0 @ 0x75bec0d2c0] t: 170.199979 TARGET:-23 LUFS    M: -17.0 S: -16.2     I: -16.2 LUFS       LRA:   2.9 LU  FTPK:  -1.7 dBFS  TPK:  -1.4 dBFS
[Parsed_ebur128_0 @ 0x75bec0d2c0] t: 170.299979 TARGET:-23 LUFS    M: -15.1 S: -15.8     I: -16.2 LUFS       LRA:   2.9 LU  FTPK:  -1.5 dBFS  TPK:  -1.4 dBFS
[Parsed_ebur128_0 @ 0x75bec0d2c0] t: 170.399979 TARGET:-23 LUFS    M: -14.6 S: -15.7     I: -16.2 LUFS       LRA:   2.9 LU  FTPK:  -4.9 dBFS  TPK:  -1.4 dBFS
[Parsed_ebur128_0 @ 0x75bec0d2c0] t: 170.499979 TARGET:-23 LUFS    M: -15.0 S: -15.7     I: -16.2 LUFS       LRA:   2.9 LU  FTPK: -10.0 dBFS  TPK:  -1.4 dBFS
[Parsed_ebur128_0 @ 0x75bec0d2c0] t: 170.599979 TARGET:-23 LUFS    M: -13.8 S: -15.3     I: -16.2 LUFS       LRA:   2.9 LU  FTPK:  -1.5 dBFS  TPK:  -1.4 dBFS
[Parsed_ebur128_0 @ 0x75bec0d2c0] t: 170.699979 TARGET:-23 LUFS    M: -14.5 S: -15.1     I: -16.2 LUFS       LRA:   2.9 LU  FTPK:  -5.7 dBFS  TPK:  -1.4 dBFS
[Parsed_ebur128_0 @ 0x75bec0d2c0] t: 170.799979 TARGET:-23 LUFS    M: -13.7 S: -14.9     I: -16.2 LUFS       LRA:   2.9 LU  FTPK:  -4.9 dBFS  TPK:  -1.4 dBFS
[Parsed_ebur128_0 @ 0x75bec0d2c0] t: 170.899979 TARGET:-23 LUFS    M: -13.6 S: -14.9     I: -16.2 LUFS       LRA:   2.9 LU  FTPK:  -7.1 dBFS  TPK:  -1.4 dBFS
[Parsed_ebur128_0 @ 0x75bec0d2c0] t: 170.999979 TARGET:-23 LUFS    M: -15.1 S: -14.8     I: -16.2 LUFS       LRA:   2.9 LU  FTPK:  -6.9 dBFS  TPK:  -1.4 dBFS
[Parsed_ebur128_0 @ 0x75bec0d2c0] t: 171.099979 TARGET:-23 LUFS    M: -16.0 S: -14.9     I: -16.2 LUFS       LRA:   2.9 LU  FTPK:  -8.1 dBFS  TPK:  -1.4 dBFS
[Parsed_ebur128_0 @ 0x75bec0d2c0] t: 171.199979 TARGET:-23 LUFS    M: -17.6 S: -15.2     I: -16.2 LUFS       LRA:   2.9 LU  FTPK:  -6.9 dBFS  TPK:  -1.4 dBFS
[Parsed_ebur128_0 @ 0x75bec0d2c0] t: 171.299979 TARGET:-23 LUFS    M: -17.7 S: -15.2     I: -16.2 LUFS       LRA:   2.9 LU  FTPK:  -7.4 dBFS  TPK:  -1.4 dBFS
[Parsed_ebur128_0 @ 0x75bec0d2c0] t: 171.399979 TARGET:-23 LUFS    M: -19.2 S: -15.8     I: -16.2 LUFS       LRA:   2.9 LU  FTPK: -12.5 dBFS  TPK:  -1.4 dBFS
[Parsed_ebur128_0 @ 0x75bec0d2c0] t: 171.499979 TARGET:-23 LUFS    M: -18.7 S: -15.8     I: -16.2 LUFS       LRA:   2.9 LU  FTPK:  -6.3 dBFS  TPK:  -1.4 dBFS
[Parsed_ebur128_0 @ 0x75bec0d2c0] t: 171.599979 TARGET:-23 LUFS    M: -19.4 S: -15.8     I: -16.2 LUFS       LRA:   2.9 LU  FTPK:  -7.4 dBFS  TPK:  -1.4 dBFS
[Parsed_ebur128_0 @ 0x75bec0d2c0] t: 171.699979 TARGET:-23 LUFS    M: -18.2 S: -15.9     I: -16.2 LUFS       LRA:   2.9 LU  FTPK:  -6.3 dBFS  TPK:  -1.4 dBFS
[Parsed_ebur128_0 @ 0x75bec0d2c0] t: 171.799979 TARGET:-23 LUFS    M: -17.8 S: -16.0     I: -16.2 LUFS       LRA:   2.9 LU  FTPK:  -7.5 dBFS  TPK:  -1.4 dBFS
[Parsed_ebur128_0 @ 0x75bec0d2c0] t: 171.899979 TARGET:-23 LUFS    M: -17.4 S: -15.9     I: -16.2 LUFS       LRA:   2.9 LU  FTPK:  -3.6 dBFS  TPK:  -1.4 dBFS
[Parsed_ebur128_0 @ 0x75bec0d2c0] t: 171.999979 TARGET:-23 LUFS    M: -17.5 S: -16.1     I: -16.2 LUFS       LRA:   2.9 LU  FTPK:  -4.4 dBFS  TPK:  -1.4 dBFS
[Parsed_ebur128_0 @ 0x75bec0d2c0] t: 172.099979 TARGET:-23 LUFS    M: -15.6 S: -16.0     I: -16.2 LUFS       LRA:   2.9 LU  FTPK:  -1.5 dBFS  TPK:  -1.4 dBFS
[Parsed_ebur128_0 @ 0x75bec0d2c0] t: 172.199979 TARGET:-23 LUFS    M: -14.7 S: -15.9     I: -16.2 LUFS       LRA:   2.9 LU  FTPK:  -3.6 dBFS  TPK:  -1.4 dBFS
[Parsed_ebur128_0 @ 0x75bec0d2c0] t: 172.299979 TARGET:-23 LUFS    M: -14.9 S: -15.9     I: -16.2 LUFS       LRA:   2.9 LU  FTPK:  -5.1 dBFS  TPK:  -1.4 dBFS
[Parsed_ebur128_0 @ 0x75bec0d2c0] t: 172.399979 TARGET:-23 LUFS    M: -14.5 S: -16.1     I: -16.2 LUFS       LRA:   2.9 LU  FTPK:  -5.8 dBFS  TPK:  -1.4 dBFS
[Parsed_ebur128_0 @ 0x75bec0d2c0] t: 172.499979 TARGET:-23 LUFS    M: -14.4 S: -15.9     I: -16.2 LUFS       LRA:   2.9 LU  FTPK:  -2.1 dBFS  TPK:  -1.4 dBFS
[Parsed_ebur128_0 @ 0x75bec0d2c0] t: 172.599979 TARGET:-23 LUFS    M: -14.6 S: -15.8     I: -16.2 LUFS       LRA:   2.9 LU  FTPK:  -5.6 dBFS  TPK:  -1.4 dBFS
[Parsed_ebur128_0 @ 0x75bec0d2c0] t: 172.699979 TARGET:-23 LUFS    M: -14.4 S: -15.8     I: -16.2 LUFS       LRA:   2.9 LU  FTPK:  -1.9 dBFS  TPK:  -1.4 dBFS
[Parsed_ebur128_0 @ 0x75bec0d2c0] t: 172.799979 TARGET:-23 LUFS    M: -14.2 S: -15.6     I: -16.2 LUFS       LRA:   2.9 LU  FTPK:  -3.8 dBFS  TPK:  -1.4 dBFS
[Parsed_ebur128_0 @ 0x75bec0d2c0] t: 172.899979 TARGET:-23 LUFS    M: -15.9 S: -15.7     I: -16.2 LUFS       LRA:   2.9 LU  FTPK:  -6.6 dBFS  TPK:  -1.4 dBFS
[Parsed_ebur128_0 @ 0x75bec0d2c0] t: 172.999979 TARGET:-23 LUFS    M: -16.3 S: -15.6     I: -16.2 LUFS       LRA:   2.9 LU  FTPK:  -7.2 dBFS  TPK:  -1.4 dBFS
[Parsed_ebur128_0 @ 0x75bec0d2c0] t: 173.099979 TARGET:-23 LUFS    M: -18.1 S: -15.7     I: -16.2 LUFS       LRA:   2.9 LU  FTPK: -13.7 dBFS  TPK:  -1.4 dBFS
[Parsed_ebur128_0 @ 0x75bec0d2c0] t: 173.199979 TARGET:-23 LUFS    M: -16.8 S: -15.6     I: -16.2 LUFS       LRA:   2.9 LU  FTPK:  -4.6 dBFS  TPK:  -1.4 dBFS
[Parsed_ebur128_0 @ 0x75bec0d2c0] t: 173.299979 TARGET:-23 LUFS    M: -16.8 S: -15.9     I: -16.2 LUFS       LRA:   2.9 LU  FTPK:  -6.7 dBFS  TPK:  -1.4 dBFS
[Parsed_ebur128_0 @ 0x75bec0d2c0] t: 173.399979 TARGET:-23 LUFS    M: -15.5 S: -15.8     I: -16.2 LUFS       LRA:   2.9 LU  FTPK:  -1.5 dBFS  TPK:  -1.4 dBFS
[Parsed_ebur128_0 @ 0x75bec0d2c0] t: 173.499979 TARGET:-23 LUFS    M: -15.1 S: -15.7     I: -16.2 LUFS       LRA:   2.9 LU  FTPK:  -6.5 dBFS  TPK:  -1.4 dBFS
[Parsed_ebur128_0 @ 0x75bec0d2c0] t: 173.599979 TARGET:-23 LUFS    M: -15.2 S: -15.9     I: -16.2 LUFS       LRA:   2.9 LU  FTPK:  -1.5 dBFS  TPK:  -1.4 dBFS
[Parsed_ebur128_0 @ 0x75bec0d2c0] t: 173.699979 TARGET:-23 LUFS    M: -14.3 S: -15.9     I: -16.2 LUFS       LRA:   2.9 LU  FTPK:  -3.8 dBFS  TPK:  -1.4 dBFS
[Parsed_ebur128_0 @ 0x75bec0d2c0] t: 173.799979 TARGET:-23 LUFS    M: -15.3 S: -16.1     I: -16.2 LUFS       LRA:   2.9 LU  FTPK:  -7.6 dBFS  TPK:  -1.4 dBFS
[Parsed_ebur128_0 @ 0x75bec0d2c0] t: 173.899979 TARGET:-23 LUFS    M: -15.7 S: -16.1     I: -16.2 LUFS       LRA:   2.9 LU  FTPK: -13.0 dBFS  TPK:  -1.4 dBFS
[Parsed_ebur128_0 @ 0x75bec0d2c0] t: 173.999979 TARGET:-23 LUFS    M: -17.0 S: -16.1     I: -16.2 LUFS       LRA:   2.9 LU  FTPK:  -7.2 dBFS  TPK:  -1.4 dBFS
[Parsed_ebur128_0 @ 0x75bec0d2c0] t: 174.099979 TARGET:-23 LUFS    M: -17.5 S: -16.0     I: -16.2 LUFS       LRA:   2.9 LU  FTPK:  -2.6 dBFS  TPK:  -1.4 dBFS
[Parsed_ebur128_0 @ 0x75bec0d2c0] t: 174.199979 TARGET:-23 LUFS    M: -15.9 S: -15.9     I: -16.2 LUFS       LRA:   2.9 LU  FTPK:  -3.2 dBFS  TPK:  -1.4 dBFS
[Parsed_ebur128_0 @ 0x75bec0d2c0] t: 174.299979 TARGET:-23 LUFS    M: -14.7 S: -15.7     I: -16.2 LUFS       LRA:   2.9 LU  FTPK:  -3.9 dBFS  TPK:  -1.4 dBFS
[Parsed_ebur128_0 @ 0x75bec0d2c0] t: 174.399979 TARGET:-23 LUFS    M: -14.9 S: -15.7     I: -16.2 LUFS       LRA:   2.9 LU  FTPK:  -7.5 dBFS  TPK:  -1.4 dBFS
[Parsed_ebur128_0 @ 0x75bec0d2c0] t: 174.499979 TARGET:-23 LUFS    M: -16.2 S: -15.8     I: -16.2 LUFS       LRA:   2.9 LU  FTPK: -10.9 dBFS  TPK:  -1.4 dBFS
[Parsed_ebur128_0 @ 0x75bec0d2c0] t: 174.599979 TARGET:-23 LUFS    M: -18.9 S: -15.8     I: -16.2 LUFS       LRA:   2.9 LU  FTPK: -20.1 dBFS  TPK:  -1.4 dBFS
[Parsed_ebur128_0 @ 0x75bec0d2c0] t: 174.699979 TARGET:-23 LUFS    M: -21.7 S: -15.9     I: -16.2 LUFS       LRA:   2.9 LU  FTPK:  -5.2 dBFS  TPK:  -1.4 dBFS
[Parsed_ebur128_0 @ 0x75bec0d2c0] t: 174.799979 TARGET:-23 LUFS    M: -23.1 S: -15.9     I: -16.2 LUFS       LRA:   2.9 LU  FTPK: -12.9 dBFS  TPK:  -1.4 dBFS
[Parsed_ebur128_0 @ 0x75bec0d2c0] t: 174.899979 TARGET:-23 LUFS    M: -23.9 S: -16.1     I: -16.2 LUFS       LRA:   2.9 LU  FTPK: -66.3 dBFS  TPK:  -1.4 dBFS
[Parsed_ebur128_0 @ 0x75bec0d2c0] t: 174.999979 TARGET:-23 LUFS    M: -24.1 S: -16.2     I: -16.2 LUFS       LRA:   2.9 LU  FTPK: -81.1 dBFS  TPK:  -1.4 dBFS
[Parsed_ebur128_0 @ 0x75bec0d2c0] t: 175.099979 TARGET:-23 LUFS    M: -33.9 S: -16.5     I: -16.2 LUFS       LRA:   2.9 LU  FTPK:  -inf dBFS  TPK:  -1.4 dBFS
[Parsed_ebur128_0 @ 0x75bec0d2c0] t: 175.199979 TARGET:-23 LUFS    M: -85.2 S: -16.8     I: -16.2 LUFS       LRA:   2.9 LU  FTPK:  -inf dBFS  TPK:  -1.4 dBFS
[Parsed_silencedetect_1 @ 0x75bec0d380] silence_start: 174.752792
[Parsed_ebur128_0 @ 0x75bec0d2c0] t: 175.299979 TARGET:-23 LUFS    M:-108.7 S: -17.0     I: -16.2 LUFS       LRA:   2.9 LU  FTPK:  -inf dBFS  TPK:  -1.4 dBFS
[Parsed_ebur128_0 @ 0x75bec0d2c0] t: 175.399979 TARGET:-23 LUFS    M:-149.2 S: -17.1     I: -16.2 LUFS       LRA:   2.9 LU  FTPK:  -inf dBFS  TPK:  -1.4 dBFS
[Parsed_ebur128_0 @ 0x75bec0d2c0] t: 175.499979 TARGET:-23 LUFS    M:-149.2 S: -17.6     I: -16.2 LUFS       LRA:   2.9 LU  FTPK:  -inf dBFS  TPK:  -1.4 dBFS
[Parsed_ebur128_0 @ 0x75bec0d2c0] t: 175.599979 TARGET:-23 LUFS    M:-149.2 S: -17.9     I: -16.2 LUFS       LRA:   2.9 LU  FTPK:  -inf dBFS  TPK:  -1.4 dBFS
[Parsed_ebur128_0 @ 0x75bec0d2c0] t: 175.699979 TARGET:-23 LUFS    M: -81.8 S: -18.2     I: -16.2 LUFS       LRA:   2.9 LU  FTPK: -60.3 dBFS  TPK:  -1.4 dBFS
[Parsed_ebur128_0 @ 0x75bec0d2c0] t: 175.799979 TARGET:-23 LUFS    M: -24.0 S: -18.3     I: -16.2 LUFS       LRA:   2.9 LU  FTPK:  -4.7 dBFS  TPK:  -1.4 dBFS
[Parsed_silencedetect_1 @ 0x75bec0d380] silence_end: 175.75425 | silence_duration: 1.001458
[Parsed_ebur128_0 @ 0x75bec0d2c0] t: 175.899979 TARGET:-23 LUFS    M: -18.9 S: -18.1     I: -16.2 LUFS       LRA:   2.9 LU  FTPK:  -1.5 dBFS  TPK:  -1.4 dBFS
[Parsed_ebur128_0 @ 0x75bec0d2c0] t: 175.999979 TARGET:-23 LUFS    M: -18.7 S: -18.2     I: -16.2 LUFS       LRA:   2.9 LU  FTPK: -11.5 dBFS  TPK:  -1.4 dBFS
[Parsed_ebur128_0 @ 0x75bec0d2c0] t: 176.099979 TARGET:-23 LUFS    M: -15.8 S: -17.7     I: -16.2 LUFS       LRA:   2.9 LU  FTPK:  -1.7 dBFS  TPK:  -1.4 dBFS
[Parsed_ebur128_0 @ 0x75bec0d2c0] t: 176.199979 TARGET:-23 LUFS    M: -14.4 S: -17.7     I: -16.2 LUFS       LRA:   2.9 LU  FTPK:  -1.6 dBFS  TPK:  -1.4 dBFS
[Parsed_ebur128_0 @ 0x75bec0d2c0] t: 176.299979 TARGET:-23 LUFS    M: -14.9 S: -17.7     I: -16.2 LUFS       LRA:   2.9 LU  FTPK:  -3.0 dBFS  TPK:  -1.4 dBFS
[Parsed_ebur128_0 @ 0x75bec0d2c0] t: 176.399979 TARGET:-23 LUFS    M: -14.1 S: -17.8     I: -16.2 LUFS       LRA:   2.9 LU  FTPK:  -1.5 dBFS  TPK:  -1.4 dBFS
[Parsed_ebur128_0 @ 0x75bec0d2c0] t: 176.499979 TARGET:-23 LUFS    M: -14.4 S: -17.6     I: -16.2 LUFS       LRA:   2.9 LU  FTPK:  -1.8 dBFS  TPK:  -1.4 dBFS
[Parsed_ebur128_0 @ 0x75bec0d2c0] t: 176.599979 TARGET:-23 LUFS    M: -14.8 S: -17.6     I: -16.2 LUFS       LRA:   2.9 LU  FTPK:  -1.8 dBFS  TPK:  -1.4 dBFS
[Parsed_ebur128_0 @ 0x75bec0d2c0] t: 176.699979 TARGET:-23 LUFS    M: -15.3 S: -17.9     I: -16.2 LUFS       LRA:   2.9 LU  FTPK:  -4.8 dBFS  TPK:  -1.4 dBFS
[Parsed_ebur128_0 @ 0x75bec0d2c0] t: 176.799979 TARGET:-23 LUFS    M: -16.0 S: -18.0     I: -16.2 LUFS       LRA:   2.9 LU  FTPK: -10.6 dBFS  TPK:  -1.4 dBFS
[Parsed_ebur128_0 @ 0x75bec0d2c0] t: 176.899979 TARGET:-23 LUFS    M: -15.8 S: -17.6     I: -16.2 LUFS       LRA:   2.9 LU  FTPK:  -1.5 dBFS  TPK:  -1.4 dBFS
[Parsed_ebur128_0 @ 0x75bec0d2c0] t: 176.999979 TARGET:-23 LUFS    M: -15.9 S: -17.4     I: -16.2 LUFS       LRA:   2.9 LU  FTPK:  -4.3 dBFS  TPK:  -1.4 dBFS
[Parsed_ebur128_0 @ 0x75bec0d2c0] t: 177.099979 TARGET:-23 LUFS    M: -15.5 S: -17.5     I: -16.2 LUFS       LRA:   2.9 LU  FTPK:  -7.4 dBFS  TPK:  -1.4 dBFS
[Parsed_ebur128_0 @ 0x75bec0d2c0] t: 177.199979 TARGET:-23 LUFS    M: -14.4 S: -17.6     I: -16.2 LUFS       LRA:   2.9 LU  FTPK:  -4.8 dBFS  TPK:  -1.4 dBFS
[Parsed_ebur128_0 @ 0x75bec0d2c0] t: 177.299979 TARGET:-23 LUFS    M: -15.2 S: -17.7     I: -16.2 LUFS       LRA:   2.9 LU  FTPK:  -7.5 dBFS  TPK:  -1.4 dBFS
[Parsed_ebur128_0 @ 0x75bec0d2c0] t: 177.399979 TARGET:-23 LUFS    M: -16.5 S: -17.7     I: -16.2 LUFS       LRA:   2.9 LU  FTPK:  -6.1 dBFS  TPK:  -1.4 dBFS
[Parsed_ebur128_0 @ 0x75bec0d2c0] t: 177.499979 TARGET:-23 LUFS    M: -16.2 S: -17.6     I: -16.2 LUFS       LRA:   2.9 LU  FTPK:  -4.7 dBFS  TPK:  -1.4 dBFS
[Parsed_ebur128_0 @ 0x75bec0d2c0] t: 177.599979 TARGET:-23 LUFS    M: -16.5 S: -17.3     I: -16.2 LUFS       LRA:   2.9 LU  FTPK:  -2.5 dBFS  TPK:  -1.4 dBFS
[Parsed_ebur128_0 @ 0x75bec0d2c0] t: 177.699979 TARGET:-23 LUFS    M: -15.7 S: -17.1     I: -16.2 LUFS       LRA:   2.9 LU  FTPK:  -3.2 dBFS  TPK:  -1.4 dBFS
[Parsed_ebur128_0 @ 0x75bec0d2c0] t: 177.799979 TARGET:-23 LUFS    M: -15.7 S: -17.1     I: -16.2 LUFS       LRA:   2.9 LU  FTPK:  -5.6 dBFS  TPK:  -1.4 dBFS
[Parsed_ebur128_0 @ 0x75bec0d2c0] t: 177.899979 TARGET:-23 LUFS    M: -15.0 S: -16.7     I: -16.2 LUFS       LRA:   2.9 LU  FTPK:  -2.8 dBFS  TPK:  -1.4 dBFS
[Parsed_ebur128_0 @ 0x75bec0d2c0] t: 177.999979 TARGET:-23 LUFS    M: -15.7 S: -16.6     I: -16.2 LUFS       LRA:   2.9 LU  FTPK:  -5.0 dBFS  TPK:  -1.4 dBFS
[Parsed_ebur128_0 @ 0x75bec0d2c0] t: 178.099979 TARGET:-23 LUFS    M: -17.4 S: -16.6     I: -16.2 LUFS       LRA:   2.9 LU  FTPK:  -8.4 dBFS  TPK:  -1.4 dBFS
[Parsed_ebur128_0 @ 0x75bec0d2c0] t: 178.199979 TARGET:-23 LUFS    M: -17.4 S: -16.5     I: -16.2 LUFS       LRA:   2.9 LU  FTPK:  -7.4 dBFS  TPK:  -1.4 dBFS
[Parsed_ebur128_0 @ 0x75bec0d2c0] t: 178.299979 TARGET:-23 LUFS    M: -19.9 S: -16.5     I: -16.2 LUFS       LRA:   2.9 LU  FTPK:  -5.6 dBFS  TPK:  -1.4 dBFS
[Parsed_ebur128_0 @ 0x75bec0d2c0] t: 178.399979 TARGET:-23 LUFS    M: -21.1 S: -16.4     I: -16.2 LUFS       LRA:   2.9 LU  FTPK:  -7.9 dBFS  TPK:  -1.4 dBFS
[Parsed_ebur128_0 @ 0x75bec0d2c0] t: 178.499979 TARGET:-23 LUFS    M: -19.1 S: -16.3     I: -16.2 LUFS       LRA:   2.9 LU  FTPK:  -7.0 dBFS  TPK:  -1.4 dBFS
[Parsed_ebur128_0 @ 0x75bec0d2c0] t: 178.599979 TARGET:-23 LUFS    M: -17.0 S: -16.1     I: -16.2 LUFS       LRA:   2.9 LU  FTPK:  -3.0 dBFS  TPK:  -1.4 dBFS
[Parsed_ebur128_0 @ 0x75bec0d2c0] t: 178.699979 TARGET:-23 LUFS    M: -16.3 S: -15.9     I: -16.2 LUFS       LRA:   2.9 LU  FTPK:  -3.6 dBFS  TPK:  -1.4 dBFS
[Parsed_ebur128_0 @ 0x75bec0d2c0] t: 178.799979 TARGET:-23 LUFS    M: -16.3 S: -16.0     I: -16.2 LUFS       LRA:   2.9 LU  FTPK:  -8.2 dBFS  TPK:  -1.4 dBFS
[Parsed_ebur128_0 @ 0x75bec0d2c0] t: 178.899979 TARGET:-23 LUFS    M: -17.1 S: -16.1     I: -16.2 LUFS       LRA:   2.9 LU  FTPK:  -7.0 dBFS  TPK:  -1.4 dBFS
[Parsed_ebur128_0 @ 0x75bec0d2c0] t: 178.999979 TARGET:-23 LUFS    M: -19.2 S: -16.1     I: -16.2 LUFS       LRA:   2.9 LU  FTPK:  -5.9 dBFS  TPK:  -1.4 dBFS
[Parsed_ebur128_0 @ 0x75bec0d2c0] t: 179.099979 TARGET:-23 LUFS    M: -19.7 S: -16.3     I: -16.2 LUFS       LRA:   2.9 LU  FTPK:  -2.4 dBFS  TPK:  -1.4 dBFS
[Parsed_ebur128_0 @ 0x75bec0d2c0] t: 179.199979 TARGET:-23 LUFS    M: -16.5 S: -16.3     I: -16.2 LUFS       LRA:   2.9 LU  FTPK:  -1.7 dBFS  TPK:  -1.4 dBFS
[Parsed_ebur128_0 @ 0x75bec0d2c0] t: 179.299979 TARGET:-23 LUFS    M: -16.3 S: -16.3     I: -16.2 LUFS       LRA:   2.9 LU  FTPK:  -6.7 dBFS  TPK:  -1.4 dBFS
[Parsed_ebur128_0 @ 0x75bec0d2c0] t: 179.399979 TARGET:-23 LUFS    M: -16.6 S: -16.5     I: -16.2 LUFS       LRA:   2.9 LU  FTPK: -13.4 dBFS  TPK:  -1.4 dBFS
[Parsed_ebur128_0 @ 0x75bec0d2c0] t: 179.499979 TARGET:-23 LUFS    M: -17.7 S: -16.8     I: -16.2 LUFS       LRA:   2.9 LU  FTPK: -13.4 dBFS  TPK:  -1.4 dBFS
[Parsed_ebur128_0 @ 0x75bec0d2c0] t: 179.599979 TARGET:-23 LUFS    M: -24.5 S: -17.1     I: -16.2 LUFS       LRA:   2.9 LU  FTPK: -44.1 dBFS  TPK:  -1.4 dBFS
[Parsed_ebur128_0 @ 0x75bec0d2c0] t: 179.699979 TARGET:-23 LUFS    M: -32.3 S: -17.1     I: -16.2 LUFS       LRA:   2.9 LU  FTPK: -64.0 dBFS  TPK:  -1.4 dBFS
[Parsed_ebur128_0 @ 0x75bec0d2c0] t: 179.799979 TARGET:-23 LUFS    M: -34.4 S: -17.2     I: -16.2 LUFS       LRA:   2.9 LU  FTPK:  -inf dBFS  TPK:  -1.4 dBFS
[Parsed_ebur128_0 @ 0x75bec0d2c0] t: 179.899979 TARGET:-23 LUFS    M: -69.1 S: -17.6     I: -16.2 LUFS       LRA:   2.9 LU  FTPK:  -inf dBFS  TPK:  -1.4 dBFS
[Parsed_silencedetect_1 @ 0x75bec0d380] silence_start: 179.488708
[Parsed_ebur128_0 @ 0x75bec0d2c0] t: 179.999979 TARGET:-23 LUFS    M: -88.2 S: -17.9     I: -16.2 LUFS       LRA:   2.9 LU  FTPK:  -inf dBFS  TPK:  -1.4 dBFS
[Parsed_ebur128_0 @ 0x75bec0d2c0] t: 180.099979 TARGET:-23 LUFS    M:-151.4 S: -18.1     I: -16.2 LUFS       LRA:   2.9 LU  FTPK:  -inf dBFS  TPK:  -1.4 dBFS
[Parsed_ebur128_0 @ 0x75bec0d2c0] t: 180.199979 TARGET:-23 LUFS    M:-151.4 S: -18.5     I: -16.2 LUFS       LRA:   2.9 LU  FTPK:  -inf dBFS  TPK:  -1.4 dBFS
[Parsed_ebur128_0 @ 0x75bec0d2c0] t: 180.299979 TARGET:-23 LUFS    M:-151.4 S: -18.7     I: -16.2 LUFS       LRA:   2.9 LU  FTPK:  -inf dBFS  TPK:  -1.4 dBFS
[Parsed_ebur128_0 @ 0x75bec0d2c0] t: 180.399979 TARGET:-23 LUFS    M:-136.2 S: -18.8     I: -16.2 LUFS       LRA:   2.9 LU  FTPK: -108.0 dBFS  TPK:  -1.4 dBFS
[Parsed_ebur128_0 @ 0x75bec0d2c0] t: 180.499979 TARGET:-23 LUFS    M: -64.9 S: -19.1     I: -16.2 LUFS       LRA:   2.9 LU  FTPK: -40.5 dBFS  TPK:  -1.4 dBFS
[Parsed_ebur128_0 @ 0x75bec0d2c0] t: 180.599979 TARGET:-23 LUFS    M: -23.1 S: -19.2     I: -16.2 LUFS       LRA:   2.9 LU  FTPK:  -4.1 dBFS  TPK:  -1.4 dBFS
[Parsed_silencedetect_1 @ 0x75bec0d380] silence_end: 180.501229 | silence_duration: 1.012521
[Parsed_ebur128_0 @ 0x75bec0d2c0] t: 180.699979 TARGET:-23 LUFS    M: -19.9 S: -19.5     I: -16.2 LUFS       LRA:   2.9 LU  FTPK:  -2.4 dBFS  TPK:  -1.4 dBFS
[Parsed_ebur128_0 @ 0x75bec0d2c0] t: 180.799979 TARGET:-23 LUFS    M: -16.6 S: -19.0     I: -16.2 LUFS       LRA:   2.9 LU  FTPK:  -1.5 dBFS  TPK:  -1.4 dBFS
[Parsed_ebur128_0 @ 0x75bec0d2c0] t: 180.899979 TARGET:-23 LUFS    M: -16.5 S: -19.5     I: -16.2 LUFS       LRA:   2.9 LU  FTPK:  -6.3 dBFS  TPK:  -1.4 dBFS
[Parsed_ebur128_0 @ 0x75bec0d2c0] t: 180.999979 TARGET:-23 LUFS    M: -15.6 S: -19.2     I: -16.2 LUFS       LRA:   2.9 LU  FTPK:  -1.5 dBFS  TPK:  -1.4 dBFS
[Parsed_ebur128_0 @ 0x75bec0d2c0] t: 181.099979 TARGET:-23 LUFS    M: -15.0 S: -18.8     I: -16.2 LUFS       LRA:   2.9 LU  FTPK:  -4.0 dBFS  TPK:  -1.4 dBFS
[Parsed_ebur128_0 @ 0x75bec0d2c0] t: 181.199979 TARGET:-23 LUFS    M: -16.4 S: -18.8     I: -16.2 LUFS       LRA:   2.9 LU  FTPK:  -5.6 dBFS  TPK:  -1.4 dBFS
[Parsed_ebur128_0 @ 0x75bec0d2c0] t: 181.299979 TARGET:-23 LUFS    M: -16.4 S: -18.9     I: -16.2 LUFS       LRA:   2.9 LU  FTPK:  -9.3 dBFS  TPK:  -1.4 dBFS
[Parsed_ebur128_0 @ 0x75bec0d2c0] t: 181.399979 TARGET:-23 LUFS    M: -15.4 S: -18.3     I: -16.2 LUFS       LRA:   2.9 LU  FTPK:  -1.9 dBFS  TPK:  -1.4 dBFS
[Parsed_ebur128_0 @ 0x75bec0d2c0] t: 181.499979 TARGET:-23 LUFS    M: -15.9 S: -18.3     I: -16.2 LUFS       LRA:   2.9 LU  FTPK:  -5.7 dBFS  TPK:  -1.4 dBFS
[Parsed_ebur128_0 @ 0x75bec0d2c0] t: 181.599979 TARGET:-23 LUFS    M: -16.3 S: -18.7     I: -16.2 LUFS       LRA:   2.9 LU  FTPK: -13.1 dBFS  TPK:  -1.4 dBFS
[Parsed_ebur128_0 @ 0x75bec0d2c0] t: 181.699979 TARGET:-23 LUFS    M: -15.9 S: -18.8     I: -16.2 LUFS       LRA:   2.9 LU  FTPK:  -8.1 dBFS  TPK:  -1.4 dBFS
[Parsed_ebur128_0 @ 0x75bec0d2c0] t: 181.799979 TARGET:-23 LUFS    M: -18.5 S: -18.7     I: -16.2 LUFS       LRA:   2.9 LU  FTPK:  -7.3 dBFS  TPK:  -1.4 dBFS
[Parsed_ebur128_0 @ 0x75bec0d2c0] t: 181.899979 TARGET:-23 LUFS    M: -16.8 S: -18.2     I: -16.2 LUFS       LRA:   2.9 LU  FTPK:  -1.8 dBFS  TPK:  -1.4 dBFS
[Parsed_ebur128_0 @ 0x75bec0d2c0] t: 181.999979 TARGET:-23 LUFS    M: -14.7 S: -17.8     I: -16.2 LUFS       LRA:   2.9 LU  FTPK:  -1.5 dBFS  TPK:  -1.4 dBFS
[Parsed_ebur128_0 @ 0x75bec0d2c0] t: 182.099979 TARGET:-23 LUFS    M: -14.2 S: -17.7     I: -16.2 LUFS       LRA:   2.9 LU  FTPK:  -3.5 dBFS  TPK:  -1.4 dBFS
[Parsed_ebur128_0 @ 0x75bec0d2c0] t: 182.199979 TARGET:-23 LUFS    M: -14.6 S: -18.2     I: -16.2 LUFS       LRA:   2.9 LU  FTPK: -10.1 dBFS  TPK:  -1.4 dBFS
[Parsed_ebur128_0 @ 0x75bec0d2c0] t: 182.299979 TARGET:-23 LUFS    M: -16.6 S: -18.3     I: -16.2 LUFS       LRA:   2.9 LU  FTPK:  -9.2 dBFS  TPK:  -1.4 dBFS
[Parsed_ebur128_0 @ 0x75bec0d2c0] t: 182.399979 TARGET:-23 LUFS    M: -15.3 S: -17.6     I: -16.2 LUFS       LRA:   2.9 LU  FTPK:  -1.6 dBFS  TPK:  -1.4 dBFS
[Parsed_ebur128_0 @ 0x75bec0d2c0] t: 182.499979 TARGET:-23 LUFS    M: -14.3 S: -17.1     I: -16.2 LUFS       LRA:   2.9 LU  FTPK:  -2.5 dBFS  TPK:  -1.4 dBFS
[Parsed_ebur128_0 @ 0x75bec0d2c0] t: 182.599979 TARGET:-23 LUFS    M: -13.9 S: -17.0     I: -16.2 LUFS       LRA:   2.9 LU  FTPK:  -4.4 dBFS  TPK:  -1.4 dBFS
[Parsed_ebur128_0 @ 0x75bec0d2c0] t: 182.699979 TARGET:-23 LUFS    M: -13.8 S: -16.9     I: -16.2 LUFS       LRA:   2.9 LU  FTPK:  -9.5 dBFS  TPK:  -1.4 dBFS
[Parsed_ebur128_0 @ 0x75bec0d2c0] t: 182.799979 TARGET:-23 LUFS    M: -16.8 S: -16.9     I: -16.2 LUFS       LRA:   2.9 LU  FTPK: -15.4 dBFS  TPK:  -1.4 dBFS
[Parsed_ebur128_0 @ 0x75bec0d2c0] t: 182.899979 TARGET:-23 LUFS    M: -22.4 S: -16.9     I: -16.2 LUFS       LRA:   2.9 LU  FTPK: -46.6 dBFS  TPK:  -1.4 dBFS
[Parsed_ebur128_0 @ 0x75bec0d2c0] t: 182.999979 TARGET:-23 LUFS    M: -27.5 S: -16.9     I: -16.2 LUFS       LRA:   2.9 LU  FTPK: -23.6 dBFS  TPK:  -1.4 dBFS
[Parsed_ebur128_0 @ 0x75bec0d2c0] t: 183.099979 TARGET:-23 LUFS    M: -17.9 S: -16.5     I: -16.2 LUFS       LRA:   2.9 LU  FTPK:  -1.5 dBFS  TPK:  -1.4 dBFS
[Parsed_ebur128_0 @ 0x75bec0d2c0] t: 183.199979 TARGET:-23 LUFS    M: -16.0 S: -16.3     I: -16.2 LUFS       LRA:   2.9 LU  FTPK:  -4.4 dBFS  TPK:  -1.4 dBFS
[Parsed_ebur128_0 @ 0x75bec0d2c0] t: 183.299979 TARGET:-23 LUFS    M: -15.1 S: -16.1     I: -16.2 LUFS       LRA:   2.9 LU  FTPK:  -2.5 dBFS  TPK:  -1.4 dBFS
[Parsed_ebur128_0 @ 0x75bec0d2c0] t: 183.399979 TARGET:-23 LUFS    M: -14.4 S: -16.0     I: -16.2 LUFS       LRA:   2.9 LU  FTPK:  -2.7 dBFS  TPK:  -1.4 dBFS
[Parsed_ebur128_0 @ 0x75bec0d2c0] t: 183.499979 TARGET:-23 LUFS    M: -14.6 S: -15.7     I: -16.2 LUFS       LRA:   2.9 LU  FTPK:  -2.1 dBFS  TPK:  -1.4 dBFS
[Parsed_ebur128_0 @ 0x75bec0d2c0] t: 183.599979 TARGET:-23 LUFS    M: -14.8 S: -15.6     I: -16.2 LUFS       LRA:   2.9 LU  FTPK:  -1.5 dBFS  TPK:  -1.4 dBFS
[Parsed_ebur128_0 @ 0x75bec0d2c0] t: 183.699979 TARGET:-23 LUFS    M: -14.0 S: -15.5     I: -16.2 LUFS       LRA:   2.9 LU  FTPK:  -1.9 dBFS  TPK:  -1.4 dBFS
[Parsed_ebur128_0 @ 0x75bec0d2c0] t: 183.799979 TARGET:-23 LUFS    M: -13.5 S: -15.5     I: -16.2 LUFS       LRA:   2.9 LU  FTPK:  -4.6 dBFS  TPK:  -1.4 dBFS
[Parsed_ebur128_0 @ 0x75bec0d2c0] t: 183.899979 TARGET:-23 LUFS    M: -15.0 S: -15.5     I: -16.2 LUFS       LRA:   2.9 LU  FTPK: -10.4 dBFS  TPK:  -1.4 dBFS
[Parsed_ebur128_0 @ 0x75bec0d2c0] t: 183.999979 TARGET:-23 LUFS    M: -15.9 S: -15.7     I: -16.2 LUFS       LRA:   2.9 LU  FTPK:  -8.6 dBFS  TPK:  -1.4 dBFS
[Parsed_ebur128_0 @ 0x75bec0d2c0] t: 184.099979 TARGET:-23 LUFS    M: -18.4 S: -15.8     I: -16.2 LUFS       LRA:   2.9 LU  FTPK:  -7.9 dBFS  TPK:  -1.4 dBFS
[Parsed_ebur128_0 @ 0x75bec0d2c0] t: 184.199979 TARGET:-23 LUFS    M: -20.4 S: -15.8     I: -16.2 LUFS       LRA:   2.9 LU  FTPK:  -4.1 dBFS  TPK:  -1.4 dBFS
[Parsed_ebur128_0 @ 0x75bec0d2c0] t: 184.299979 TARGET:-23 LUFS    M: -18.1 S: -15.6     I: -16.2 LUFS       LRA:   2.9 LU  FTPK:  -5.3 dBFS  TPK:  -1.4 dBFS
[Parsed_ebur128_0 @ 0x75bec0d2c0] t: 184.399979 TARGET:-23 LUFS    M: -16.2 S: -15.8     I: -16.2 LUFS       LRA:   2.9 LU  FTPK:  -1.5 dBFS  TPK:  -1.4 dBFS
[Parsed_ebur128_0 @ 0x75bec0d2c0] t: 184.499979 TARGET:-23 LUFS    M: -16.5 S: -15.9     I: -16.2 LUFS       LRA:   2.9 LU  FTPK: -13.0 dBFS  TPK:  -1.4 dBFS
[Parsed_ebur128_0 @ 0x75bec0d2c0] t: 184.599979 TARGET:-23 LUFS    M: -15.5 S: -15.7     I: -16.2 LUFS       LRA:   2.9 LU  FTPK:  -3.5 dBFS  TPK:  -1.4 dBFS
[Parsed_ebur128_0 @ 0x75bec0d2c0] t: 184.699979 TARGET:-23 LUFS    M: -15.3 S: -15.6     I: -16.2 LUFS       LRA:   2.9 LU  FTPK:  -6.6 dBFS  TPK:  -1.4 dBFS
[Parsed_ebur128_0 @ 0x75bec0d2c0] t: 184.799979 TARGET:-23 LUFS    M: -15.5 S: -15.5     I: -16.2 LUFS       LRA:   2.9 LU  FTPK:  -5.0 dBFS  TPK:  -1.4 dBFS
[Parsed_ebur128_0 @ 0x75bec0d2c0] t: 184.899979 TARGET:-23 LUFS    M: -14.9 S: -15.7     I: -16.2 LUFS       LRA:   2.9 LU  FTPK:  -7.7 dBFS  TPK:  -1.4 dBFS
[Parsed_ebur128_0 @ 0x75bec0d2c0] t: 184.999979 TARGET:-23 LUFS    M: -16.2 S: -15.9     I: -16.2 LUFS       LRA:   2.9 LU  FTPK:  -8.3 dBFS  TPK:  -1.4 dBFS
[Parsed_ebur128_0 @ 0x75bec0d2c0] t: 185.099979 TARGET:-23 LUFS    M: -15.1 S: -15.7     I: -16.2 LUFS       LRA:   2.9 LU  FTPK:  -3.4 dBFS  TPK:  -1.4 dBFS
[Parsed_ebur128_0 @ 0x75bec0d2c0] t: 185.199979 TARGET:-23 LUFS    M: -15.9 S: -15.7     I: -16.2 LUFS       LRA:   2.9 LU  FTPK:  -5.5 dBFS  TPK:  -1.4 dBFS
[Parsed_ebur128_0 @ 0x75bec0d2c0] t: 185.299979 TARGET:-23 LUFS    M: -16.2 S: -15.6     I: -16.2 LUFS       LRA:   2.9 LU  FTPK:  -8.9 dBFS  TPK:  -1.4 dBFS
[Parsed_ebur128_0 @ 0x75bec0d2c0] t: 185.399979 TARGET:-23 LUFS    M: -16.4 S: -16.0     I: -16.2 LUFS       LRA:   2.9 LU  FTPK:  -8.8 dBFS  TPK:  -1.4 dBFS
[Parsed_ebur128_0 @ 0x75bec0d2c0] t: 185.499979 TARGET:-23 LUFS    M: -20.5 S: -16.4     I: -16.2 LUFS       LRA:   2.9 LU  FTPK:  -6.3 dBFS  TPK:  -1.4 dBFS
[Parsed_ebur128_0 @ 0x75bec0d2c0] t: 185.599979 TARGET:-23 LUFS    M: -21.9 S: -16.4     I: -16.2 LUFS       LRA:   2.9 LU  FTPK:  -5.8 dBFS  TPK:  -1.4 dBFS
[Parsed_ebur128_0 @ 0x75bec0d2c0] t: 185.699979 TARGET:-23 LUFS    M: -18.4 S: -16.2     I: -16.2 LUFS       LRA:   2.9 LU  FTPK:  -3.9 dBFS  TPK:  -1.4 dBFS
[Parsed_ebur128_0 @ 0x75bec0d2c0] t: 185.799979 TARGET:-23 LUFS    M: -18.2 S: -16.2     I: -16.2 LUFS       LRA:   2.9 LU  FTPK:  -8.9 dBFS  TPK:  -1.4 dBFS
[Parsed_ebur128_0 @ 0x75bec0d2c0] t: 185.899979 TARGET:-23 LUFS    M: -18.8 S: -16.2     I: -16.2 LUFS       LRA:   2.9 LU  FTPK: -15.4 dBFS  TPK:  -1.4 dBFS
[Parsed_ebur128_0 @ 0x75bec0d2c0] t: 185.999979 TARGET:-23 LUFS    M: -19.0 S: -16.2     I: -16.2 LUFS       LRA:   2.9 LU  FTPK: -25.7 dBFS  TPK:  -1.4 dBFS
[Parsed_ebur128_0 @ 0x75bec0d2c0] t: 186.099979 TARGET:-23 LUFS    M: -26.7 S: -16.6     I: -16.2 LUFS       LRA:   2.9 LU  FTPK: -55.2 dBFS  TPK:  -1.4 dBFS
[Parsed_ebur128_0 @ 0x75bec0d2c0] t: 186.199979 TARGET:-23 LUFS    M: -36.3 S: -16.8     I: -16.2 LUFS       LRA:   2.9 LU  FTPK: -68.1 dBFS  TPK:  -1.4 dBFS
[Parsed_ebur128_0 @ 0x75bec0d2c0] t: 186.299979 TARGET:-23 LUFS    M: -44.2 S: -17.0     I: -16.2 LUFS       LRA:   2.9 LU  FTPK:  -inf dBFS  TPK:  -1.4 dBFS
[Parsed_ebur128_0 @ 0x75bec0d2c0] t: 186.399979 TARGET:-23 LUFS    M: -77.9 S: -17.1     I: -16.2 LUFS       LRA:   2.9 LU  FTPK:  -inf dBFS  TPK:  -1.4 dBFS
[Parsed_silencedetect_1 @ 0x75bec0d380] silence_start: 185.966979
[Parsed_ebur128_0 @ 0x75bec0d2c0] t: 186.499979 TARGET:-23 LUFS    M: -95.1 S: -17.6     I: -16.2 LUFS       LRA:   2.9 LU  FTPK:  -inf dBFS  TPK:  -1.4 dBFS
[Parsed_ebur128_0 @ 0x75bec0d2c0] t: 186.599979 TARGET:-23 LUFS    M:-151.6 S: -17.9     I: -16.2 LUFS       LRA:   2.9 LU  FTPK:  -inf dBFS  TPK:  -1.4 dBFS
[Parsed_ebur128_0 @ 0x75bec0d2c0] t: 186.699979 TARGET:-23 LUFS    M:-151.6 S: -18.3     I: -16.2 LUFS       LRA:   2.9 LU  FTPK:  -inf dBFS  TPK:  -1.4 dBFS
[Parsed_ebur128_0 @ 0x75bec0d2c0] t: 186.799979 TARGET:-23 LUFS    M:-151.6 S: -18.8     I: -16.2 LUFS       LRA:   2.9 LU  FTPK:  -inf dBFS  TPK:  -1.4 dBFS
[Parsed_ebur128_0 @ 0x75bec0d2c0] t: 186.899979 TARGET:-23 LUFS    M: -92.9 S: -18.8     I: -16.2 LUFS       LRA:   2.9 LU  FTPK: -71.1 dBFS  TPK:  -1.4 dBFS
[Parsed_ebur128_0 @ 0x75bec0d2c0] t: 186.999979 TARGET:-23 LUFS    M: -26.0 S: -18.8     I: -16.2 LUFS       LRA:   2.9 LU  FTPK:  -5.5 dBFS  TPK:  -1.4 dBFS
[Parsed_silencedetect_1 @ 0x75bec0d380] silence_end: 186.960917 | silence_duration: 0.993937
[Parsed_ebur128_0 @ 0x75bec0d2c0] t: 187.099979 TARGET:-23 LUFS    M: -22.0 S: -18.7     I: -16.2 LUFS       LRA:   2.9 LU  FTPK:  -3.9 dBFS  TPK:  -1.4 dBFS
[Parsed_ebur128_0 @ 0x75bec0d2c0] t: 187.199979 TARGET:-23 LUFS    M: -15.4 S: -18.0     I: -16.2 LUFS       LRA:   2.9 LU  FTPK:  -1.5 dBFS  TPK:  -1.4 dBFS
[Parsed_ebur128_0 @ 0x75bec0d2c0] t: 187.299979 TARGET:-23 LUFS    M: -13.5 S: -17.7     I: -16.2 LUFS       LRA:   2.9 LU  FTPK:  -2.5 dBFS  TPK:  -1.4 dBFS
[Parsed_ebur128_0 @ 0x75bec0d2c0] t: 187.399979 TARGET:-23 LUFS    M: -12.7 S: -17.6     I: -16.2 LUFS       LRA:   2.9 LU  FTPK:  -4.5 dBFS  TPK:  -1.4 dBFS
[Parsed_ebur128_0 @ 0x75bec0d2c0] t: 187.499979 TARGET:-23 LUFS    M: -12.7 S: -17.5     I: -16.2 LUFS       LRA:   2.9 LU  FTPK:  -5.2 dBFS  TPK:  -1.4 dBFS
[Parsed_ebur128_0 @ 0x75bec0d2c0] t: 187.599979 TARGET:-23 LUFS    M: -14.9 S: -17.8     I: -16.2 LUFS       LRA:   2.9 LU  FTPK:  -8.4 dBFS  TPK:  -1.4 dBFS
[Parsed_ebur128_0 @ 0x75bec0d2c0] t: 187.699979 TARGET:-23 LUFS    M: -14.5 S: -17.5     I: -16.2 LUFS       LRA:   2.9 LU  FTPK:  -1.5 dBFS  TPK:  -1.4 dBFS
[Parsed_ebur128_0 @ 0x75bec0d2c0] t: 187.799979 TARGET:-23 LUFS    M: -15.3 S: -17.6     I: -16.2 LUFS       LRA:   2.9 LU  FTPK:  -3.1 dBFS  TPK:  -1.4 dBFS
[Parsed_ebur128_0 @ 0x75bec0d2c0] t: 187.899979 TARGET:-23 LUFS    M: -15.2 S: -17.6     I: -16.2 LUFS       LRA:   2.9 LU  FTPK:  -6.1 dBFS  TPK:  -1.4 dBFS
[Parsed_ebur128_0 @ 0x75bec0d2c0] t: 187.999979 TARGET:-23 LUFS    M: -15.0 S: -17.6     I: -16.2 LUFS       LRA:   2.9 LU  FTPK:  -7.6 dBFS  TPK:  -1.4 dBFS
[Parsed_ebur128_0 @ 0x75bec0d2c0] t: 188.099979 TARGET:-23 LUFS    M: -17.5 S: -18.0     I: -16.2 LUFS       LRA:   2.9 LU  FTPK:  -5.6 dBFS  TPK:  -1.4 dBFS
[Parsed_ebur128_0 @ 0x75bec0d2c0] t: 188.199979 TARGET:-23 LUFS    M: -16.9 S: -17.8     I: -16.2 LUFS       LRA:   2.9 LU  FTPK:  -4.4 dBFS  TPK:  -1.4 dBFS
[Parsed_ebur128_0 @ 0x75bec0d2c0] t: 188.299979 TARGET:-23 LUFS    M: -17.0 S: -17.7     I: -16.2 LUFS       LRA:   2.9 LU  FTPK:  -5.6 dBFS  TPK:  -1.4 dBFS
[Parsed_ebur128_0 @ 0x75bec0d2c0] t: 188.399979 TARGET:-23 LUFS    M: -15.7 S: -17.4     I: -16.2 LUFS       LRA:   2.9 LU  FTPK:  -3.3 dBFS  TPK:  -1.4 dBFS
[Parsed_ebur128_0 @ 0x75bec0d2c0] t: 188.499979 TARGET:-23 LUFS    M: -15.9 S: -17.4     I: -16.2 LUFS       LRA:   2.9 LU  FTPK:  -6.6 dBFS  TPK:  -1.4 dBFS
[Parsed_ebur128_0 @ 0x75bec0d2c0] t: 188.599979 TARGET:-23 LUFS    M: -16.2 S: -17.2     I: -16.2 LUFS       LRA:   2.9 LU  FTPK:  -5.0 dBFS  TPK:  -1.4 dBFS
[Parsed_ebur128_0 @ 0x75bec0d2c0] t: 188.699979 TARGET:-23 LUFS    M: -15.2 S: -17.2     I: -16.2 LUFS       LRA:   2.9 LU  FTPK:  -3.2 dBFS  TPK:  -1.4 dBFS
[Parsed_ebur128_0 @ 0x75bec0d2c0] t: 188.799979 TARGET:-23 LUFS    M: -16.5 S: -17.2     I: -16.2 LUFS       LRA:   2.9 LU  FTPK:  -8.5 dBFS  TPK:  -1.4 dBFS
[Parsed_ebur128_0 @ 0x75bec0d2c0] t: 188.899979 TARGET:-23 LUFS    M: -16.9 S: -17.2     I: -16.2 LUFS       LRA:   2.9 LU  FTPK:  -6.1 dBFS  TPK:  -1.4 dBFS
[Parsed_ebur128_0 @ 0x75bec0d2c0] t: 188.999979 TARGET:-23 LUFS    M: -18.3 S: -17.1     I: -16.2 LUFS       LRA:   2.9 LU  FTPK:  -9.5 dBFS  TPK:  -1.4 dBFS
[Parsed_ebur128_0 @ 0x75bec0d2c0] t: 189.099979 TARGET:-23 LUFS    M: -22.4 S: -17.1     I: -16.2 LUFS       LRA:   2.9 LU  FTPK: -11.4 dBFS  TPK:  -1.4 dBFS
[Parsed_ebur128_0 @ 0x75bec0d2c0] t: 189.199979 TARGET:-23 LUFS    M: -22.0 S: -17.0     I: -16.2 LUFS       LRA:   2.9 LU  FTPK:  -5.3 dBFS  TPK:  -1.4 dBFS
[Parsed_ebur128_0 @ 0x75bec0d2c0] t: 189.299979 TARGET:-23 LUFS    M: -20.9 S: -16.9     I: -16.2 LUFS       LRA:   2.9 LU  FTPK:  -5.8 dBFS  TPK:  -1.4 dBFS
[Parsed_ebur128_0 @ 0x75bec0d2c0] t: 189.399979 TARGET:-23 LUFS    M: -16.4 S: -16.5     I: -16.2 LUFS       LRA:   2.9 LU  FTPK:  -1.5 dBFS  TPK:  -1.4 dBFS
[Parsed_ebur128_0 @ 0x75bec0d2c0] t: 189.499979 TARGET:-23 LUFS    M: -16.5 S: -16.5     I: -16.2 LUFS       LRA:   2.9 LU  FTPK: -10.1 dBFS  TPK:  -1.4 dBFS
[Parsed_ebur128_0 @ 0x75bec0d2c0] t: 189.599979 TARGET:-23 LUFS    M: -14.6 S: -16.1     I: -16.2 LUFS       LRA:   2.9 LU  FTPK:  -3.4 dBFS  TPK:  -1.4 dBFS
[Parsed_ebur128_0 @ 0x75bec0d2c0] t: 189.699979 TARGET:-23 LUFS    M: -14.3 S: -16.0     I: -16.2 LUFS       LRA:   2.9 LU  FTPK:  -7.4 dBFS  TPK:  -1.4 dBFS
[Parsed_ebur128_0 @ 0x75bec0d2c0] t: 189.799979 TARGET:-23 LUFS    M: -14.4 S: -15.6     I: -16.2 LUFS       LRA:   2.9 LU  FTPK:  -2.3 dBFS  TPK:  -1.4 dBFS
[Parsed_ebur128_0 @ 0x75bec0d2c0] t: 189.899979 TARGET:-23 LUFS    M: -14.1 S: -15.6     I: -16.2 LUFS       LRA:   2.9 LU  FTPK:  -7.1 dBFS  TPK:  -1.4 dBFS
[Parsed_ebur128_0 @ 0x75bec0d2c0] t: 189.999979 TARGET:-23 LUFS    M: -14.6 S: -15.4     I: -16.2 LUFS       LRA:   2.9 LU  FTPK:  -3.4 dBFS  TPK:  -1.4 dBFS
[Parsed_ebur128_0 @ 0x75bec0d2c0] t: 190.099979 TARGET:-23 LUFS    M: -14.8 S: -15.4     I: -16.2 LUFS       LRA:   2.9 LU  FTPK:  -5.6 dBFS  TPK:  -1.4 dBFS
[Parsed_ebur128_0 @ 0x75bec0d2c0] t: 190.199979 TARGET:-23 LUFS    M: -17.3 S: -15.9     I: -16.2 LUFS       LRA:   2.9 LU  FTPK: -13.2 dBFS  TPK:  -1.4 dBFS
[Parsed_ebur128_0 @ 0x75bec0d2c0] t: 190.299979 TARGET:-23 LUFS    M: -18.0 S: -16.2     I: -16.2 LUFS       LRA:   2.9 LU  FTPK: -19.9 dBFS  TPK:  -1.4 dBFS
[Parsed_ebur128_0 @ 0x75bec0d2c0] t: 190.399979 TARGET:-23 LUFS    M: -22.5 S: -16.5     I: -16.2 LUFS       LRA:   2.9 LU  FTPK: -33.5 dBFS  TPK:  -1.4 dBFS
[Parsed_ebur128_0 @ 0x75bec0d2c0] t: 190.499979 TARGET:-23 LUFS    M: -31.7 S: -16.6     I: -16.2 LUFS       LRA:   2.9 LU  FTPK: -66.5 dBFS  TPK:  -1.4 dBFS
[Parsed_ebur128_0 @ 0x75bec0d2c0] t: 190.599979 TARGET:-23 LUFS    M: -35.4 S: -16.7     I: -16.2 LUFS       LRA:   2.9 LU  FTPK: -184.5 dBFS  TPK:  -1.4 dBFS
[Parsed_ebur128_0 @ 0x75bec0d2c0] t: 190.699979 TARGET:-23 LUFS    M: -56.7 S: -17.2     I: -16.2 LUFS       LRA:   2.9 LU  FTPK:  -inf dBFS  TPK:  -1.4 dBFS
[Parsed_ebur128_0 @ 0x75bec0d2c0] t: 190.799979 TARGET:-23 LUFS    M: -86.7 S: -17.4     I: -16.2 LUFS       LRA:   2.9 LU  FTPK:  -inf dBFS  TPK:  -1.4 dBFS
[Parsed_silencedetect_1 @ 0x75bec0d380] silence_start: 190.313708
[Parsed_ebur128_0 @ 0x75bec0d2c0] t: 190.899979 TARGET:-23 LUFS    M:-150.5 S: -17.5     I: -16.2 LUFS       LRA:   2.9 LU  FTPK:  -inf dBFS  TPK:  -1.4 dBFS
[Parsed_ebur128_0 @ 0x75bec0d2c0] t: 190.999979 TARGET:-23 LUFS    M:-150.6 S: -17.6     I: -16.2 LUFS       LRA:   2.9 LU  FTPK:  -inf dBFS  TPK:  -1.4 dBFS
[Parsed_ebur128_0 @ 0x75bec0d2c0] t: 191.099979 TARGET:-23 LUFS    M:-150.6 S: -17.8     I: -16.2 LUFS       LRA:   2.9 LU  FTPK:  -inf dBFS  TPK:  -1.4 dBFS
[Parsed_ebur128_0 @ 0x75bec0d2c0] t: 191.199979 TARGET:-23 LUFS    M:-149.1 S: -18.1     I: -16.2 LUFS       LRA:   2.9 LU  FTPK: -127.7 dBFS  TPK:  -1.4 dBFS
[Parsed_ebur128_0 @ 0x75bec0d2c0] t: 191.299979 TARGET:-23 LUFS    M: -74.2 S: -18.2     I: -16.2 LUFS       LRA:   2.9 LU  FTPK: -54.3 dBFS  TPK:  -1.4 dBFS
[Parsed_ebur128_0 @ 0x75bec0d2c0] t: 191.399979 TARGET:-23 LUFS    M: -22.2 S: -18.4     I: -16.2 LUFS       LRA:   2.9 LU  FTPK:  -2.0 dBFS  TPK:  -1.4 dBFS
[Parsed_silencedetect_1 @ 0x75bec0d380] silence_end: 191.306146 | silence_duration: 0.992437
[Parsed_ebur128_0 @ 0x75bec0d2c0] t: 191.499979 TARGET:-23 LUFS    M: -17.6 S: -18.1     I: -16.2 LUFS       LRA:   2.9 LU  FTPK:  -2.7 dBFS  TPK:  -1.4 dBFS
[Parsed_ebur128_0 @ 0x75bec0d2c0] t: 191.599979 TARGET:-23 LUFS    M: -14.9 S: -17.8     I: -16.2 LUFS       LRA:   2.9 LU  FTPK:  -1.5 dBFS  TPK:  -1.4 dBFS
[Parsed_ebur128_0 @ 0x75bec0d2c0] t: 191.699979 TARGET:-23 LUFS    M: -14.3 S: -18.0     I: -16.2 LUFS       LRA:   2.9 LU  FTPK:  -1.5 dBFS  TPK:  -1.4 dBFS
[Parsed_ebur128_0 @ 0x75bec0d2c0] t: 191.799979 TARGET:-23 LUFS    M: -13.8 S: -17.6     I: -16.2 LUFS       LRA:   2.9 LU  FTPK:  -2.3 dBFS  TPK:  -1.4 dBFS
[Parsed_ebur128_0 @ 0x75bec0d2c0] t: 191.899979 TARGET:-23 LUFS    M: -13.9 S: -17.4     I: -16.2 LUFS       LRA:   2.9 LU  FTPK:  -1.5 dBFS  TPK:  -1.4 dBFS
[Parsed_ebur128_0 @ 0x75bec0d2c0] t: 191.999979 TARGET:-23 LUFS    M: -14.6 S: -17.1     I: -16.2 LUFS       LRA:   2.9 LU  FTPK:  -1.8 dBFS  TPK:  -1.4 dBFS
[Parsed_ebur128_0 @ 0x75bec0d2c0] t: 192.099979 TARGET:-23 LUFS    M: -15.1 S: -17.1     I: -16.2 LUFS       LRA:   2.9 LU  FTPK:  -9.9 dBFS  TPK:  -1.4 dBFS
[Parsed_ebur128_0 @ 0x75bec0d2c0] t: 192.199979 TARGET:-23 LUFS    M: -15.1 S: -16.9     I: -16.2 LUFS       LRA:   2.9 LU  FTPK:  -1.5 dBFS  TPK:  -1.4 dBFS
[Parsed_ebur128_0 @ 0x75bec0d2c0] t: 192.299979 TARGET:-23 LUFS    M: -14.7 S: -16.6     I: -16.2 LUFS       LRA:   2.9 LU  FTPK:  -2.1 dBFS  TPK:  -1.4 dBFS
[Parsed_ebur128_0 @ 0x75bec0d2c0] t: 192.399979 TARGET:-23 LUFS    M: -13.6 S: -16.6     I: -16.2 LUFS       LRA:   2.9 LU  FTPK:  -1.5 dBFS  TPK:  -1.4 dBFS
[Parsed_ebur128_0 @ 0x75bec0d2c0] t: 192.499979 TARGET:-23 LUFS    M: -12.4 S: -16.2     I: -16.2 LUFS       LRA:   2.9 LU  FTPK:  -1.9 dBFS  TPK:  -1.4 dBFS
[Parsed_ebur128_0 @ 0x75bec0d2c0] t: 192.599979 TARGET:-23 LUFS    M: -12.6 S: -16.3     I: -16.2 LUFS       LRA:   2.9 LU  FTPK:  -2.6 dBFS  TPK:  -1.4 dBFS
[Parsed_ebur128_0 @ 0x75bec0d2c0] t: 192.699979 TARGET:-23 LUFS    M: -12.8 S: -16.2     I: -16.2 LUFS       LRA:   2.9 LU  FTPK:  -4.9 dBFS  TPK:  -1.4 dBFS
[Parsed_ebur128_0 @ 0x75bec0d2c0] t: 192.799979 TARGET:-23 LUFS    M: -14.1 S: -16.5     I: -16.2 LUFS       LRA:   2.9 LU  FTPK:  -6.9 dBFS  TPK:  -1.4 dBFS
[Parsed_ebur128_0 @ 0x75bec0d2c0] t: 192.899979 TARGET:-23 LUFS    M: -15.3 S: -16.4     I: -16.2 LUFS       LRA:   2.9 LU  FTPK:  -5.8 dBFS  TPK:  -1.4 dBFS
[Parsed_ebur128_0 @ 0x75bec0d2c0] t: 192.999979 TARGET:-23 LUFS    M: -15.9 S: -16.6     I: -16.2 LUFS       LRA:   2.9 LU  FTPK:  -3.8 dBFS  TPK:  -1.4 dBFS
[Parsed_ebur128_0 @ 0x75bec0d2c0] t: 193.099979 TARGET:-23 LUFS    M: -18.0 S: -16.7     I: -16.2 LUFS       LRA:   2.9 LU  FTPK:  -9.5 dBFS  TPK:  -1.4 dBFS
[Parsed_ebur128_0 @ 0x75bec0d2c0] t: 193.199979 TARGET:-23 LUFS    M: -18.2 S: -16.6     I: -16.2 LUFS       LRA:   2.9 LU  FTPK:  -3.3 dBFS  TPK:  -1.4 dBFS
[Parsed_ebur128_0 @ 0x75bec0d2c0] t: 193.299979 TARGET:-23 LUFS    M: -19.0 S: -16.5     I: -16.2 LUFS       LRA:   2.9 LU  FTPK:  -7.7 dBFS  TPK:  -1.4 dBFS
[Parsed_ebur128_0 @ 0x75bec0d2c0] t: 193.399979 TARGET:-23 LUFS    M: -20.5 S: -16.5     I: -16.2 LUFS       LRA:   2.9 LU  FTPK:  -9.9 dBFS  TPK:  -1.4 dBFS
[Parsed_ebur128_0 @ 0x75bec0d2c0] t: 193.499979 TARGET:-23 LUFS    M: -17.3 S: -16.2     I: -16.2 LUFS       LRA:   2.9 LU  FTPK:  -1.5 dBFS  TPK:  -1.4 dBFS
[Parsed_ebur128_0 @ 0x75bec0d2c0] t: 193.599979 TARGET:-23 LUFS    M: -17.3 S: -16.1     I: -16.2 LUFS       LRA:   2.9 LU  FTPK:  -5.9 dBFS  TPK:  -1.4 dBFS
[Parsed_ebur128_0 @ 0x75bec0d2c0] t: 193.699979 TARGET:-23 LUFS    M: -16.5 S: -16.0     I: -16.2 LUFS       LRA:   2.9 LU  FTPK:  -6.1 dBFS  TPK:  -1.4 dBFS
[Parsed_ebur128_0 @ 0x75bec0d2c0] t: 193.799979 TARGET:-23 LUFS    M: -15.4 S: -15.8     I: -16.2 LUFS       LRA:   2.9 LU  FTPK:  -5.4 dBFS  TPK:  -1.4 dBFS
[Parsed_ebur128_0 @ 0x75bec0d2c0] t: 193.899979 TARGET:-23 LUFS    M: -16.8 S: -15.7     I: -16.2 LUFS       LRA:   2.9 LU  FTPK:  -6.9 dBFS  TPK:  -1.4 dBFS
[Parsed_ebur128_0 @ 0x75bec0d2c0] t: 193.999979 TARGET:-23 LUFS    M: -17.2 S: -15.7     I: -16.2 LUFS       LRA:   2.9 LU  FTPK: -10.4 dBFS  TPK:  -1.4 dBFS
[Parsed_ebur128_0 @ 0x75bec0d2c0] t: 194.099979 TARGET:-23 LUFS    M: -16.6 S: -15.5     I: -16.2 LUFS       LRA:   2.9 LU  FTPK:  -1.8 dBFS  TPK:  -1.4 dBFS
[Parsed_ebur128_0 @ 0x75bec0d2c0] t: 194.199979 TARGET:-23 LUFS    M: -14.9 S: -15.1     I: -16.2 LUFS       LRA:   2.9 LU  FTPK:  -1.5 dBFS  TPK:  -1.4 dBFS
[Parsed_ebur128_0 @ 0x75bec0d2c0] t: 194.299979 TARGET:-23 LUFS    M: -14.4 S: -15.0     I: -16.2 LUFS       LRA:   2.9 LU  FTPK:  -4.7 dBFS  TPK:  -1.4 dBFS
[Parsed_ebur128_0 @ 0x75bec0d2c0] t: 194.399979 TARGET:-23 LUFS    M: -13.8 S: -15.0     I: -16.2 LUFS       LRA:   2.9 LU  FTPK:  -6.2 dBFS  TPK:  -1.4 dBFS
[Parsed_ebur128_0 @ 0x75bec0d2c0] t: 194.499979 TARGET:-23 LUFS    M: -14.8 S: -15.2     I: -16.2 LUFS       LRA:   2.9 LU  FTPK: -10.0 dBFS  TPK:  -1.4 dBFS
[Parsed_ebur128_0 @ 0x75bec0d2c0] t: 194.599979 TARGET:-23 LUFS    M: -17.2 S: -15.4     I: -16.2 LUFS       LRA:   2.9 LU  FTPK:  -7.8 dBFS  TPK:  -1.4 dBFS
[Parsed_ebur128_0 @ 0x75bec0d2c0] t: 194.699979 TARGET:-23 LUFS    M: -18.8 S: -15.5     I: -16.2 LUFS       LRA:   2.9 LU  FTPK:  -6.7 dBFS  TPK:  -1.4 dBFS
[Parsed_ebur128_0 @ 0x75bec0d2c0] t: 194.799979 TARGET:-23 LUFS    M: -18.0 S: -15.5     I: -16.2 LUFS       LRA:   2.9 LU  FTPK:  -1.6 dBFS  TPK:  -1.4 dBFS
[Parsed_ebur128_0 @ 0x75bec0d2c0] t: 194.899979 TARGET:-23 LUFS    M: -18.3 S: -15.7     I: -16.2 LUFS       LRA:   2.9 LU  FTPK:  -9.2 dBFS  TPK:  -1.4 dBFS
[Parsed_ebur128_0 @ 0x75bec0d2c0] t: 194.999979 TARGET:-23 LUFS    M: -18.1 S: -15.8     I: -16.2 LUFS       LRA:   2.9 LU  FTPK:  -6.3 dBFS  TPK:  -1.4 dBFS
[Parsed_ebur128_0 @ 0x75bec0d2c0] t: 195.099979 TARGET:-23 LUFS    M: -18.1 S: -15.8     I: -16.2 LUFS       LRA:   2.9 LU  FTPK:  -7.9 dBFS  TPK:  -1.4 dBFS
[Parsed_ebur128_0 @ 0x75bec0d2c0] t: 195.199979 TARGET:-23 LUFS    M: -21.3 S: -16.0     I: -16.2 LUFS       LRA:   2.9 LU  FTPK:  -9.2 dBFS  TPK:  -1.4 dBFS
[Parsed_ebur128_0 @ 0x75bec0d2c0] t: 195.299979 TARGET:-23 LUFS    M: -20.6 S: -16.3     I: -16.2 LUFS       LRA:   2.9 LU  FTPK:  -8.3 dBFS  TPK:  -1.4 dBFS
[Parsed_ebur128_0 @ 0x75bec0d2c0] t: 195.399979 TARGET:-23 LUFS    M: -21.4 S: -16.7     I: -16.2 LUFS       LRA:   2.9 LU  FTPK:  -6.2 dBFS  TPK:  -1.4 dBFS
[Parsed_ebur128_0 @ 0x75bec0d2c0] t: 195.499979 TARGET:-23 LUFS    M: -20.6 S: -17.0     I: -16.2 LUFS       LRA:   2.9 LU  FTPK:  -7.9 dBFS  TPK:  -1.4 dBFS
[Parsed_ebur128_0 @ 0x75bec0d2c0] t: 195.599979 TARGET:-23 LUFS    M: -20.9 S: -17.3     I: -16.2 LUFS       LRA:   2.9 LU  FTPK: -15.5 dBFS  TPK:  -1.4 dBFS
[Parsed_ebur128_0 @ 0x75bec0d2c0] t: 195.699979 TARGET:-23 LUFS    M: -21.4 S: -17.6     I: -16.2 LUFS       LRA:   2.9 LU  FTPK: -11.2 dBFS  TPK:  -1.4 dBFS
[Parsed_ebur128_0 @ 0x75bec0d2c0] t: 195.799979 TARGET:-23 LUFS    M: -23.6 S: -17.7     I: -16.2 LUFS       LRA:   2.9 LU  FTPK: -51.7 dBFS  TPK:  -1.4 dBFS
[Parsed_ebur128_0 @ 0x75bec0d2c0] t: 195.899979 TARGET:-23 LUFS    M: -30.4 S: -17.9     I: -16.2 LUFS       LRA:   2.9 LU  FTPK: -64.2 dBFS  TPK:  -1.4 dBFS
[Parsed_ebur128_0 @ 0x75bec0d2c0] t: 195.999979 TARGET:-23 LUFS    M: -31.6 S: -18.1     I: -16.2 LUFS       LRA:   2.9 LU  FTPK:  -inf dBFS  TPK:  -1.4 dBFS
[Parsed_ebur128_0 @ 0x75bec0d2c0] t: 196.099979 TARGET:-23 LUFS    M: -76.5 S: -18.2     I: -16.2 LUFS       LRA:   2.9 LU  FTPK:  -inf dBFS  TPK:  -1.4 dBFS
[Parsed_silencedetect_1 @ 0x75bec0d380] silence_start: 195.671375
[Parsed_ebur128_0 @ 0x75bec0d2c0] t: 196.199979 TARGET:-23 LUFS    M: -88.8 S: -18.3     I: -16.2 LUFS       LRA:   2.9 LU  FTPK:  -inf dBFS  TPK:  -1.4 dBFS
[Parsed_ebur128_0 @ 0x75bec0d2c0] t: 196.299979 TARGET:-23 LUFS    M:-150.8 S: -18.4     I: -16.2 LUFS       LRA:   2.9 LU  FTPK:  -inf dBFS  TPK:  -1.4 dBFS
[Parsed_ebur128_0 @ 0x75bec0d2c0] t: 196.399979 TARGET:-23 LUFS    M:-150.8 S: -18.4     I: -16.2 LUFS       LRA:   2.9 LU  FTPK:  -inf dBFS  TPK:  -1.4 dBFS
[Parsed_ebur128_0 @ 0x75bec0d2c0] t: 196.499979 TARGET:-23 LUFS    M:-150.8 S: -18.9     I: -16.2 LUFS       LRA:   2.9 LU  FTPK:  -inf dBFS  TPK:  -1.4 dBFS
[Parsed_ebur128_0 @ 0x75bec0d2c0] t: 196.599979 TARGET:-23 LUFS    M: -89.3 S: -19.1     I: -16.2 LUFS       LRA:   2.9 LU  FTPK: -64.6 dBFS  TPK:  -1.4 dBFS
[Parsed_ebur128_0 @ 0x75bec0d2c0] t: 196.699979 TARGET:-23 LUFS    M: -34.8 S: -19.4     I: -16.2 LUFS       LRA:   2.9 LU  FTPK: -12.3 dBFS  TPK:  -1.4 dBFS
[Parsed_silencedetect_1 @ 0x75bec0d380] silence_end: 196.667667 | silence_duration: 0.996292
[Parsed_ebur128_0 @ 0x75bec0d2c0] t: 196.799979 TARGET:-23 LUFS    M: -19.6 S: -19.2     I: -16.2 LUFS       LRA:   2.9 LU  FTPK:  -1.5 dBFS  TPK:  -1.4 dBFS
[Parsed_ebur128_0 @ 0x75bec0d2c0] t: 196.899979 TARGET:-23 LUFS    M: -16.0 S: -18.7     I: -16.2 LUFS       LRA:   2.9 LU  FTPK:  -1.7 dBFS  TPK:  -1.4 dBFS
[Parsed_ebur128_0 @ 0x75bec0d2c0] t: 196.999979 TARGET:-23 LUFS    M: -14.8 S: -18.4     I: -16.2 LUFS       LRA:   2.9 LU  FTPK:  -3.4 dBFS  TPK:  -1.4 dBFS
[Parsed_ebur128_0 @ 0x75bec0d2c0] t: 197.099979 TARGET:-23 LUFS    M: -13.1 S: -18.2     I: -16.2 LUFS       LRA:   2.9 LU  FTPK:  -3.6 dBFS  TPK:  -1.4 dBFS
[Parsed_ebur128_0 @ 0x75bec0d2c0] t: 197.199979 TARGET:-23 LUFS    M: -14.0 S: -18.9     I: -16.2 LUFS       LRA:   2.9 LU  FTPK:  -5.5 dBFS  TPK:  -1.4 dBFS
[Parsed_ebur128_0 @ 0x75bec0d2c0] t: 197.299979 TARGET:-23 LUFS    M: -14.4 S: -18.8     I: -16.2 LUFS       LRA:   2.9 LU  FTPK:  -4.8 dBFS  TPK:  -1.4 dBFS
[Parsed_ebur128_0 @ 0x75bec0d2c0] t: 197.399979 TARGET:-23 LUFS    M: -15.1 S: -18.9     I: -16.2 LUFS       LRA:   2.9 LU  FTPK:  -8.1 dBFS  TPK:  -1.4 dBFS
[Parsed_ebur128_0 @ 0x75bec0d2c0] t: 197.499979 TARGET:-23 LUFS    M: -17.0 S: -18.8     I: -16.2 LUFS       LRA:   2.9 LU  FTPK:  -2.9 dBFS  TPK:  -1.4 dBFS
[Parsed_ebur128_0 @ 0x75bec0d2c0] t: 197.599979 TARGET:-23 LUFS    M: -16.6 S: -18.7     I: -16.2 LUFS       LRA:   2.9 LU  FTPK:  -3.1 dBFS  TPK:  -1.4 dBFS
[Parsed_ebur128_0 @ 0x75bec0d2c0] t: 197.699979 TARGET:-23 LUFS    M: -18.4 S: -18.7     I: -16.2 LUFS       LRA:   2.9 LU  FTPK:  -8.1 dBFS  TPK:  -1.4 dBFS
[Parsed_ebur128_0 @ 0x75bec0d2c0] t: 197.799979 TARGET:-23 LUFS    M: -18.9 S: -19.0     I: -16.2 LUFS       LRA:   2.9 LU  FTPK: -10.0 dBFS  TPK:  -1.4 dBFS
[Parsed_ebur128_0 @ 0x75bec0d2c0] t: 197.899979 TARGET:-23 LUFS    M: -18.9 S: -18.8     I: -16.2 LUFS       LRA:   2.9 LU  FTPK:  -8.6 dBFS  TPK:  -1.4 dBFS
[Parsed_ebur128_0 @ 0x75bec0d2c0] t: 197.999979 TARGET:-23 LUFS    M: -15.9 S: -18.3     I: -16.2 LUFS       LRA:   2.9 LU  FTPK:  -1.5 dBFS  TPK:  -1.4 dBFS
[Parsed_ebur128_0 @ 0x75bec0d2c0] t: 198.099979 TARGET:-23 LUFS    M: -15.7 S: -18.2     I: -16.2 LUFS       LRA:   2.9 LU  FTPK:  -6.8 dBFS  TPK:  -1.4 dBFS
[Parsed_ebur128_0 @ 0x75bec0d2c0] t: 198.199979 TARGET:-23 LUFS    M: -14.7 S: -18.0     I: -16.2 LUFS       LRA:   2.9 LU  FTPK:  -4.0 dBFS  TPK:  -1.4 dBFS
[Parsed_ebur128_0 @ 0x75bec0d2c0] t: 198.299979 TARGET:-23 LUFS    M: -15.1 S: -18.0     I: -16.2 LUFS       LRA:   2.9 LU  FTPK:  -9.0 dBFS  TPK:  -1.4 dBFS
[Parsed_ebur128_0 @ 0x75bec0d2c0] t: 198.399979 TARGET:-23 LUFS    M: -17.4 S: -17.9     I: -16.2 LUFS       LRA:   2.9 LU  FTPK:  -3.5 dBFS  TPK:  -1.4 dBFS
[Parsed_ebur128_0 @ 0x75bec0d2c0] t: 198.499979 TARGET:-23 LUFS    M: -16.6 S: -17.8     I: -16.2 LUFS       LRA:   2.9 LU  FTPK:  -6.1 dBFS  TPK:  -1.4 dBFS
[Parsed_ebur128_0 @ 0x75bec0d2c0] t: 198.599979 TARGET:-23 LUFS    M: -17.6 S: -17.6     I: -16.2 LUFS       LRA:   2.9 LU  FTPK:  -7.6 dBFS  TPK:  -1.4 dBFS
[Parsed_ebur128_0 @ 0x75bec0d2c0] t: 198.699979 TARGET:-23 LUFS    M: -17.0 S: -17.5     I: -16.2 LUFS       LRA:   2.9 LU  FTPK:  -8.3 dBFS  TPK:  -1.4 dBFS
[Parsed_ebur128_0 @ 0x75bec0d2c0] t: 198.799979 TARGET:-23 LUFS    M: -15.2 S: -17.1     I: -16.2 LUFS       LRA:   2.9 LU  FTPK:  -1.5 dBFS  TPK:  -1.4 dBFS
[Parsed_ebur128_0 @ 0x75bec0d2c0] t: 198.899979 TARGET:-23 LUFS    M: -15.6 S: -16.9     I: -16.2 LUFS       LRA:   2.9 LU  FTPK:  -6.0 dBFS  TPK:  -1.4 dBFS
[Parsed_ebur128_0 @ 0x75bec0d2c0] t: 198.999979 TARGET:-23 LUFS    M: -16.2 S: -16.9     I: -16.2 LUFS       LRA:   2.9 LU  FTPK: -10.5 dBFS  TPK:  -1.4 dBFS
[Parsed_ebur128_0 @ 0x75bec0d2c0] t: 199.099979 TARGET:-23 LUFS    M: -15.2 S: -16.6     I: -16.2 LUFS       LRA:   2.9 LU  FTPK:  -2.0 dBFS  TPK:  -1.4 dBFS
[Parsed_ebur128_0 @ 0x75bec0d2c0] t: 199.199979 TARGET:-23 LUFS    M: -15.4 S: -16.3     I: -16.2 LUFS       LRA:   2.9 LU  FTPK:  -1.6 dBFS  TPK:  -1.4 dBFS
[Parsed_ebur128_0 @ 0x75bec0d2c0] t: 199.299979 TARGET:-23 LUFS    M: -15.8 S: -16.2     I: -16.2 LUFS       LRA:   2.9 LU  FTPK: -10.1 dBFS  TPK:  -1.4 dBFS
[Parsed_ebur128_0 @ 0x75bec0d2c0] t: 199.399979 TARGET:-23 LUFS    M: -15.6 S: -16.2     I: -16.2 LUFS       LRA:   2.9 LU  FTPK:  -9.7 dBFS  TPK:  -1.4 dBFS
[Parsed_ebur128_0 @ 0x75bec0d2c0] t: 199.499979 TARGET:-23 LUFS    M: -17.6 S: -16.2     I: -16.2 LUFS       LRA:   2.9 LU  FTPK: -13.4 dBFS  TPK:  -1.4 dBFS
[Parsed_ebur128_0 @ 0x75bec0d2c0] t: 199.599979 TARGET:-23 LUFS    M: -24.9 S: -16.2     I: -16.2 LUFS       LRA:   2.9 LU  FTPK: -44.1 dBFS  TPK:  -1.4 dBFS
[Parsed_ebur128_0 @ 0x75bec0d2c0] t: 199.699979 TARGET:-23 LUFS    M: -26.9 S: -16.2     I: -16.2 LUFS       LRA:   2.9 LU  FTPK: -39.6 dBFS  TPK:  -1.4 dBFS
[Parsed_ebur128_0 @ 0x75bec0d2c0] t: 199.799979 TARGET:-23 LUFS    M: -19.2 S: -16.2     I: -16.2 LUFS       LRA:   2.9 LU  FTPK:  -1.5 dBFS  TPK:  -1.4 dBFS
[Parsed_ebur128_0 @ 0x75bec0d2c0] t: 199.899979 TARGET:-23 LUFS    M: -16.3 S: -16.2     I: -16.2 LUFS       LRA:   2.9 LU  FTPK:  -2.8 dBFS  TPK:  -1.4 dBFS
[Parsed_ebur128_0 @ 0x75bec0d2c0] t: 199.999979 TARGET:-23 LUFS    M: -16.0 S: -16.4     I: -16.2 LUFS       LRA:   2.9 LU  FTPK:  -6.4 dBFS  TPK:  -1.4 dBFS
[Parsed_ebur128_0 @ 0x75bec0d2c0] t: 200.099979 TARGET:-23 LUFS    M: -14.3 S: -16.5     I: -16.2 LUFS       LRA:   2.9 LU  FTPK:  -1.5 dBFS  TPK:  -1.4 dBFS
[Parsed_ebur128_0 @ 0x75bec0d2c0] t: 200.199979 TARGET:-23 LUFS    M: -15.7 S: -16.5     I: -16.2 LUFS       LRA:   2.9 LU  FTPK: -11.5 dBFS  TPK:  -1.4 dBFS
[Parsed_ebur128_0 @ 0x75bec0d2c0] t: 200.299979 TARGET:-23 LUFS    M: -15.6 S: -16.5     I: -16.2 LUFS       LRA:   2.9 LU  FTPK:  -3.9 dBFS  TPK:  -1.4 dBFS
[Parsed_ebur128_0 @ 0x75bec0d2c0] t: 200.399979 TARGET:-23 LUFS    M: -15.0 S: -16.4     I: -16.2 LUFS       LRA:   2.9 LU  FTPK:  -5.4 dBFS  TPK:  -1.4 dBFS
[Parsed_ebur128_0 @ 0x75bec0d2c0] t: 200.499979 TARGET:-23 LUFS    M: -16.3 S: -16.4     I: -16.2 LUFS       LRA:   2.9 LU  FTPK:  -7.0 dBFS  TPK:  -1.4 dBFS
[Parsed_ebur128_0 @ 0x75bec0d2c0] t: 200.599979 TARGET:-23 LUFS    M: -16.1 S: -16.4     I: -16.2 LUFS       LRA:   2.9 LU  FTPK:  -8.1 dBFS  TPK:  -1.4 dBFS
[Parsed_ebur128_0 @ 0x75bec0d2c0] t: 200.699979 TARGET:-23 LUFS    M: -18.6 S: -16.5     I: -16.2 LUFS       LRA:   2.9 LU  FTPK:  -9.8 dBFS  TPK:  -1.4 dBFS
[Parsed_ebur128_0 @ 0x75bec0d2c0] t: 200.799979 TARGET:-23 LUFS    M: -21.1 S: -16.5     I: -16.2 LUFS       LRA:   2.9 LU  FTPK: -12.9 dBFS  TPK:  -1.4 dBFS
[Parsed_ebur128_0 @ 0x75bec0d2c0] t: 200.899979 TARGET:-23 LUFS    M: -18.8 S: -16.4     I: -16.2 LUFS       LRA:   2.9 LU  FTPK:  -3.3 dBFS  TPK:  -1.4 dBFS
[Parsed_ebur128_0 @ 0x75bec0d2c0] t: 200.999979 TARGET:-23 LUFS    M: -16.5 S: -16.5     I: -16.2 LUFS       LRA:   2.9 LU  FTPK:  -3.1 dBFS  TPK:  -1.4 dBFS
[Parsed_ebur128_0 @ 0x75bec0d2c0] t: 201.099979 TARGET:-23 LUFS    M: -15.2 S: -16.4     I: -16.2 LUFS       LRA:   2.9 LU  FTPK:  -1.6 dBFS  TPK:  -1.4 dBFS
[Parsed_ebur128_0 @ 0x75bec0d2c0] t: 201.199979 TARGET:-23 LUFS    M: -13.4 S: -16.2     I: -16.2 LUFS       LRA:   2.9 LU  FTPK:  -1.5 dBFS  TPK:  -1.4 dBFS
[Parsed_ebur128_0 @ 0x75bec0d2c0] t: 201.299979 TARGET:-23 LUFS    M: -13.5 S: -16.0     I: -16.2 LUFS       LRA:   2.9 LU  FTPK:  -4.6 dBFS  TPK:  -1.4 dBFS
[Parsed_ebur128_0 @ 0x75bec0d2c0] t: 201.399979 TARGET:-23 LUFS    M: -14.1 S: -16.0     I: -16.2 LUFS       LRA:   2.9 LU  FTPK:  -5.1 dBFS  TPK:  -1.4 dBFS
[Parsed_ebur128_0 @ 0x75bec0d2c0] t: 201.499979 TARGET:-23 LUFS    M: -14.7 S: -16.1     I: -16.2 LUFS       LRA:   2.9 LU  FTPK:  -6.0 dBFS  TPK:  -1.4 dBFS
[Parsed_ebur128_0 @ 0x75bec0d2c0] t: 201.599979 TARGET:-23 LUFS    M: -16.5 S: -16.1     I: -16.2 LUFS       LRA:   2.9 LU  FTPK:  -6.7 dBFS  TPK:  -1.4 dBFS
[Parsed_ebur128_0 @ 0x75bec0d2c0] t: 201.699979 TARGET:-23 LUFS    M: -17.7 S: -16.1     I: -16.2 LUFS       LRA:   2.9 LU  FTPK:  -8.2 dBFS  TPK:  -1.4 dBFS
[Parsed_ebur128_0 @ 0x75bec0d2c0] t: 201.799979 TARGET:-23 LUFS    M: -17.2 S: -16.3     I: -16.2 LUFS       LRA:   2.9 LU  FTPK:  -2.1 dBFS  TPK:  -1.4 dBFS
[Parsed_ebur128_0 @ 0x75bec0d2c0] t: 201.899979 TARGET:-23 LUFS    M: -15.5 S: -16.1     I: -16.2 LUFS       LRA:   2.9 LU  FTPK:  -2.3 dBFS  TPK:  -1.4 dBFS
[Parsed_ebur128_0 @ 0x75bec0d2c0] t: 201.999979 TARGET:-23 LUFS    M: -15.9 S: -16.1     I: -16.2 LUFS       LRA:   2.9 LU  FTPK: -11.6 dBFS  TPK:  -1.4 dBFS
[Parsed_ebur128_0 @ 0x75bec0d2c0] t: 202.099979 TARGET:-23 LUFS    M: -16.5 S: -16.3     I: -16.2 LUFS       LRA:   2.9 LU  FTPK: -10.3 dBFS  TPK:  -1.4 dBFS
[Parsed_ebur128_0 @ 0x75bec0d2c0] t: 202.199979 TARGET:-23 LUFS    M: -16.3 S: -16.5     I: -16.2 LUFS       LRA:   2.9 LU  FTPK:  -5.9 dBFS  TPK:  -1.4 dBFS
[Parsed_ebur128_0 @ 0x75bec0d2c0] t: 202.299979 TARGET:-23 LUFS    M: -18.3 S: -16.4     I: -16.2 LUFS       LRA:   2.9 LU  FTPK:  -7.8 dBFS  TPK:  -1.4 dBFS
[Parsed_ebur128_0 @ 0x75bec0d2c0] t: 202.399979 TARGET:-23 LUFS    M: -17.6 S: -16.3     I: -16.2 LUFS       LRA:   2.9 LU  FTPK:  -5.1 dBFS  TPK:  -1.4 dBFS
[Parsed_ebur128_0 @ 0x75bec0d2c0] t: 202.499979 TARGET:-23 LUFS    M: -17.2 S: -16.3     I: -16.2 LUFS       LRA:   2.9 LU  FTPK:  -8.7 dBFS  TPK:  -1.4 dBFS
[Parsed_ebur128_0 @ 0x75bec0d2c0] t: 202.599979 TARGET:-23 LUFS    M: -16.9 S: -16.0     I: -16.2 LUFS       LRA:   2.9 LU  FTPK:  -1.5 dBFS  TPK:  -1.4 dBFS
[Parsed_ebur128_0 @ 0x75bec0d2c0] t: 202.699979 TARGET:-23 LUFS    M: -17.2 S: -16.0     I: -16.2 LUFS       LRA:   2.9 LU  FTPK:  -6.1 dBFS  TPK:  -1.4 dBFS
[Parsed_ebur128_0 @ 0x75bec0d2c0] t: 202.799979 TARGET:-23 LUFS    M: -15.0 S: -15.8     I: -16.2 LUFS       LRA:   2.9 LU  FTPK:  -1.5 dBFS  TPK:  -1.4 dBFS
[Parsed_ebur128_0 @ 0x75bec0d2c0] t: 202.899979 TARGET:-23 LUFS    M: -14.9 S: -16.0     I: -16.2 LUFS       LRA:   2.9 LU  FTPK:  -4.4 dBFS  TPK:  -1.4 dBFS
[Parsed_ebur128_0 @ 0x75bec0d2c0] t: 202.999979 TARGET:-23 LUFS    M: -15.9 S: -16.0     I: -16.2 LUFS       LRA:   2.9 LU  FTPK:  -6.7 dBFS  TPK:  -1.4 dBFS
[Parsed_ebur128_0 @ 0x75bec0d2c0] t: 203.099979 TARGET:-23 LUFS    M: -16.3 S: -16.3     I: -16.2 LUFS       LRA:   2.9 LU  FTPK: -10.4 dBFS  TPK:  -1.4 dBFS
[Parsed_ebur128_0 @ 0x75bec0d2c0] t: 203.199979 TARGET:-23 LUFS    M: -17.7 S: -16.1     I: -16.2 LUFS       LRA:   2.9 LU  FTPK:  -3.7 dBFS  TPK:  -1.4 dBFS
[Parsed_ebur128_0 @ 0x75bec0d2c0] t: 203.299979 TARGET:-23 LUFS    M: -17.9 S: -16.3     I: -16.2 LUFS       LRA:   2.9 LU  FTPK:  -8.4 dBFS  TPK:  -1.4 dBFS
[Parsed_ebur128_0 @ 0x75bec0d2c0] t: 203.399979 TARGET:-23 LUFS    M: -16.1 S: -16.2     I: -16.2 LUFS       LRA:   2.9 LU  FTPK:  -1.5 dBFS  TPK:  -1.4 dBFS
[Parsed_ebur128_0 @ 0x75bec0d2c0] t: 203.499979 TARGET:-23 LUFS    M: -15.7 S: -16.2     I: -16.2 LUFS       LRA:   2.9 LU  FTPK:  -5.7 dBFS  TPK:  -1.4 dBFS
[Parsed_ebur128_0 @ 0x75bec0d2c0] t: 203.599979 TARGET:-23 LUFS    M: -17.9 S: -16.3     I: -16.2 LUFS       LRA:   2.9 LU  FTPK: -13.5 dBFS  TPK:  -1.4 dBFS
[Parsed_ebur128_0 @ 0x75bec0d2c0] t: 203.699979 TARGET:-23 LUFS    M: -18.5 S: -16.3     I: -16.2 LUFS       LRA:   2.9 LU  FTPK: -20.6 dBFS  TPK:  -1.4 dBFS
[Parsed_ebur128_0 @ 0x75bec0d2c0] t: 203.799979 TARGET:-23 LUFS    M: -25.3 S: -16.3     I: -16.2 LUFS       LRA:   2.9 LU  FTPK: -62.2 dBFS  TPK:  -1.4 dBFS
[Parsed_ebur128_0 @ 0x75bec0d2c0] t: 203.899979 TARGET:-23 LUFS    M: -32.7 S: -16.5     I: -16.2 LUFS       LRA:   2.9 LU  FTPK: -69.6 dBFS  TPK:  -1.4 dBFS
[Parsed_ebur128_0 @ 0x75bec0d2c0] t: 203.999979 TARGET:-23 LUFS    M: -43.6 S: -16.9     I: -16.2 LUFS       LRA:   2.9 LU  FTPK:  -inf dBFS  TPK:  -1.4 dBFS
[Parsed_ebur128_0 @ 0x75bec0d2c0] t: 204.099979 TARGET:-23 LUFS    M: -81.5 S: -17.1     I: -16.2 LUFS       LRA:   2.9 LU  FTPK:  -inf dBFS  TPK:  -1.4 dBFS
[Parsed_silencedetect_1 @ 0x75bec0d380] silence_start: 203.657229
[Parsed_ebur128_0 @ 0x75bec0d2c0] t: 204.199979 TARGET:-23 LUFS    M: -93.3 S: -17.6     I: -16.2 LUFS       LRA:   2.9 LU  FTPK:  -inf dBFS  TPK:  -1.4 dBFS
[Parsed_ebur128_0 @ 0x75bec0d2c0] t: 204.299979 TARGET:-23 LUFS    M:-149.5 S: -17.9     I: -16.2 LUFS       LRA:   2.9 LU  FTPK:  -inf dBFS  TPK:  -1.4 dBFS
[Parsed_ebur128_0 @ 0x75bec0d2c0] t: 204.399979 TARGET:-23 LUFS    M:-149.5 S: -18.1     I: -16.2 LUFS       LRA:   2.9 LU  FTPK:  -inf dBFS  TPK:  -1.4 dBFS
[Parsed_ebur128_0 @ 0x75bec0d2c0] t: 204.499979 TARGET:-23 LUFS    M:-149.5 S: -18.3     I: -16.2 LUFS       LRA:   2.9 LU  FTPK:  -inf dBFS  TPK:  -1.4 dBFS
[Parsed_ebur128_0 @ 0x75bec0d2c0] t: 204.599979 TARGET:-23 LUFS    M: -92.4 S: -18.4     I: -16.2 LUFS       LRA:   2.9 LU  FTPK: -69.2 dBFS  TPK:  -1.4 dBFS
[Parsed_ebur128_0 @ 0x75bec0d2c0] t: 204.699979 TARGET:-23 LUFS    M: -70.4 S: -18.6     I: -16.2 LUFS       LRA:   2.9 LU  FTPK: -44.5 dBFS  TPK:  -1.4 dBFS
[Parsed_ebur128_0 @ 0x75bec0d2c0] t: 204.799979 TARGET:-23 LUFS    M: -19.7 S: -18.4     I: -16.2 LUFS       LRA:   2.9 LU  FTPK:  -1.5 dBFS  TPK:  -1.4 dBFS
[Parsed_silencedetect_1 @ 0x75bec0d380] silence_end: 204.703688 | silence_duration: 1.046458
[Parsed_ebur128_0 @ 0x75bec0d2c0] t: 204.899979 TARGET:-23 LUFS    M: -16.0 S: -18.4     I: -16.2 LUFS       LRA:   2.9 LU  FTPK:  -1.5 dBFS  TPK:  -1.4 dBFS
[Parsed_ebur128_0 @ 0x75bec0d2c0] t: 204.999979 TARGET:-23 LUFS    M: -15.2 S: -18.3     I: -16.2 LUFS       LRA:   2.9 LU  FTPK:  -5.8 dBFS  TPK:  -1.4 dBFS
[Parsed_ebur128_0 @ 0x75bec0d2c0] t: 205.099979 TARGET:-23 LUFS    M: -14.1 S: -17.9     I: -16.2 LUFS       LRA:   2.9 LU  FTPK:  -1.5 dBFS  TPK:  -1.4 dBFS
[Parsed_ebur128_0 @ 0x75bec0d2c0] t: 205.199979 TARGET:-23 LUFS    M: -14.0 S: -17.8     I: -16.2 LUFS       LRA:   2.9 LU  FTPK:  -3.4 dBFS  TPK:  -1.4 dBFS
[Parsed_ebur128_0 @ 0x75bec0d2c0] t: 205.299979 TARGET:-23 LUFS    M: -14.3 S: -17.6     I: -16.2 LUFS       LRA:   2.9 LU  FTPK:  -1.5 dBFS  TPK:  -1.4 dBFS
[Parsed_ebur128_0 @ 0x75bec0d2c0] t: 205.399979 TARGET:-23 LUFS    M: -14.5 S: -17.6     I: -16.2 LUFS       LRA:   2.9 LU  FTPK:  -6.5 dBFS  TPK:  -1.4 dBFS
[Parsed_ebur128_0 @ 0x75bec0d2c0] t: 205.499979 TARGET:-23 LUFS    M: -15.7 S: -17.6     I: -16.2 LUFS       LRA:   2.9 LU  FTPK:  -9.4 dBFS  TPK:  -1.4 dBFS
[Parsed_ebur128_0 @ 0x75bec0d2c0] t: 205.599979 TARGET:-23 LUFS    M: -17.2 S: -17.8     I: -16.2 LUFS       LRA:   2.9 LU  FTPK:  -2.7 dBFS  TPK:  -1.4 dBFS
[Parsed_ebur128_0 @ 0x75bec0d2c0] t: 205.699979 TARGET:-23 LUFS    M: -19.1 S: -17.8     I: -16.2 LUFS       LRA:   2.9 LU  FTPK:  -6.0 dBFS  TPK:  -1.4 dBFS
[Parsed_ebur128_0 @ 0x75bec0d2c0] t: 205.799979 TARGET:-23 LUFS    M: -17.5 S: -18.1     I: -16.2 LUFS       LRA:   2.9 LU  FTPK:  -4.0 dBFS  TPK:  -1.4 dBFS
[Parsed_ebur128_0 @ 0x75bec0d2c0] t: 205.899979 TARGET:-23 LUFS    M: -16.1 S: -17.9     I: -16.2 LUFS       LRA:   2.9 LU  FTPK:  -4.8 dBFS  TPK:  -1.4 dBFS
[Parsed_ebur128_0 @ 0x75bec0d2c0] t: 205.999979 TARGET:-23 LUFS    M: -16.5 S: -18.0     I: -16.2 LUFS       LRA:   2.9 LU  FTPK:  -8.1 dBFS  TPK:  -1.4 dBFS
[Parsed_ebur128_0 @ 0x75bec0d2c0] t: 206.099979 TARGET:-23 LUFS    M: -15.3 S: -17.6     I: -16.2 LUFS       LRA:   2.9 LU  FTPK:  -3.0 dBFS  TPK:  -1.4 dBFS
[Parsed_ebur128_0 @ 0x75bec0d2c0] t: 206.199979 TARGET:-23 LUFS    M: -15.9 S: -17.8     I: -16.2 LUFS       LRA:   2.9 LU  FTPK:  -3.7 dBFS  TPK:  -1.4 dBFS
[Parsed_ebur128_0 @ 0x75bec0d2c0] t: 206.299979 TARGET:-23 LUFS    M: -17.4 S: -17.9     I: -16.2 LUFS       LRA:   2.9 LU  FTPK: -14.9 dBFS  TPK:  -1.4 dBFS
[Parsed_ebur128_0 @ 0x75bec0d2c0] t: 206.399979 TARGET:-23 LUFS    M: -17.7 S: -18.3     I: -16.2 LUFS       LRA:   2.9 LU  FTPK: -27.3 dBFS  TPK:  -1.4 dBFS
[Parsed_ebur128_0 @ 0x75bec0d2c0] t: 206.499979 TARGET:-23 LUFS    M: -23.1 S: -18.4     I: -16.2 LUFS       LRA:   2.9 LU  FTPK: -61.3 dBFS  TPK:  -1.4 dBFS
[Parsed_ebur128_0 @ 0x75bec0d2c0] t: 206.599979 TARGET:-23 LUFS    M: -36.0 S: -18.4     I: -16.2 LUFS       LRA:   2.9 LU  FTPK: -67.7 dBFS  TPK:  -1.4 dBFS
[Parsed_ebur128_0 @ 0x75bec0d2c0] t: 206.699979 TARGET:-23 LUFS    M: -49.9 S: -18.4     I: -16.2 LUFS       LRA:   2.9 LU  FTPK:  -inf dBFS  TPK:  -1.4 dBFS
[Parsed_ebur128_0 @ 0x75bec0d2c0] t: 206.799979 TARGET:-23 LUFS    M: -78.6 S: -18.4     I: -16.2 LUFS       LRA:   2.9 LU  FTPK:  -inf dBFS  TPK:  -1.4 dBFS
[Parsed_silencedetect_1 @ 0x75bec0d380] silence_start: 206.33325
[Parsed_ebur128_0 @ 0x75bec0d2c0] t: 206.899979 TARGET:-23 LUFS    M: -92.1 S: -18.4     I: -16.2 LUFS       LRA:   2.9 LU  FTPK:  -inf dBFS  TPK:  -1.4 dBFS
[Parsed_ebur128_0 @ 0x75bec0d2c0] t: 206.999979 TARGET:-23 LUFS    M:-149.4 S: -18.4     I: -16.2 LUFS       LRA:   2.9 LU  FTPK:  -inf dBFS  TPK:  -1.4 dBFS
[Parsed_ebur128_0 @ 0x75bec0d2c0] t: 207.099979 TARGET:-23 LUFS    M:-149.4 S: -18.4     I: -16.2 LUFS       LRA:   2.9 LU  FTPK:  -inf dBFS  TPK:  -1.4 dBFS
[Parsed_ebur128_0 @ 0x75bec0d2c0] t: 207.199979 TARGET:-23 LUFS    M:-149.4 S: -18.4     I: -16.2 LUFS       LRA:   2.9 LU  FTPK:  -inf dBFS  TPK:  -1.4 dBFS
[Parsed_ebur128_0 @ 0x75bec0d2c0] t: 207.299979 TARGET:-23 LUFS    M: -82.0 S: -18.4     I: -16.2 LUFS       LRA:   2.9 LU  FTPK: -58.6 dBFS  TPK:  -1.4 dBFS
[Parsed_ebur128_0 @ 0x75bec0d2c0] t: 207.399979 TARGET:-23 LUFS    M: -23.4 S: -18.2     I: -16.2 LUFS       LRA:   2.9 LU  FTPK:  -2.6 dBFS  TPK:  -1.4 dBFS
[Parsed_silencedetect_1 @ 0x75bec0d380] silence_end: 207.368167 | silence_duration: 1.034917
[Parsed_ebur128_0 @ 0x75bec0d2c0] t: 207.499979 TARGET:-23 LUFS    M: -22.9 S: -18.2     I: -16.2 LUFS       LRA:   2.9 LU  FTPK: -10.3 dBFS  TPK:  -1.4 dBFS
[Parsed_ebur128_0 @ 0x75bec0d2c0] t: 207.599979 TARGET:-23 LUFS    M: -17.8 S: -17.8     I: -16.2 LUFS       LRA:   2.9 LU  FTPK:  -2.6 dBFS  TPK:  -1.4 dBFS
[Parsed_ebur128_0 @ 0x75bec0d2c0] t: 207.699979 TARGET:-23 LUFS    M: -16.2 S: -17.5     I: -16.2 LUFS       LRA:   2.9 LU  FTPK:  -5.2 dBFS  TPK:  -1.4 dBFS
[Parsed_ebur128_0 @ 0x75bec0d2c0] t: 207.799979 TARGET:-23 LUFS    M: -15.2 S: -17.5     I: -16.2 LUFS       LRA:   2.9 LU  FTPK:  -2.0 dBFS  TPK:  -1.4 dBFS
[Parsed_ebur128_0 @ 0x75bec0d2c0] t: 207.899979 TARGET:-23 LUFS    M: -14.8 S: -17.9     I: -16.2 LUFS       LRA:   2.9 LU  FTPK:  -4.2 dBFS  TPK:  -1.4 dBFS
[Parsed_ebur128_0 @ 0x75bec0d2c0] t: 207.999979 TARGET:-23 LUFS    M: -15.0 S: -17.7     I: -16.2 LUFS       LRA:   2.9 LU  FTPK:  -3.1 dBFS  TPK:  -1.4 dBFS
[Parsed_ebur128_0 @ 0x75bec0d2c0] t: 208.099979 TARGET:-23 LUFS    M: -15.7 S: -17.9     I: -16.2 LUFS       LRA:   2.9 LU  FTPK:  -5.9 dBFS  TPK:  -1.4 dBFS
[Parsed_ebur128_0 @ 0x75bec0d2c0] t: 208.199979 TARGET:-23 LUFS    M: -17.5 S: -18.3     I: -16.2 LUFS       LRA:   2.9 LU  FTPK:  -7.5 dBFS  TPK:  -1.4 dBFS
[Parsed_ebur128_0 @ 0x75bec0d2c0] t: 208.299979 TARGET:-23 LUFS    M: -17.9 S: -18.7     I: -16.2 LUFS       LRA:   2.9 LU  FTPK:  -6.4 dBFS  TPK:  -1.4 dBFS
[Parsed_ebur128_0 @ 0x75bec0d2c0] t: 208.399979 TARGET:-23 LUFS    M: -20.5 S: -18.7     I: -16.2 LUFS       LRA:   2.9 LU  FTPK:  -4.3 dBFS  TPK:  -1.4 dBFS
[Parsed_ebur128_0 @ 0x75bec0d2c0] t: 208.499979 TARGET:-23 LUFS    M: -17.6 S: -18.3     I: -16.2 LUFS       LRA:   2.9 LU  FTPK:  -1.8 dBFS  TPK:  -1.4 dBFS
[Parsed_ebur128_0 @ 0x75bec0d2c0] t: 208.599979 TARGET:-23 LUFS    M: -17.0 S: -18.3     I: -16.2 LUFS       LRA:   2.9 LU  FTPK:  -3.9 dBFS  TPK:  -1.4 dBFS
[Parsed_ebur128_0 @ 0x75bec0d2c0] t: 208.699979 TARGET:-23 LUFS    M: -15.9 S: -18.2     I: -16.2 LUFS       LRA:   2.9 LU  FTPK:  -2.9 dBFS  TPK:  -1.4 dBFS
[Parsed_ebur128_0 @ 0x75bec0d2c0] t: 208.799979 TARGET:-23 LUFS    M: -15.8 S: -18.4     I: -16.2 LUFS       LRA:   2.9 LU  FTPK:  -3.6 dBFS  TPK:  -1.4 dBFS
[Parsed_ebur128_0 @ 0x75bec0d2c0] t: 208.899979 TARGET:-23 LUFS    M: -16.3 S: -18.3     I: -16.2 LUFS       LRA:   2.9 LU  FTPK:  -2.1 dBFS  TPK:  -1.4 dBFS
[Parsed_ebur128_0 @ 0x75bec0d2c0] t: 208.999979 TARGET:-23 LUFS    M: -16.9 S: -18.3     I: -16.2 LUFS       LRA:   2.9 LU  FTPK: -10.8 dBFS  TPK:  -1.4 dBFS
[Parsed_ebur128_0 @ 0x75bec0d2c0] t: 209.099979 TARGET:-23 LUFS    M: -17.8 S: -18.7     I: -16.2 LUFS       LRA:   2.9 LU  FTPK:  -3.6 dBFS  TPK:  -1.4 dBFS
[Parsed_ebur128_0 @ 0x75bec0d2c0] t: 209.199979 TARGET:-23 LUFS    M: -17.0 S: -18.6     I: -16.2 LUFS       LRA:   2.9 LU  FTPK:  -3.7 dBFS  TPK:  -1.4 dBFS
[Parsed_ebur128_0 @ 0x75bec0d2c0] t: 209.299979 TARGET:-23 LUFS    M: -17.3 S: -18.3     I: -16.2 LUFS       LRA:   2.9 LU  FTPK:  -6.4 dBFS  TPK:  -1.4 dBFS
[Parsed_ebur128_0 @ 0x75bec0d2c0] t: 209.399979 TARGET:-23 LUFS    M: -14.4 S: -17.6     I: -16.2 LUFS       LRA:   2.9 LU  FTPK:  -3.8 dBFS  TPK:  -1.4 dBFS
[Parsed_ebur128_0 @ 0x75bec0d2c0] t: 209.499979 TARGET:-23 LUFS    M: -14.7 S: -17.6     I: -16.2 LUFS       LRA:   2.9 LU  FTPK:  -6.3 dBFS  TPK:  -1.4 dBFS
[Parsed_ebur128_0 @ 0x75bec0d2c0] t: 209.599979 TARGET:-23 LUFS    M: -15.5 S: -17.6     I: -16.2 LUFS       LRA:   2.9 LU  FTPK: -12.7 dBFS  TPK:  -1.4 dBFS
[Parsed_ebur128_0 @ 0x75bec0d2c0] t: 209.699979 TARGET:-23 LUFS    M: -16.7 S: -17.5     I: -16.2 LUFS       LRA:   2.9 LU  FTPK:  -8.9 dBFS  TPK:  -1.4 dBFS
[Parsed_ebur128_0 @ 0x75bec0d2c0] t: 209.799979 TARGET:-23 LUFS    M: -22.4 S: -17.5     I: -16.2 LUFS       LRA:   2.9 LU  FTPK:  -5.0 dBFS  TPK:  -1.4 dBFS
[Parsed_ebur128_0 @ 0x75bec0d2c0] t: 209.899979 TARGET:-23 LUFS    M: -17.9 S: -17.1     I: -16.2 LUFS       LRA:   2.9 LU  FTPK:  -3.4 dBFS  TPK:  -1.4 dBFS
[Parsed_ebur128_0 @ 0x75bec0d2c0] t: 209.999979 TARGET:-23 LUFS    M: -16.1 S: -16.8     I: -16.2 LUFS       LRA:   2.9 LU  FTPK:  -3.6 dBFS  TPK:  -1.4 dBFS
[Parsed_ebur128_0 @ 0x75bec0d2c0] t: 210.099979 TARGET:-23 LUFS    M: -15.2 S: -16.7     I: -16.2 LUFS       LRA:   2.9 LU  FTPK:  -3.4 dBFS  TPK:  -1.4 dBFS
[Parsed_ebur128_0 @ 0x75bec0d2c0] t: 210.199979 TARGET:-23 LUFS    M: -14.9 S: -16.5     I: -16.2 LUFS       LRA:   2.9 LU  FTPK:  -3.9 dBFS  TPK:  -1.4 dBFS
[Parsed_ebur128_0 @ 0x75bec0d2c0] t: 210.299979 TARGET:-23 LUFS    M: -15.3 S: -16.3     I: -16.2 LUFS       LRA:   2.9 LU  FTPK:  -3.8 dBFS  TPK:  -1.4 dBFS
[Parsed_ebur128_0 @ 0x75bec0d2c0] t: 210.399979 TARGET:-23 LUFS    M: -16.1 S: -16.3     I: -16.2 LUFS       LRA:   2.9 LU  FTPK:  -7.3 dBFS  TPK:  -1.4 dBFS
[Parsed_ebur128_0 @ 0x75bec0d2c0] t: 210.499979 TARGET:-23 LUFS    M: -16.6 S: -16.2     I: -16.2 LUFS       LRA:   2.9 LU  FTPK:  -6.1 dBFS  TPK:  -1.4 dBFS
[Parsed_ebur128_0 @ 0x75bec0d2c0] t: 210.599979 TARGET:-23 LUFS    M: -15.8 S: -16.3     I: -16.2 LUFS       LRA:   2.9 LU  FTPK:  -3.9 dBFS  TPK:  -1.4 dBFS
[Parsed_ebur128_0 @ 0x75bec0d2c0] t: 210.699979 TARGET:-23 LUFS    M: -16.8 S: -16.4     I: -16.2 LUFS       LRA:   2.9 LU  FTPK:  -5.8 dBFS  TPK:  -1.4 dBFS
[Parsed_ebur128_0 @ 0x75bec0d2c0] t: 210.799979 TARGET:-23 LUFS    M: -17.7 S: -16.6     I: -16.2 LUFS       LRA:   2.9 LU  FTPK: -14.4 dBFS  TPK:  -1.4 dBFS
[Parsed_ebur128_0 @ 0x75bec0d2c0] t: 210.899979 TARGET:-23 LUFS    M: -18.0 S: -16.7     I: -16.2 LUFS       LRA:   2.9 LU  FTPK:  -9.2 dBFS  TPK:  -1.4 dBFS
[Parsed_ebur128_0 @ 0x75bec0d2c0] t: 210.999979 TARGET:-23 LUFS    M: -22.2 S: -16.9     I: -16.2 LUFS       LRA:   2.9 LU  FTPK: -47.5 dBFS  TPK:  -1.4 dBFS
[Parsed_ebur128_0 @ 0x75bec0d2c0] t: 211.099979 TARGET:-23 LUFS    M: -26.2 S: -17.0     I: -16.2 LUFS       LRA:   2.9 LU  FTPK: -45.6 dBFS  TPK:  -1.4 dBFS
[Parsed_ebur128_0 @ 0x75bec0d2c0] t: 211.199979 TARGET:-23 LUFS    M: -18.1 S: -16.7     I: -16.2 LUFS       LRA:   2.9 LU  FTPK:  -1.5 dBFS  TPK:  -1.4 dBFS
[Parsed_ebur128_0 @ 0x75bec0d2c0] t: 211.299979 TARGET:-23 LUFS    M: -15.5 S: -16.4     I: -16.2 LUFS       LRA:   2.9 LU  FTPK:  -2.4 dBFS  TPK:  -1.4 dBFS
[Parsed_ebur128_0 @ 0x75bec0d2c0] t: 211.399979 TARGET:-23 LUFS    M: -14.4 S: -16.2     I: -16.2 LUFS       LRA:   2.9 LU  FTPK:  -3.0 dBFS  TPK:  -1.4 dBFS
[Parsed_ebur128_0 @ 0x75bec0d2c0] t: 211.499979 TARGET:-23 LUFS    M: -13.3 S: -16.2     I: -16.2 LUFS       LRA:   2.9 LU  FTPK:  -3.0 dBFS  TPK:  -1.4 dBFS
[Parsed_ebur128_0 @ 0x75bec0d2c0] t: 211.599979 TARGET:-23 LUFS    M: -14.2 S: -16.2     I: -16.2 LUFS       LRA:   2.9 LU  FTPK:  -7.2 dBFS  TPK:  -1.4 dBFS
[Parsed_ebur128_0 @ 0x75bec0d2c0] t: 211.699979 TARGET:-23 LUFS    M: -15.8 S: -16.3     I: -16.2 LUFS       LRA:   2.9 LU  FTPK: -10.4 dBFS  TPK:  -1.4 dBFS
[Parsed_ebur128_0 @ 0x75bec0d2c0] t: 211.799979 TARGET:-23 LUFS    M: -14.9 S: -16.1     I: -16.2 LUFS       LRA:   2.9 LU  FTPK:  -1.5 dBFS  TPK:  -1.4 dBFS
[Parsed_ebur128_0 @ 0x75bec0d2c0] t: 211.899979 TARGET:-23 LUFS    M: -16.2 S: -16.2     I: -16.2 LUFS       LRA:   2.9 LU  FTPK:  -6.9 dBFS  TPK:  -1.4 dBFS
[Parsed_ebur128_0 @ 0x75bec0d2c0] t: 211.999979 TARGET:-23 LUFS    M: -16.2 S: -16.1     I: -16.2 LUFS       LRA:   2.9 LU  FTPK:  -6.6 dBFS  TPK:  -1.4 dBFS
[Parsed_ebur128_0 @ 0x75bec0d2c0] t: 212.099979 TARGET:-23 LUFS    M: -15.8 S: -16.1     I: -16.2 LUFS       LRA:   2.9 LU  FTPK:  -7.0 dBFS  TPK:  -1.4 dBFS
[Parsed_ebur128_0 @ 0x75bec0d2c0] t: 212.199979 TARGET:-23 LUFS    M: -17.0 S: -16.1     I: -16.2 LUFS       LRA:   2.9 LU  FTPK:  -6.0 dBFS  TPK:  -1.4 dBFS
[Parsed_ebur128_0 @ 0x75bec0d2c0] t: 212.299979 TARGET:-23 LUFS    M: -15.9 S: -16.1     I: -16.2 LUFS       LRA:   2.9 LU  FTPK:  -1.5 dBFS  TPK:  -1.4 dBFS
[Parsed_ebur128_0 @ 0x75bec0d2c0] t: 212.399979 TARGET:-23 LUFS    M: -14.1 S: -16.1     I: -16.2 LUFS       LRA:   2.9 LU  FTPK:  -1.8 dBFS  TPK:  -1.4 dBFS
[Parsed_ebur128_0 @ 0x75bec0d2c0] t: 212.499979 TARGET:-23 LUFS    M: -13.7 S: -15.9     I: -16.2 LUFS       LRA:   2.9 LU  FTPK:  -4.1 dBFS  TPK:  -1.4 dBFS
[Parsed_ebur128_0 @ 0x75bec0d2c0] t: 212.599979 TARGET:-23 LUFS    M: -14.5 S: -15.9     I: -16.2 LUFS       LRA:   2.9 LU  FTPK: -10.2 dBFS  TPK:  -1.4 dBFS
[Parsed_ebur128_0 @ 0x75bec0d2c0] t: 212.699979 TARGET:-23 LUFS    M: -15.6 S: -15.9     I: -16.2 LUFS       LRA:   2.9 LU  FTPK: -16.6 dBFS  TPK:  -1.4 dBFS
[Parsed_ebur128_0 @ 0x75bec0d2c0] t: 212.799979 TARGET:-23 LUFS    M: -20.0 S: -16.0     I: -16.2 LUFS       LRA:   2.9 LU  FTPK: -10.8 dBFS  TPK:  -1.4 dBFS
[Parsed_ebur128_0 @ 0x75bec0d2c0] t: 212.899979 TARGET:-23 LUFS    M: -21.4 S: -16.1     I: -16.2 LUFS       LRA:   2.9 LU  FTPK:  -5.4 dBFS  TPK:  -1.4 dBFS
[Parsed_ebur128_0 @ 0x75bec0d2c0] t: 212.999979 TARGET:-23 LUFS    M: -18.4 S: -16.2     I: -16.2 LUFS       LRA:   2.9 LU  FTPK:  -1.5 dBFS  TPK:  -1.4 dBFS
[Parsed_ebur128_0 @ 0x75bec0d2c0] t: 213.099979 TARGET:-23 LUFS    M: -18.4 S: -16.3     I: -16.2 LUFS       LRA:   2.9 LU  FTPK: -10.8 dBFS  TPK:  -1.4 dBFS
[Parsed_ebur128_0 @ 0x75bec0d2c0] t: 213.199979 TARGET:-23 LUFS    M: -15.2 S: -16.0     I: -16.2 LUFS       LRA:   2.9 LU  FTPK:  -1.5 dBFS  TPK:  -1.4 dBFS
[Parsed_ebur128_0 @ 0x75bec0d2c0] t: 213.299979 TARGET:-23 LUFS    M: -15.7 S: -16.2     I: -16.2 LUFS       LRA:   2.9 LU  FTPK:  -8.9 dBFS  TPK:  -1.4 dBFS
[Parsed_ebur128_0 @ 0x75bec0d2c0] t: 213.399979 TARGET:-23 LUFS    M: -17.0 S: -16.3     I: -16.2 LUFS       LRA:   2.9 LU  FTPK:  -9.8 dBFS  TPK:  -1.4 dBFS
[Parsed_ebur128_0 @ 0x75bec0d2c0] t: 213.499979 TARGET:-23 LUFS    M: -16.6 S: -16.3     I: -16.2 LUFS       LRA:   2.9 LU  FTPK:  -6.5 dBFS  TPK:  -1.4 dBFS
[Parsed_ebur128_0 @ 0x75bec0d2c0] t: 213.599979 TARGET:-23 LUFS    M: -19.2 S: -16.4     I: -16.2 LUFS       LRA:   2.9 LU  FTPK:  -5.1 dBFS  TPK:  -1.4 dBFS
[Parsed_ebur128_0 @ 0x75bec0d2c0] t: 213.699979 TARGET:-23 LUFS    M: -20.0 S: -16.5     I: -16.2 LUFS       LRA:   2.9 LU  FTPK: -11.5 dBFS  TPK:  -1.4 dBFS
[Parsed_ebur128_0 @ 0x75bec0d2c0] t: 213.799979 TARGET:-23 LUFS    M: -20.5 S: -16.5     I: -16.2 LUFS       LRA:   2.9 LU  FTPK: -15.0 dBFS  TPK:  -1.4 dBFS
[Parsed_ebur128_0 @ 0x75bec0d2c0] t: 213.899979 TARGET:-23 LUFS    M: -22.0 S: -16.5     I: -16.2 LUFS       LRA:   2.9 LU  FTPK: -54.3 dBFS  TPK:  -1.4 dBFS
[Parsed_ebur128_0 @ 0x75bec0d2c0] t: 213.999979 TARGET:-23 LUFS    M: -35.1 S: -16.5     I: -16.2 LUFS       LRA:   2.9 LU  FTPK: -59.4 dBFS  TPK:  -1.4 dBFS
[Parsed_ebur128_0 @ 0x75bec0d2c0] t: 214.099979 TARGET:-23 LUFS    M: -44.0 S: -16.5     I: -16.2 LUFS       LRA:   2.9 LU  FTPK: -70.7 dBFS  TPK:  -1.4 dBFS
[Parsed_ebur128_0 @ 0x75bec0d2c0] t: 214.199979 TARGET:-23 LUFS    M: -76.1 S: -16.9     I: -16.2 LUFS       LRA:   2.9 LU  FTPK: -70.8 dBFS  TPK:  -1.4 dBFS
[Parsed_silencedetect_1 @ 0x75bec0d380] silence_start: 213.750812
[Parsed_ebur128_0 @ 0x75bec0d2c0] t: 214.299979 TARGET:-23 LUFS    M: -84.3 S: -17.3     I: -16.2 LUFS       LRA:   2.9 LU  FTPK:  -inf dBFS  TPK:  -1.4 dBFS
[Parsed_ebur128_0 @ 0x75bec0d2c0] t: 214.399979 TARGET:-23 LUFS    M: -90.0 S: -17.6     I: -16.2 LUFS       LRA:   2.9 LU  FTPK:  -inf dBFS  TPK:  -1.4 dBFS
[Parsed_ebur128_0 @ 0x75bec0d2c0] t: 214.499979 TARGET:-23 LUFS    M: -99.6 S: -17.9     I: -16.2 LUFS       LRA:   2.9 LU  FTPK:  -inf dBFS  TPK:  -1.4 dBFS
[Parsed_ebur128_0 @ 0x75bec0d2c0] t: 214.599979 TARGET:-23 LUFS    M:-147.6 S: -18.1     I: -16.2 LUFS       LRA:   2.9 LU  FTPK:  -inf dBFS  TPK:  -1.4 dBFS
[Parsed_ebur128_0 @ 0x75bec0d2c0] t: 214.699979 TARGET:-23 LUFS    M: -85.2 S: -18.2     I: -16.2 LUFS       LRA:   2.9 LU  FTPK: -65.4 dBFS  TPK:  -1.4 dBFS
[Parsed_ebur128_0 @ 0x75bec0d2c0] t: 214.799979 TARGET:-23 LUFS    M: -25.6 S: -18.7     I: -16.2 LUFS       LRA:   2.9 LU  FTPK:  -3.4 dBFS  TPK:  -1.4 dBFS
[Parsed_silencedetect_1 @ 0x75bec0d380] silence_end: 214.74725 | silence_duration: 0.996437
[Parsed_ebur128_0 @ 0x75bec0d2c0] t: 214.899979 TARGET:-23 LUFS    M: -20.3 S: -18.5     I: -16.2 LUFS       LRA:   2.9 LU  FTPK:  -5.5 dBFS  TPK:  -1.4 dBFS
[Parsed_ebur128_0 @ 0x75bec0d2c0] t: 214.999979 TARGET:-23 LUFS    M: -16.9 S: -18.3     I: -16.2 LUFS       LRA:   2.9 LU  FTPK:  -1.5 dBFS  TPK:  -1.4 dBFS
[Parsed_ebur128_0 @ 0x75bec0d2c0] t: 215.099979 TARGET:-23 LUFS    M: -16.0 S: -18.3     I: -16.2 LUFS       LRA:   2.9 LU  FTPK:  -5.9 dBFS  TPK:  -1.4 dBFS
[Parsed_ebur128_0 @ 0x75bec0d2c0] t: 215.199979 TARGET:-23 LUFS    M: -15.1 S: -18.2     I: -16.2 LUFS       LRA:   2.9 LU  FTPK:  -1.5 dBFS  TPK:  -1.4 dBFS
[Parsed_ebur128_0 @ 0x75bec0d2c0] t: 215.299979 TARGET:-23 LUFS    M: -15.7 S: -18.5     I: -16.2 LUFS       LRA:   2.9 LU  FTPK:  -4.8 dBFS  TPK:  -1.4 dBFS
[Parsed_ebur128_0 @ 0x75bec0d2c0] t: 215.399979 TARGET:-23 LUFS    M: -17.5 S: -19.2     I: -16.2 LUFS       LRA:   2.9 LU  FTPK:  -6.8 dBFS  TPK:  -1.4 dBFS
[Parsed_ebur128_0 @ 0x75bec0d2c0] t: 215.499979 TARGET:-23 LUFS    M: -16.7 S: -19.2     I: -16.2 LUFS       LRA:   2.9 LU  FTPK:  -1.7 dBFS  TPK:  -1.4 dBFS
[Parsed_ebur128_0 @ 0x75bec0d2c0] t: 215.599979 TARGET:-23 LUFS    M: -16.3 S: -18.7     I: -16.2 LUFS       LRA:   2.9 LU  FTPK:  -2.2 dBFS  TPK:  -1.4 dBFS
[Parsed_ebur128_0 @ 0x75bec0d2c0] t: 215.699979 TARGET:-23 LUFS    M: -16.0 S: -18.6     I: -16.2 LUFS       LRA:   2.9 LU  FTPK:  -3.0 dBFS  TPK:  -1.4 dBFS
[Parsed_ebur128_0 @ 0x75bec0d2c0] t: 215.799979 TARGET:-23 LUFS    M: -14.5 S: -18.1     I: -16.2 LUFS       LRA:   2.9 LU  FTPK:  -1.6 dBFS  TPK:  -1.4 dBFS
[Parsed_ebur128_0 @ 0x75bec0d2c0] t: 215.899979 TARGET:-23 LUFS    M: -14.6 S: -18.0     I: -16.2 LUFS       LRA:   2.9 LU  FTPK:  -7.2 dBFS  TPK:  -1.4 dBFS
[Parsed_ebur128_0 @ 0x75bec0d2c0] t: 215.999979 TARGET:-23 LUFS    M: -13.2 S: -17.5     I: -16.2 LUFS       LRA:   2.9 LU  FTPK:  -1.5 dBFS  TPK:  -1.4 dBFS
[Parsed_ebur128_0 @ 0x75bec0d2c0] t: 216.099979 TARGET:-23 LUFS    M: -12.8 S: -17.2     I: -16.2 LUFS       LRA:   2.9 LU  FTPK:  -4.8 dBFS  TPK:  -1.4 dBFS
[Parsed_ebur128_0 @ 0x75bec0d2c0] t: 216.199979 TARGET:-23 LUFS    M: -12.6 S: -17.3     I: -16.2 LUFS       LRA:   2.9 LU  FTPK:  -2.3 dBFS  TPK:  -1.4 dBFS
[Parsed_ebur128_0 @ 0x75bec0d2c0] t: 216.299979 TARGET:-23 LUFS    M: -12.5 S: -17.0     I: -16.2 LUFS       LRA:   2.9 LU  FTPK:  -3.6 dBFS  TPK:  -1.4 dBFS
[Parsed_ebur128_0 @ 0x75bec0d2c0] t: 216.399979 TARGET:-23 LUFS    M: -14.7 S: -17.1     I: -16.2 LUFS       LRA:   2.9 LU  FTPK:  -7.1 dBFS  TPK:  -1.4 dBFS
[Parsed_ebur128_0 @ 0x75bec0d2c0] t: 216.499979 TARGET:-23 LUFS    M: -14.9 S: -16.9     I: -16.2 LUFS       LRA:   2.9 LU  FTPK:  -3.8 dBFS  TPK:  -1.4 dBFS
[Parsed_ebur128_0 @ 0x75bec0d2c0] t: 216.599979 TARGET:-23 LUFS    M: -17.2 S: -17.0     I: -16.2 LUFS       LRA:   2.9 LU  FTPK:  -6.2 dBFS  TPK:  -1.4 dBFS
[Parsed_ebur128_0 @ 0x75bec0d2c0] t: 216.699979 TARGET:-23 LUFS    M: -19.3 S: -17.0     I: -16.2 LUFS       LRA:   2.9 LU  FTPK:  -5.1 dBFS  TPK:  -1.4 dBFS
[Parsed_ebur128_0 @ 0x75bec0d2c0] t: 216.799979 TARGET:-23 LUFS    M: -17.3 S: -16.8     I: -16.2 LUFS       LRA:   2.9 LU  FTPK:  -3.3 dBFS  TPK:  -1.4 dBFS
[Parsed_ebur128_0 @ 0x75bec0d2c0] t: 216.899979 TARGET:-23 LUFS    M: -17.8 S: -16.6     I: -16.2 LUFS       LRA:   2.9 LU  FTPK:  -3.2 dBFS  TPK:  -1.4 dBFS
[Parsed_ebur128_0 @ 0x75bec0d2c0] t: 216.999979 TARGET:-23 LUFS    M: -16.4 S: -16.4     I: -16.2 LUFS       LRA:   2.9 LU  FTPK:  -2.7 dBFS  TPK:  -1.4 dBFS
[Parsed_ebur128_0 @ 0x75bec0d2c0] t: 217.099979 TARGET:-23 LUFS    M: -15.6 S: -16.3     I: -16.2 LUFS       LRA:   2.9 LU  FTPK:  -4.5 dBFS  TPK:  -1.4 dBFS
[Parsed_ebur128_0 @ 0x75bec0d2c0] t: 217.199979 TARGET:-23 LUFS    M: -16.7 S: -16.2     I: -16.2 LUFS       LRA:   2.9 LU  FTPK:  -8.3 dBFS  TPK:  -1.4 dBFS
[Parsed_ebur128_0 @ 0x75bec0d2c0] t: 217.299979 TARGET:-23 LUFS    M: -15.5 S: -15.9     I: -16.2 LUFS       LRA:   2.9 LU  FTPK:  -2.5 dBFS  TPK:  -1.4 dBFS
[Parsed_ebur128_0 @ 0x75bec0d2c0] t: 217.399979 TARGET:-23 LUFS    M: -15.9 S: -15.8     I: -16.2 LUFS       LRA:   2.9 LU  FTPK:  -5.5 dBFS  TPK:  -1.4 dBFS
[Parsed_ebur128_0 @ 0x75bec0d2c0] t: 217.499979 TARGET:-23 LUFS    M: -14.5 S: -15.5     I: -16.2 LUFS       LRA:   2.9 LU  FTPK:  -3.3 dBFS  TPK:  -1.4 dBFS
[Parsed_ebur128_0 @ 0x75bec0d2c0] t: 217.599979 TARGET:-23 LUFS    M: -14.1 S: -15.4     I: -16.2 LUFS       LRA:   2.9 LU  FTPK:  -7.0 dBFS  TPK:  -1.4 dBFS
[Parsed_ebur128_0 @ 0x75bec0d2c0] t: 217.699979 TARGET:-23 LUFS    M: -15.3 S: -15.3     I: -16.2 LUFS       LRA:   2.9 LU  FTPK:  -5.7 dBFS  TPK:  -1.4 dBFS
[Parsed_ebur128_0 @ 0x75bec0d2c0] t: 217.799979 TARGET:-23 LUFS    M: -15.3 S: -15.3     I: -16.2 LUFS       LRA:   2.9 LU  FTPK:  -3.7 dBFS  TPK:  -1.4 dBFS
[Parsed_ebur128_0 @ 0x75bec0d2c0] t: 217.899979 TARGET:-23 LUFS    M: -16.0 S: -15.2     I: -16.2 LUFS       LRA:   2.9 LU  FTPK:  -1.6 dBFS  TPK:  -1.4 dBFS
[Parsed_ebur128_0 @ 0x75bec0d2c0] t: 217.999979 TARGET:-23 LUFS    M: -15.2 S: -15.2     I: -16.2 LUFS       LRA:   2.9 LU  FTPK:  -4.0 dBFS  TPK:  -1.4 dBFS
[Parsed_ebur128_0 @ 0x75bec0d2c0] t: 218.099979 TARGET:-23 LUFS    M: -15.6 S: -15.3     I: -16.2 LUFS       LRA:   2.9 LU  FTPK:  -7.5 dBFS  TPK:  -1.4 dBFS
[Parsed_ebur128_0 @ 0x75bec0d2c0] t: 218.199979 TARGET:-23 LUFS    M: -16.2 S: -15.4     I: -16.2 LUFS       LRA:   2.9 LU  FTPK:  -8.7 dBFS  TPK:  -1.4 dBFS
[Parsed_ebur128_0 @ 0x75bec0d2c0] t: 218.299979 TARGET:-23 LUFS    M: -17.8 S: -15.4     I: -16.2 LUFS       LRA:   2.9 LU  FTPK:  -7.7 dBFS  TPK:  -1.4 dBFS
[Parsed_ebur128_0 @ 0x75bec0d2c0] t: 218.399979 TARGET:-23 LUFS    M: -20.2 S: -15.4     I: -16.2 LUFS       LRA:   2.9 LU  FTPK:  -7.1 dBFS  TPK:  -1.4 dBFS
[Parsed_ebur128_0 @ 0x75bec0d2c0] t: 218.499979 TARGET:-23 LUFS    M: -17.9 S: -15.4     I: -16.2 LUFS       LRA:   2.9 LU  FTPK:  -1.5 dBFS  TPK:  -1.4 dBFS
[Parsed_ebur128_0 @ 0x75bec0d2c0] t: 218.599979 TARGET:-23 LUFS    M: -16.9 S: -15.5     I: -16.2 LUFS       LRA:   2.9 LU  FTPK:  -2.4 dBFS  TPK:  -1.4 dBFS
[Parsed_ebur128_0 @ 0x75bec0d2c0] t: 218.699979 TARGET:-23 LUFS    M: -16.7 S: -15.4     I: -16.2 LUFS       LRA:   2.9 LU  FTPK:  -5.2 dBFS  TPK:  -1.4 dBFS
[Parsed_ebur128_0 @ 0x75bec0d2c0] t: 218.799979 TARGET:-23 LUFS    M: -16.2 S: -15.6     I: -16.2 LUFS       LRA:   2.9 LU  FTPK:  -4.2 dBFS  TPK:  -1.4 dBFS
[Parsed_ebur128_0 @ 0x75bec0d2c0] t: 218.899979 TARGET:-23 LUFS    M: -17.6 S: -15.7     I: -16.2 LUFS       LRA:   2.9 LU  FTPK:  -7.9 dBFS  TPK:  -1.4 dBFS
[Parsed_ebur128_0 @ 0x75bec0d2c0] t: 218.999979 TARGET:-23 LUFS    M: -17.9 S: -16.1     I: -16.2 LUFS       LRA:   2.9 LU  FTPK:  -6.8 dBFS  TPK:  -1.4 dBFS
[Parsed_ebur128_0 @ 0x75bec0d2c0] t: 219.099979 TARGET:-23 LUFS    M: -18.0 S: -16.2     I: -16.2 LUFS       LRA:   2.9 LU  FTPK:  -3.8 dBFS  TPK:  -1.4 dBFS
[Parsed_ebur128_0 @ 0x75bec0d2c0] t: 219.199979 TARGET:-23 LUFS    M: -17.5 S: -16.4     I: -16.2 LUFS       LRA:   2.9 LU  FTPK:  -4.2 dBFS  TPK:  -1.4 dBFS
[Parsed_ebur128_0 @ 0x75bec0d2c0] t: 219.299979 TARGET:-23 LUFS    M: -17.6 S: -16.7     I: -16.2 LUFS       LRA:   2.9 LU  FTPK: -12.4 dBFS  TPK:  -1.4 dBFS
[Parsed_ebur128_0 @ 0x75bec0d2c0] t: 219.399979 TARGET:-23 LUFS    M: -18.7 S: -16.7     I: -16.2 LUFS       LRA:   2.9 LU  FTPK: -14.7 dBFS  TPK:  -1.4 dBFS
[Parsed_ebur128_0 @ 0x75bec0d2c0] t: 219.499979 TARGET:-23 LUFS    M: -20.9 S: -16.9     I: -16.2 LUFS       LRA:   2.9 LU  FTPK: -52.6 dBFS  TPK:  -1.4 dBFS
[Parsed_ebur128_0 @ 0x75bec0d2c0] t: 219.599979 TARGET:-23 LUFS    M: -29.1 S: -16.9     I: -16.2 LUFS       LRA:   2.9 LU  FTPK: -64.8 dBFS  TPK:  -1.4 dBFS
[Parsed_ebur128_0 @ 0x75bec0d2c0] t: 219.699979 TARGET:-23 LUFS    M: -40.5 S: -17.0     I: -16.2 LUFS       LRA:   2.9 LU  FTPK:  -inf dBFS  TPK:  -1.4 dBFS
[Parsed_ebur128_0 @ 0x75bec0d2c0] t: 219.799979 TARGET:-23 LUFS    M: -75.6 S: -17.2     I: -16.2 LUFS       LRA:   2.9 LU  FTPK:  -inf dBFS  TPK:  -1.4 dBFS
[Parsed_silencedetect_1 @ 0x75bec0d380] silence_start: 219.374646
[Parsed_ebur128_0 @ 0x75bec0d2c0] t: 219.899979 TARGET:-23 LUFS    M: -90.3 S: -17.4     I: -16.2 LUFS       LRA:   2.9 LU  FTPK:  -inf dBFS  TPK:  -1.4 dBFS
[Parsed_ebur128_0 @ 0x75bec0d2c0] t: 219.999979 TARGET:-23 LUFS    M:-146.9 S: -17.6     I: -16.2 LUFS       LRA:   2.9 LU  FTPK:  -inf dBFS  TPK:  -1.4 dBFS
[Parsed_ebur128_0 @ 0x75bec0d2c0] t: 220.099979 TARGET:-23 LUFS    M:-146.9 S: -17.9     I: -16.2 LUFS       LRA:   2.9 LU  FTPK:  -inf dBFS  TPK:  -1.4 dBFS
[Parsed_ebur128_0 @ 0x75bec0d2c0] t: 220.199979 TARGET:-23 LUFS    M:-146.9 S: -17.9     I: -16.2 LUFS       LRA:   2.9 LU  FTPK:  -inf dBFS  TPK:  -1.4 dBFS
[Parsed_ebur128_0 @ 0x75bec0d2c0] t: 220.299979 TARGET:-23 LUFS    M: -95.1 S: -18.4     I: -16.2 LUFS       LRA:   2.9 LU  FTPK: -68.8 dBFS  TPK:  -1.4 dBFS
[Parsed_ebur128_0 @ 0x75bec0d2c0] t: 220.399979 TARGET:-23 LUFS    M: -33.9 S: -18.6     I: -16.2 LUFS       LRA:   2.9 LU  FTPK:  -7.6 dBFS  TPK:  -1.4 dBFS
[Parsed_silencedetect_1 @ 0x75bec0d380] silence_end: 220.376146 | silence_duration: 1.0015
[Parsed_ebur128_0 @ 0x75bec0d2c0] t: 220.499979 TARGET:-23 LUFS    M: -19.7 S: -18.9     I: -16.2 LUFS       LRA:   2.9 LU  FTPK:  -2.9 dBFS  TPK:  -1.4 dBFS
[Parsed_ebur128_0 @ 0x75bec0d2c0] t: 220.599979 TARGET:-23 LUFS    M: -19.2 S: -19.0     I: -16.2 LUFS       LRA:   2.9 LU  FTPK:  -9.6 dBFS  TPK:  -1.4 dBFS
[Parsed_ebur128_0 @ 0x75bec0d2c0] t: 220.699979 TARGET:-23 LUFS    M: -16.1 S: -18.6     I: -16.2 LUFS       LRA:   2.9 LU  FTPK:  -2.4 dBFS  TPK:  -1.4 dBFS
[Parsed_ebur128_0 @ 0x75bec0d2c0] t: 220.799979 TARGET:-23 LUFS    M: -14.4 S: -18.3     I: -16.2 LUFS       LRA:   2.9 LU  FTPK:  -4.1 dBFS  TPK:  -1.4 dBFS
[Parsed_ebur128_0 @ 0x75bec0d2c0] t: 220.899979 TARGET:-23 LUFS    M: -14.8 S: -18.5     I: -16.2 LUFS       LRA:   2.9 LU  FTPK:  -3.5 dBFS  TPK:  -1.4 dBFS
[Parsed_ebur128_0 @ 0x75bec0d2c0] t: 220.999979 TARGET:-23 LUFS    M: -14.8 S: -18.9     I: -16.2 LUFS       LRA:   2.9 LU  FTPK:  -9.4 dBFS  TPK:  -1.4 dBFS
[Parsed_ebur128_0 @ 0x75bec0d2c0] t: 221.099979 TARGET:-23 LUFS    M: -15.4 S: -18.5     I: -16.2 LUFS       LRA:   2.9 LU  FTPK:  -3.6 dBFS  TPK:  -1.4 dBFS
[Parsed_ebur128_0 @ 0x75bec0d2c0] t: 221.199979 TARGET:-23 LUFS    M: -16.7 S: -18.4     I: -16.2 LUFS       LRA:   2.9 LU  FTPK:  -4.4 dBFS  TPK:  -1.4 dBFS
[Parsed_ebur128_0 @ 0x75bec0d2c0] t: 221.299979 TARGET:-23 LUFS    M: -16.6 S: -18.3     I: -16.2 LUFS       LRA:   2.9 LU  FTPK:  -2.2 dBFS  TPK:  -1.4 dBFS
[Parsed_ebur128_0 @ 0x75bec0d2c0] t: 221.399979 TARGET:-23 LUFS    M: -15.2 S: -18.0     I: -16.2 LUFS       LRA:   2.9 LU  FTPK:  -3.3 dBFS  TPK:  -1.4 dBFS
[Parsed_ebur128_0 @ 0x75bec0d2c0] t: 221.499979 TARGET:-23 LUFS    M: -16.3 S: -18.3     I: -16.2 LUFS       LRA:   2.9 LU  FTPK:  -8.9 dBFS  TPK:  -1.4 dBFS
[Parsed_ebur128_0 @ 0x75bec0d2c0] t: 221.599979 TARGET:-23 LUFS    M: -16.7 S: -18.4     I: -16.2 LUFS       LRA:   2.9 LU  FTPK:  -9.8 dBFS  TPK:  -1.4 dBFS
[Parsed_ebur128_0 @ 0x75bec0d2c0] t: 221.699979 TARGET:-23 LUFS    M: -18.0 S: -18.5     I: -16.2 LUFS       LRA:   2.9 LU  FTPK:  -7.8 dBFS  TPK:  -1.4 dBFS
[Parsed_ebur128_0 @ 0x75bec0d2c0] t: 221.799979 TARGET:-23 LUFS    M: -21.1 S: -18.7     I: -16.2 LUFS       LRA:   2.9 LU  FTPK:  -6.4 dBFS  TPK:  -1.4 dBFS
[Parsed_ebur128_0 @ 0x75bec0d2c0] t: 221.899979 TARGET:-23 LUFS    M: -21.2 S: -18.6     I: -16.2 LUFS       LRA:   3.0 LU  FTPK:  -5.8 dBFS  TPK:  -1.4 dBFS
[Parsed_ebur128_0 @ 0x75bec0d2c0] t: 221.999979 TARGET:-23 LUFS    M: -22.3 S: -18.8     I: -16.2 LUFS       LRA:   3.0 LU  FTPK: -12.9 dBFS  TPK:  -1.4 dBFS
[Parsed_ebur128_0 @ 0x75bec0d2c0] t: 222.099979 TARGET:-23 LUFS    M: -18.6 S: -18.6     I: -16.2 LUFS       LRA:   3.0 LU  FTPK:  -1.5 dBFS  TPK:  -1.4 dBFS
[Parsed_ebur128_0 @ 0x75bec0d2c0] t: 222.199979 TARGET:-23 LUFS    M: -18.9 S: -18.9     I: -16.2 LUFS       LRA:   3.0 LU  FTPK:  -6.8 dBFS  TPK:  -1.4 dBFS
[Parsed_ebur128_0 @ 0x75bec0d2c0] t: 222.299979 TARGET:-23 LUFS    M: -16.6 S: -18.5     I: -16.2 LUFS       LRA:   3.0 LU  FTPK:  -1.5 dBFS  TPK:  -1.4 dBFS
[Parsed_ebur128_0 @ 0x75bec0d2c0] t: 222.399979 TARGET:-23 LUFS    M: -15.7 S: -18.3     I: -16.2 LUFS       LRA:   3.0 LU  FTPK:  -4.0 dBFS  TPK:  -1.4 dBFS
[Parsed_ebur128_0 @ 0x75bec0d2c0] t: 222.499979 TARGET:-23 LUFS    M: -17.3 S: -18.2     I: -16.2 LUFS       LRA:   3.0 LU  FTPK: -10.1 dBFS  TPK:  -1.4 dBFS
[Parsed_ebur128_0 @ 0x75bec0d2c0] t: 222.599979 TARGET:-23 LUFS    M: -17.3 S: -18.2     I: -16.2 LUFS       LRA:   3.0 LU  FTPK: -11.3 dBFS  TPK:  -1.4 dBFS
[Parsed_ebur128_0 @ 0x75bec0d2c0] t: 222.699979 TARGET:-23 LUFS    M: -17.5 S: -17.8     I: -16.2 LUFS       LRA:   3.0 LU  FTPK:  -4.3 dBFS  TPK:  -1.4 dBFS
[Parsed_ebur128_0 @ 0x75bec0d2c0] t: 222.799979 TARGET:-23 LUFS    M: -17.2 S: -17.6     I: -16.2 LUFS       LRA:   3.0 LU  FTPK:  -4.9 dBFS  TPK:  -1.4 dBFS
[Parsed_ebur128_0 @ 0x75bec0d2c0] t: 222.899979 TARGET:-23 LUFS    M: -16.3 S: -17.4     I: -16.2 LUFS       LRA:   3.0 LU  FTPK:  -5.7 dBFS  TPK:  -1.4 dBFS
[Parsed_ebur128_0 @ 0x75bec0d2c0] t: 222.999979 TARGET:-23 LUFS    M: -16.2 S: -17.3     I: -16.2 LUFS       LRA:   3.0 LU  FTPK:  -6.0 dBFS  TPK:  -1.4 dBFS
[Parsed_ebur128_0 @ 0x75bec0d2c0] t: 223.099979 TARGET:-23 LUFS    M: -16.6 S: -17.1     I: -16.2 LUFS       LRA:   3.0 LU  FTPK:  -2.8 dBFS  TPK:  -1.4 dBFS
[Parsed_ebur128_0 @ 0x75bec0d2c0] t: 223.199979 TARGET:-23 LUFS    M: -16.4 S: -16.9     I: -16.2 LUFS       LRA:   3.0 LU  FTPK:  -3.4 dBFS  TPK:  -1.4 dBFS
[Parsed_ebur128_0 @ 0x75bec0d2c0] t: 223.299979 TARGET:-23 LUFS    M: -14.6 S: -16.4     I: -16.2 LUFS       LRA:   2.9 LU  FTPK:  -1.5 dBFS  TPK:  -1.4 dBFS
[Parsed_ebur128_0 @ 0x75bec0d2c0] t: 223.399979 TARGET:-23 LUFS    M: -14.4 S: -16.3     I: -16.2 LUFS       LRA:   2.9 LU  FTPK:  -6.3 dBFS  TPK:  -1.4 dBFS
[Parsed_ebur128_0 @ 0x75bec0d2c0] t: 223.499979 TARGET:-23 LUFS    M: -15.4 S: -16.6     I: -16.2 LUFS       LRA:   2.9 LU  FTPK: -12.6 dBFS  TPK:  -1.4 dBFS
[Parsed_ebur128_0 @ 0x75bec0d2c0] t: 223.599979 TARGET:-23 LUFS    M: -16.7 S: -16.6     I: -16.2 LUFS       LRA:   2.9 LU  FTPK: -17.4 dBFS  TPK:  -1.4 dBFS
[Parsed_ebur128_0 @ 0x75bec0d2c0] t: 223.699979 TARGET:-23 LUFS    M: -24.1 S: -17.0     I: -16.2 LUFS       LRA:   2.9 LU  FTPK: -38.1 dBFS  TPK:  -1.4 dBFS
[Parsed_ebur128_0 @ 0x75bec0d2c0] t: 223.799979 TARGET:-23 LUFS    M: -31.8 S: -17.3     I: -16.2 LUFS       LRA:   2.9 LU  FTPK: -65.6 dBFS  TPK:  -1.4 dBFS
[Parsed_ebur128_0 @ 0x75bec0d2c0] t: 223.899979 TARGET:-23 LUFS    M: -36.5 S: -17.5     I: -16.2 LUFS       LRA:   2.9 LU  FTPK: -187.1 dBFS  TPK:  -1.4 dBFS
[Parsed_ebur128_0 @ 0x75bec0d2c0] t: 223.999979 TARGET:-23 LUFS    M: -60.5 S: -17.6     I: -16.2 LUFS       LRA:   2.9 LU  FTPK:  -inf dBFS  TPK:  -1.4 dBFS
[Parsed_ebur128_0 @ 0x75bec0d2c0] t: 224.099979 TARGET:-23 LUFS    M: -86.3 S: -17.9     I: -16.2 LUFS       LRA:   2.9 LU  FTPK:  -inf dBFS  TPK:  -1.4 dBFS
[Parsed_silencedetect_1 @ 0x75bec0d380] silence_start: 223.613229
[Parsed_ebur128_0 @ 0x75bec0d2c0] t: 224.199979 TARGET:-23 LUFS    M:-147.8 S: -18.0     I: -16.2 LUFS       LRA:   2.9 LU  FTPK:  -inf dBFS  TPK:  -1.4 dBFS
[Parsed_ebur128_0 @ 0x75bec0d2c0] t: 224.299979 TARGET:-23 LUFS    M:-147.8 S: -18.3     I: -16.2 LUFS       LRA:   2.9 LU  FTPK:  -inf dBFS  TPK:  -1.4 dBFS
[Parsed_ebur128_0 @ 0x75bec0d2c0] t: 224.399979 TARGET:-23 LUFS    M:-147.8 S: -18.7     I: -16.2 LUFS       LRA:   2.9 LU  FTPK:  -inf dBFS  TPK:  -1.4 dBFS
[Parsed_ebur128_0 @ 0x75bec0d2c0] t: 224.499979 TARGET:-23 LUFS    M:-147.4 S: -18.8     I: -16.2 LUFS       LRA:   2.9 LU  FTPK: -131.9 dBFS  TPK:  -1.4 dBFS
[Parsed_ebur128_0 @ 0x75bec0d2c0] t: 224.599979 TARGET:-23 LUFS    M: -83.3 S: -18.9     I: -16.2 LUFS       LRA:   2.9 LU  FTPK: -64.5 dBFS  TPK:  -1.4 dBFS
[Parsed_ebur128_0 @ 0x75bec0d2c0] t: 224.699979 TARGET:-23 LUFS    M: -19.7 S: -18.5     I: -16.2 LUFS       LRA:   2.9 LU  FTPK:  -1.5 dBFS  TPK:  -1.4 dBFS
[Parsed_silencedetect_1 @ 0x75bec0d380] silence_end: 224.620062 | silence_duration: 1.006833
[Parsed_ebur128_0 @ 0x75bec0d2c0] t: 224.799979 TARGET:-23 LUFS    M: -15.2 S: -17.9     I: -16.2 LUFS       LRA:   2.9 LU  FTPK:  -1.5 dBFS  TPK:  -1.4 dBFS
[Parsed_ebur128_0 @ 0x75bec0d2c0] t: 224.899979 TARGET:-23 LUFS    M: -14.3 S: -17.7     I: -16.2 LUFS       LRA:   2.9 LU  FTPK:  -4.1 dBFS  TPK:  -1.4 dBFS
[Parsed_ebur128_0 @ 0x75bec0d2c0] t: 224.999979 TARGET:-23 LUFS    M: -12.8 S: -17.2     I: -16.2 LUFS       LRA:   2.9 LU  FTPK:  -1.8 dBFS  TPK:  -1.4 dBFS
[Parsed_ebur128_0 @ 0x75bec0d2c0] t: 225.099979 TARGET:-23 LUFS    M: -13.4 S: -17.4     I: -16.2 LUFS       LRA:   2.9 LU  FTPK:  -8.6 dBFS  TPK:  -1.4 dBFS
[Parsed_ebur128_0 @ 0x75bec0d2c0] t: 225.199979 TARGET:-23 LUFS    M: -15.2 S: -17.3     I: -16.2 LUFS       LRA:   2.9 LU  FTPK:  -8.3 dBFS  TPK:  -1.4 dBFS
[Parsed_ebur128_0 @ 0x75bec0d2c0] t: 225.299979 TARGET:-23 LUFS    M: -14.8 S: -17.3     I: -16.2 LUFS       LRA:   2.9 LU  FTPK:  -1.5 dBFS  TPK:  -1.4 dBFS
[Parsed_ebur128_0 @ 0x75bec0d2c0] t: 225.399979 TARGET:-23 LUFS    M: -15.5 S: -17.2     I: -16.2 LUFS       LRA:   2.9 LU  FTPK:  -3.2 dBFS  TPK:  -1.4 dBFS
[Parsed_ebur128_0 @ 0x75bec0d2c0] t: 225.499979 TARGET:-23 LUFS    M: -15.1 S: -17.0     I: -16.2 LUFS       LRA:   2.9 LU  FTPK:  -1.5 dBFS  TPK:  -1.4 dBFS
[Parsed_ebur128_0 @ 0x75bec0d2c0] t: 225.599979 TARGET:-23 LUFS    M: -14.6 S: -16.8     I: -16.2 LUFS       LRA:   2.9 LU  FTPK:  -1.9 dBFS  TPK:  -1.4 dBFS
[Parsed_ebur128_0 @ 0x75bec0d2c0] t: 225.699979 TARGET:-23 LUFS    M: -14.9 S: -16.9     I: -16.2 LUFS       LRA:   2.9 LU  FTPK:  -3.9 dBFS  TPK:  -1.4 dBFS
[Parsed_ebur128_0 @ 0x75bec0d2c0] t: 225.799979 TARGET:-23 LUFS    M: -15.8 S: -17.0     I: -16.2 LUFS       LRA:   2.9 LU  FTPK:  -6.8 dBFS  TPK:  -1.4 dBFS
[Parsed_ebur128_0 @ 0x75bec0d2c0] t: 225.899979 TARGET:-23 LUFS    M: -16.6 S: -17.1     I: -16.2 LUFS       LRA:   2.9 LU  FTPK:  -8.4 dBFS  TPK:  -1.4 dBFS
[Parsed_ebur128_0 @ 0x75bec0d2c0] t: 225.999979 TARGET:-23 LUFS    M: -17.6 S: -17.0     I: -16.2 LUFS       LRA:   2.9 LU  FTPK:  -4.2 dBFS  TPK:  -1.4 dBFS
[Parsed_ebur128_0 @ 0x75bec0d2c0] t: 226.099979 TARGET:-23 LUFS    M: -17.2 S: -17.0     I: -16.2 LUFS       LRA:   2.9 LU  FTPK:  -1.5 dBFS  TPK:  -1.4 dBFS
[Parsed_ebur128_0 @ 0x75bec0d2c0] t: 226.199979 TARGET:-23 LUFS    M: -17.1 S: -17.1     I: -16.2 LUFS       LRA:   2.9 LU  FTPK:  -5.1 dBFS  TPK:  -1.4 dBFS
[Parsed_ebur128_0 @ 0x75bec0d2c0] t: 226.299979 TARGET:-23 LUFS    M: -16.8 S: -17.5     I: -16.2 LUFS       LRA:   2.9 LU  FTPK:  -2.7 dBFS  TPK:  -1.4 dBFS
[Parsed_ebur128_0 @ 0x75bec0d2c0] t: 226.399979 TARGET:-23 LUFS    M: -16.7 S: -17.5     I: -16.2 LUFS       LRA:   2.9 LU  FTPK:  -9.4 dBFS  TPK:  -1.4 dBFS
[Parsed_ebur128_0 @ 0x75bec0d2c0] t: 226.499979 TARGET:-23 LUFS    M: -16.7 S: -17.2     I: -16.2 LUFS       LRA:   2.9 LU  FTPK:  -3.0 dBFS  TPK:  -1.4 dBFS
[Parsed_ebur128_0 @ 0x75bec0d2c0] t: 226.599979 TARGET:-23 LUFS    M: -13.7 S: -16.5     I: -16.2 LUFS       LRA:   2.9 LU  FTPK:  -1.5 dBFS  TPK:  -1.4 dBFS
[Parsed_ebur128_0 @ 0x75bec0d2c0] t: 226.699979 TARGET:-23 LUFS    M: -14.0 S: -16.4     I: -16.2 LUFS       LRA:   2.9 LU  FTPK: -11.2 dBFS  TPK:  -1.4 dBFS
[Parsed_ebur128_0 @ 0x75bec0d2c0] t: 226.799979 TARGET:-23 LUFS    M: -14.2 S: -16.4     I: -16.2 LUFS       LRA:   2.9 LU  FTPK: -10.5 dBFS  TPK:  -1.4 dBFS
[Parsed_ebur128_0 @ 0x75bec0d2c0] t: 226.899979 TARGET:-23 LUFS    M: -15.5 S: -16.4     I: -16.2 LUFS       LRA:   2.9 LU  FTPK: -13.1 dBFS  TPK:  -1.4 dBFS
[Parsed_ebur128_0 @ 0x75bec0d2c0] t: 226.999979 TARGET:-23 LUFS    M: -26.0 S: -16.4     I: -16.2 LUFS       LRA:   2.9 LU  FTPK: -38.4 dBFS  TPK:  -1.4 dBFS
[Parsed_ebur128_0 @ 0x75bec0d2c0] t: 227.099979 TARGET:-23 LUFS    M: -28.3 S: -16.4     I: -16.2 LUFS       LRA:   2.9 LU  FTPK: -38.8 dBFS  TPK:  -1.4 dBFS
[Parsed_ebur128_0 @ 0x75bec0d2c0] t: 227.199979 TARGET:-23 LUFS    M: -22.8 S: -16.3     I: -16.2 LUFS       LRA:   2.9 LU  FTPK:  -2.8 dBFS  TPK:  -1.4 dBFS
[Parsed_ebur128_0 @ 0x75bec0d2c0] t: 227.299979 TARGET:-23 LUFS    M: -16.8 S: -15.9     I: -16.2 LUFS       LRA:   2.9 LU  FTPK:  -1.7 dBFS  TPK:  -1.4 dBFS
[Parsed_ebur128_0 @ 0x75bec0d2c0] t: 227.399979 TARGET:-23 LUFS    M: -16.7 S: -15.9     I: -16.2 LUFS       LRA:   2.9 LU  FTPK: -10.8 dBFS  TPK:  -1.4 dBFS
[Parsed_ebur128_0 @ 0x75bec0d2c0] t: 227.499979 TARGET:-23 LUFS    M: -13.9 S: -15.5     I: -16.2 LUFS       LRA:   2.9 LU  FTPK:  -2.0 dBFS  TPK:  -1.4 dBFS
[Parsed_ebur128_0 @ 0x75bec0d2c0] t: 227.599979 TARGET:-23 LUFS    M: -13.4 S: -15.3     I: -16.2 LUFS       LRA:   2.9 LU  FTPK:  -3.2 dBFS  TPK:  -1.4 dBFS
[Parsed_ebur128_0 @ 0x75bec0d2c0] t: 227.699979 TARGET:-23 LUFS    M: -14.7 S: -15.4     I: -16.2 LUFS       LRA:   3.0 LU  FTPK:  -5.9 dBFS  TPK:  -1.4 dBFS
[Parsed_ebur128_0 @ 0x75bec0d2c0] t: 227.799979 TARGET:-23 LUFS    M: -13.6 S: -15.6     I: -16.2 LUFS       LRA:   3.0 LU  FTPK:  -1.5 dBFS  TPK:  -1.4 dBFS
[Parsed_ebur128_0 @ 0x75bec0d2c0] t: 227.899979 TARGET:-23 LUFS    M: -16.0 S: -15.7     I: -16.2 LUFS       LRA:   3.0 LU  FTPK: -13.0 dBFS  TPK:  -1.4 dBFS
[Parsed_ebur128_0 @ 0x75bec0d2c0] t: 227.999979 TARGET:-23 LUFS    M: -15.7 S: -15.8     I: -16.2 LUFS       LRA:   3.0 LU  FTPK:  -1.5 dBFS  TPK:  -1.4 dBFS
[Parsed_ebur128_0 @ 0x75bec0d2c0] t: 228.099979 TARGET:-23 LUFS    M: -14.5 S: -15.6     I: -16.2 LUFS       LRA:   3.0 LU  FTPK:  -4.4 dBFS  TPK:  -1.4 dBFS
size=N/A time=00:03:48.10 bitrate=N/A speed= 452x elapsed=0:00:00.50    [Parsed_ebur128_0 @ 0x75bec0d2c0] t: 228.199979 TARGET:-23 LUFS    M: -15.0 S: -15.6     I: -16.2 LUFS       LRA:   3.0 LU  FTPK:  -5.2 dBFS  TPK:  -1.4 dBFS
[Parsed_ebur128_0 @ 0x75bec0d2c0] t: 228.299979 TARGET:-23 LUFS    M: -14.6 S: -15.7     I: -16.2 LUFS       LRA:   3.0 LU  FTPK:  -1.5 dBFS  TPK:  -1.4 dBFS
[Parsed_ebur128_0 @ 0x75bec0d2c0] t: 228.399979 TARGET:-23 LUFS    M: -15.5 S: -15.8     I: -16.2 LUFS       LRA:   3.0 LU  FTPK:  -1.9 dBFS  TPK:  -1.4 dBFS
[Parsed_ebur128_0 @ 0x75bec0d2c0] t: 228.499979 TARGET:-23 LUFS    M: -16.2 S: -15.8     I: -16.2 LUFS       LRA:   3.0 LU  FTPK:  -3.2 dBFS  TPK:  -1.4 dBFS
[Parsed_ebur128_0 @ 0x75bec0d2c0] t: 228.599979 TARGET:-23 LUFS    M: -17.0 S: -15.9     I: -16.2 LUFS       LRA:   3.0 LU  FTPK:  -5.8 dBFS  TPK:  -1.4 dBFS
[Parsed_ebur128_0 @ 0x75bec0d2c0] t: 228.699979 TARGET:-23 LUFS    M: -17.7 S: -16.1     I: -16.2 LUFS       LRA:   2.9 LU  FTPK: -10.0 dBFS  TPK:  -1.4 dBFS
[Parsed_ebur128_0 @ 0x75bec0d2c0] t: 228.799979 TARGET:-23 LUFS    M: -18.9 S: -16.1     I: -16.2 LUFS       LRA:   2.9 LU  FTPK:  -9.4 dBFS  TPK:  -1.4 dBFS
[Parsed_ebur128_0 @ 0x75bec0d2c0] t: 228.899979 TARGET:-23 LUFS    M: -22.6 S: -16.1     I: -16.2 LUFS       LRA:   2.9 LU  FTPK:  -8.0 dBFS  TPK:  -1.4 dBFS
[Parsed_ebur128_0 @ 0x75bec0d2c0] t: 228.999979 TARGET:-23 LUFS    M: -20.1 S: -16.1     I: -16.2 LUFS       LRA:   2.9 LU  FTPK:  -5.3 dBFS  TPK:  -1.4 dBFS
[Parsed_ebur128_0 @ 0x75bec0d2c0] t: 229.099979 TARGET:-23 LUFS    M: -16.9 S: -16.0     I: -16.2 LUFS       LRA:   2.9 LU  FTPK:  -3.7 dBFS  TPK:  -1.4 dBFS
[Parsed_ebur128_0 @ 0x75bec0d2c0] t: 229.199979 TARGET:-23 LUFS    M: -15.3 S: -15.9     I: -16.2 LUFS       LRA:   2.9 LU  FTPK:  -3.8 dBFS  TPK:  -1.4 dBFS
[Parsed_ebur128_0 @ 0x75bec0d2c0] t: 229.299979 TARGET:-23 LUFS    M: -13.7 S: -15.6     I: -16.2 LUFS       LRA:   2.9 LU  FTPK:  -1.7 dBFS  TPK:  -1.4 dBFS
[Parsed_ebur128_0 @ 0x75bec0d2c0] t: 229.399979 TARGET:-23 LUFS    M: -13.2 S: -15.5     I: -16.2 LUFS       LRA:   2.9 LU  FTPK:  -2.3 dBFS  TPK:  -1.4 dBFS
[Parsed_ebur128_0 @ 0x75bec0d2c0] t: 229.499979 TARGET:-23 LUFS    M: -13.2 S: -15.5     I: -16.2 LUFS       LRA:   2.9 LU  FTPK:  -3.5 dBFS  TPK:  -1.4 dBFS
[Parsed_ebur128_0 @ 0x75bec0d2c0] t: 229.599979 TARGET:-23 LUFS    M: -13.5 S: -15.8     I: -16.2 LUFS       LRA:   2.9 LU  FTPK:  -3.9 dBFS  TPK:  -1.4 dBFS
[Parsed_ebur128_0 @ 0x75bec0d2c0] t: 229.699979 TARGET:-23 LUFS    M: -14.8 S: -15.8     I: -16.2 LUFS       LRA:   2.9 LU  FTPK: -11.0 dBFS  TPK:  -1.4 dBFS
[Parsed_ebur128_0 @ 0x75bec0d2c0] t: 229.799979 TARGET:-23 LUFS    M: -16.3 S: -15.8     I: -16.2 LUFS       LRA:   2.9 LU  FTPK: -11.2 dBFS  TPK:  -1.4 dBFS
[Parsed_ebur128_0 @ 0x75bec0d2c0] t: 229.899979 TARGET:-23 LUFS    M: -17.2 S: -15.6     I: -16.2 LUFS       LRA:   2.9 LU  FTPK:  -2.8 dBFS  TPK:  -1.4 dBFS
[Parsed_ebur128_0 @ 0x75bec0d2c0] t: 229.999979 TARGET:-23 LUFS    M: -16.8 S: -15.4     I: -16.2 LUFS       LRA:   2.9 LU  FTPK:  -3.6 dBFS  TPK:  -1.4 dBFS
[Parsed_ebur128_0 @ 0x75bec0d2c0] t: 230.099979 TARGET:-23 LUFS    M: -17.0 S: -15.4     I: -16.2 LUFS       LRA:   3.0 LU  FTPK:  -8.1 dBFS  TPK:  -1.4 dBFS
[Parsed_ebur128_0 @ 0x75bec0d2c0] t: 230.199979 TARGET:-23 LUFS    M: -17.0 S: -15.5     I: -16.2 LUFS       LRA:   3.0 LU  FTPK: -10.2 dBFS  TPK:  -1.4 dBFS
[Parsed_ebur128_0 @ 0x75bec0d2c0] t: 230.299979 TARGET:-23 LUFS    M: -19.1 S: -15.8     I: -16.2 LUFS       LRA:   3.0 LU  FTPK: -16.1 dBFS  TPK:  -1.4 dBFS
[Parsed_ebur128_0 @ 0x75bec0d2c0] t: 230.399979 TARGET:-23 LUFS    M: -26.3 S: -15.8     I: -16.2 LUFS       LRA:   3.0 LU  FTPK: -44.5 dBFS  TPK:  -1.4 dBFS
[Parsed_ebur128_0 @ 0x75bec0d2c0] t: 230.499979 TARGET:-23 LUFS    M: -29.5 S: -16.3     I: -16.2 LUFS       LRA:   3.0 LU  FTPK: -67.3 dBFS  TPK:  -1.4 dBFS
[Parsed_ebur128_0 @ 0x75bec0d2c0] t: 230.599979 TARGET:-23 LUFS    M: -37.8 S: -16.5     I: -16.2 LUFS       LRA:   3.0 LU  FTPK:  -inf dBFS  TPK:  -1.4 dBFS
[Parsed_ebur128_0 @ 0x75bec0d2c0] t: 230.699979 TARGET:-23 LUFS    M: -68.9 S: -16.7     I: -16.2 LUFS       LRA:   3.0 LU  FTPK:  -inf dBFS  TPK:  -1.4 dBFS
[Parsed_silencedetect_1 @ 0x75bec0d380] silence_start: 230.297417
[Parsed_ebur128_0 @ 0x75bec0d2c0] t: 230.799979 TARGET:-23 LUFS    M: -90.1 S: -16.9     I: -16.2 LUFS       LRA:   3.0 LU  FTPK:  -inf dBFS  TPK:  -1.4 dBFS
[Parsed_ebur128_0 @ 0x75bec0d2c0] t: 230.899979 TARGET:-23 LUFS    M:-149.6 S: -17.0     I: -16.2 LUFS       LRA:   3.0 LU  FTPK:  -inf dBFS  TPK:  -1.4 dBFS
[Parsed_ebur128_0 @ 0x75bec0d2c0] t: 230.999979 TARGET:-23 LUFS    M:-149.6 S: -17.3     I: -16.2 LUFS       LRA:   3.0 LU  FTPK:  -inf dBFS  TPK:  -1.4 dBFS
[Parsed_ebur128_0 @ 0x75bec0d2c0] t: 231.099979 TARGET:-23 LUFS    M:-149.6 S: -17.7     I: -16.2 LUFS       LRA:   3.0 LU  FTPK:  -inf dBFS  TPK:  -1.4 dBFS
[Parsed_ebur128_0 @ 0x75bec0d2c0] t: 231.199979 TARGET:-23 LUFS    M:-103.5 S: -17.9     I: -16.2 LUFS       LRA:   3.0 LU  FTPK: -71.5 dBFS  TPK:  -1.4 dBFS
[Parsed_ebur128_0 @ 0x75bec0d2c0] t: 231.299979 TARGET:-23 LUFS    M: -34.1 S: -18.1     I: -16.2 LUFS       LRA:   3.0 LU  FTPK:  -7.3 dBFS  TPK:  -1.4 dBFS
[Parsed_silencedetect_1 @ 0x75bec0d380] silence_end: 231.286729 | silence_duration: 0.989312
[Parsed_ebur128_0 @ 0x75bec0d2c0] t: 231.399979 TARGET:-23 LUFS    M: -20.0 S: -17.9     I: -16.2 LUFS       LRA:   3.0 LU  FTPK:  -1.5 dBFS  TPK:  -1.4 dBFS
[Parsed_ebur128_0 @ 0x75bec0d2c0] t: 231.499979 TARGET:-23 LUFS    M: -17.0 S: -17.9     I: -16.2 LUFS       LRA:   3.0 LU  FTPK:  -5.7 dBFS  TPK:  -1.4 dBFS
[Parsed_ebur128_0 @ 0x75bec0d2c0] t: 231.599979 TARGET:-23 LUFS    M: -12.4 S: -16.8     I: -16.2 LUFS       LRA:   3.0 LU  FTPK:  -1.5 dBFS  TPK:  -1.4 dBFS
[Parsed_ebur128_0 @ 0x75bec0d2c0] t: 231.699979 TARGET:-23 LUFS    M: -11.2 S: -16.3     I: -16.2 LUFS       LRA:   2.9 LU  FTPK:  -3.5 dBFS  TPK:  -1.4 dBFS
[Parsed_ebur128_0 @ 0x75bec0d2c0] t: 231.799979 TARGET:-23 LUFS    M: -10.6 S: -15.8     I: -16.2 LUFS       LRA:   2.9 LU  FTPK:  -1.5 dBFS  TPK:  -1.4 dBFS
[Parsed_ebur128_0 @ 0x75bec0d2c0] t: 231.899979 TARGET:-23 LUFS    M: -10.8 S: -15.7     I: -16.2 LUFS       LRA:   2.9 LU  FTPK:  -4.1 dBFS  TPK:  -1.4 dBFS
[Parsed_ebur128_0 @ 0x75bec0d2c0] t: 231.999979 TARGET:-23 LUFS    M: -12.5 S: -15.6     I: -16.2 LUFS       LRA:   2.9 LU  FTPK:  -4.0 dBFS  TPK:  -1.4 dBFS
[Parsed_ebur128_0 @ 0x75bec0d2c0] t: 232.099979 TARGET:-23 LUFS    M: -14.0 S: -15.8     I: -16.2 LUFS       LRA:   2.9 LU  FTPK:  -6.4 dBFS  TPK:  -1.4 dBFS
[Parsed_ebur128_0 @ 0x75bec0d2c0] t: 232.199979 TARGET:-23 LUFS    M: -16.6 S: -16.0     I: -16.2 LUFS       LRA:   2.9 LU  FTPK:  -7.3 dBFS  TPK:  -1.4 dBFS
[Parsed_ebur128_0 @ 0x75bec0d2c0] t: 232.299979 TARGET:-23 LUFS    M: -17.3 S: -16.3     I: -16.2 LUFS       LRA:   2.9 LU  FTPK:  -6.0 dBFS  TPK:  -1.4 dBFS
[Parsed_ebur128_0 @ 0x75bec0d2c0] t: 232.399979 TARGET:-23 LUFS    M: -19.3 S: -16.5     I: -16.2 LUFS       LRA:   2.9 LU  FTPK:  -8.5 dBFS  TPK:  -1.4 dBFS
[Parsed_ebur128_0 @ 0x75bec0d2c0] t: 232.499979 TARGET:-23 LUFS    M: -20.1 S: -16.8     I: -16.2 LUFS       LRA:   2.9 LU  FTPK: -12.0 dBFS  TPK:  -1.4 dBFS
[Parsed_ebur128_0 @ 0x75bec0d2c0] t: 232.599979 TARGET:-23 LUFS    M: -21.3 S: -17.0     I: -16.2 LUFS       LRA:   2.9 LU  FTPK: -28.9 dBFS  TPK:  -1.4 dBFS
[Parsed_ebur128_0 @ 0x75bec0d2c0] t: 232.699979 TARGET:-23 LUFS    M: -23.3 S: -17.0     I: -16.2 LUFS       LRA:   2.9 LU  FTPK: -46.2 dBFS  TPK:  -1.4 dBFS
[Parsed_ebur128_0 @ 0x75bec0d2c0] t: 232.799979 TARGET:-23 LUFS    M: -21.5 S: -16.9     I: -16.2 LUFS       LRA:   2.9 LU  FTPK:  -5.7 dBFS  TPK:  -1.4 dBFS
[Parsed_ebur128_0 @ 0x75bec0d2c0] t: 232.899979 TARGET:-23 LUFS    M: -18.7 S: -16.9     I: -16.2 LUFS       LRA:   2.9 LU  FTPK:  -2.4 dBFS  TPK:  -1.4 dBFS
[Parsed_ebur128_0 @ 0x75bec0d2c0] t: 232.999979 TARGET:-23 LUFS    M: -16.7 S: -17.0     I: -16.2 LUFS       LRA:   2.9 LU  FTPK:  -1.9 dBFS  TPK:  -1.4 dBFS
[Parsed_ebur128_0 @ 0x75bec0d2c0] t: 233.099979 TARGET:-23 LUFS    M: -16.6 S: -17.0     I: -16.2 LUFS       LRA:   2.9 LU  FTPK:  -8.7 dBFS  TPK:  -1.4 dBFS
[Parsed_ebur128_0 @ 0x75bec0d2c0] t: 233.199979 TARGET:-23 LUFS    M: -15.7 S: -16.7     I: -16.2 LUFS       LRA:   2.9 LU  FTPK:  -1.7 dBFS  TPK:  -1.4 dBFS
[Parsed_ebur128_0 @ 0x75bec0d2c0] t: 233.299979 TARGET:-23 LUFS    M: -17.0 S: -16.7     I: -16.2 LUFS       LRA:   2.9 LU  FTPK: -11.4 dBFS  TPK:  -1.4 dBFS
[Parsed_ebur128_0 @ 0x75bec0d2c0] t: 233.399979 TARGET:-23 LUFS    M: -18.2 S: -16.6     I: -16.2 LUFS       LRA:   2.9 LU  FTPK:  -7.4 dBFS  TPK:  -1.4 dBFS
[Parsed_ebur128_0 @ 0x75bec0d2c0] t: 233.499979 TARGET:-23 LUFS    M: -17.8 S: -16.6     I: -16.2 LUFS       LRA:   2.9 LU  FTPK:  -7.7 dBFS  TPK:  -1.4 dBFS
[Parsed_ebur128_0 @ 0x75bec0d2c0] t: 233.599979 TARGET:-23 LUFS    M: -21.2 S: -16.5     I: -16.2 LUFS       LRA:   2.9 LU  FTPK: -11.4 dBFS  TPK:  -1.4 dBFS
[Parsed_ebur128_0 @ 0x75bec0d2c0] t: 233.699979 TARGET:-23 LUFS    M: -17.6 S: -16.3     I: -16.2 LUFS       LRA:   2.9 LU  FTPK:  -1.5 dBFS  TPK:  -1.4 dBFS
[Parsed_ebur128_0 @ 0x75bec0d2c0] t: 233.799979 TARGET:-23 LUFS    M: -17.7 S: -16.2     I: -16.2 LUFS       LRA:   2.9 LU  FTPK:  -4.8 dBFS  TPK:  -1.4 dBFS
[Parsed_ebur128_0 @ 0x75bec0d2c0] t: 233.899979 TARGET:-23 LUFS    M: -17.2 S: -16.1     I: -16.2 LUFS       LRA:   2.9 LU  FTPK:  -7.5 dBFS  TPK:  -1.4 dBFS
[Parsed_ebur128_0 @ 0x75bec0d2c0] t: 233.999979 TARGET:-23 LUFS    M: -17.2 S: -16.0     I: -16.2 LUFS       LRA:   2.9 LU  FTPK:  -8.4 dBFS  TPK:  -1.4 dBFS
[Parsed_ebur128_0 @ 0x75bec0d2c0] t: 234.099979 TARGET:-23 LUFS    M: -16.4 S: -15.7     I: -16.2 LUFS       LRA:   2.9 LU  FTPK:  -1.5 dBFS  TPK:  -1.4 dBFS
[Parsed_ebur128_0 @ 0x75bec0d2c0] t: 234.199979 TARGET:-23 LUFS    M: -14.3 S: -15.4     I: -16.2 LUFS       LRA:   2.9 LU  FTPK:  -1.5 dBFS  TPK:  -1.4 dBFS
[Parsed_ebur128_0 @ 0x75bec0d2c0] t: 234.299979 TARGET:-23 LUFS    M: -14.0 S: -15.3     I: -16.2 LUFS       LRA:   2.9 LU  FTPK:  -3.8 dBFS  TPK:  -1.4 dBFS
[Parsed_ebur128_0 @ 0x75bec0d2c0] t: 234.399979 TARGET:-23 LUFS    M: -13.9 S: -15.4     I: -16.2 LUFS       LRA:   2.9 LU  FTPK:  -8.5 dBFS  TPK:  -1.4 dBFS
[Parsed_ebur128_0 @ 0x75bec0d2c0] t: 234.499979 TARGET:-23 LUFS    M: -15.7 S: -15.6     I: -16.2 LUFS       LRA:   2.9 LU  FTPK: -11.9 dBFS  TPK:  -1.4 dBFS
[Parsed_ebur128_0 @ 0x75bec0d2c0] t: 234.599979 TARGET:-23 LUFS    M: -20.0 S: -16.4     I: -16.2 LUFS       LRA:   2.9 LU  FTPK: -16.0 dBFS  TPK:  -1.4 dBFS
[Parsed_ebur128_0 @ 0x75bec0d2c0] t: 234.699979 TARGET:-23 LUFS    M: -24.9 S: -17.0     I: -16.2 LUFS       LRA:   2.9 LU  FTPK: -31.6 dBFS  TPK:  -1.4 dBFS
[Parsed_ebur128_0 @ 0x75bec0d2c0] t: 234.799979 TARGET:-23 LUFS    M: -31.9 S: -17.6     I: -16.2 LUFS       LRA:   2.9 LU  FTPK: -66.0 dBFS  TPK:  -1.4 dBFS
[Parsed_ebur128_0 @ 0x75bec0d2c0] t: 234.899979 TARGET:-23 LUFS    M: -39.1 S: -17.8     I: -16.2 LUFS       LRA:   2.9 LU  FTPK: -117.4 dBFS  TPK:  -1.4 dBFS
[Parsed_ebur128_0 @ 0x75bec0d2c0] t: 234.999979 TARGET:-23 LUFS    M: -55.5 S: -18.2     I: -16.2 LUFS       LRA:   2.9 LU  FTPK:  -inf dBFS  TPK:  -1.4 dBFS
[Parsed_ebur128_0 @ 0x75bec0d2c0] t: 235.099979 TARGET:-23 LUFS    M: -85.7 S: -18.3     I: -16.2 LUFS       LRA:   2.9 LU  FTPK:  -inf dBFS  TPK:  -1.4 dBFS
[Parsed_silencedetect_1 @ 0x75bec0d380] silence_start: 234.616979
[Parsed_ebur128_0 @ 0x75bec0d2c0] t: 235.199979 TARGET:-23 LUFS    M:-138.8 S: -18.4     I: -16.2 LUFS       LRA:   2.9 LU  FTPK:  -inf dBFS  TPK:  -1.4 dBFS
[Parsed_ebur128_0 @ 0x75bec0d2c0] t: 235.299979 TARGET:-23 LUFS    M:-150.1 S: -18.5     I: -16.2 LUFS       LRA:   2.9 LU  FTPK:  -inf dBFS  TPK:  -1.4 dBFS
[Parsed_ebur128_0 @ 0x75bec0d2c0] t: 235.399979 TARGET:-23 LUFS    M:-150.1 S: -18.7     I: -16.2 LUFS       LRA:   2.9 LU  FTPK:  -inf dBFS  TPK:  -1.4 dBFS
[Parsed_ebur128_0 @ 0x75bec0d2c0] t: 235.499979 TARGET:-23 LUFS    M:-150.1 S: -18.7     I: -16.2 LUFS       LRA:   2.9 LU  FTPK: -175.3 dBFS  TPK:  -1.4 dBFS
[Parsed_ebur128_0 @ 0x75bec0d2c0] t: 235.599979 TARGET:-23 LUFS    M: -82.3 S: -18.7     I: -16.2 LUFS       LRA:   2.9 LU  FTPK: -62.0 dBFS  TPK:  -1.4 dBFS
[Parsed_ebur128_0 @ 0x75bec0d2c0] t: 235.699979 TARGET:-23 LUFS    M: -20.8 S: -18.4     I: -16.2 LUFS       LRA:   2.9 LU  FTPK:  -1.5 dBFS  TPK:  -1.4 dBFS
[Parsed_silencedetect_1 @ 0x75bec0d380] silence_end: 235.627146 | silence_duration: 1.010167
[Parsed_ebur128_0 @ 0x75bec0d2c0] t: 235.799979 TARGET:-23 LUFS    M: -16.9 S: -18.1     I: -16.2 LUFS       LRA:   2.9 LU  FTPK:  -1.5 dBFS  TPK:  -1.4 dBFS
[Parsed_ebur128_0 @ 0x75bec0d2c0] t: 235.899979 TARGET:-23 LUFS    M: -15.4 S: -18.1     I: -16.2 LUFS       LRA:   2.9 LU  FTPK:  -3.7 dBFS  TPK:  -1.4 dBFS
[Parsed_ebur128_0 @ 0x75bec0d2c0] t: 235.999979 TARGET:-23 LUFS    M: -15.3 S: -18.4     I: -16.2 LUFS       LRA:   2.9 LU  FTPK:  -9.5 dBFS  TPK:  -1.4 dBFS
[Parsed_ebur128_0 @ 0x75bec0d2c0] t: 236.099979 TARGET:-23 LUFS    M: -14.3 S: -17.8     I: -16.2 LUFS       LRA:   2.9 LU  FTPK:  -1.5 dBFS  TPK:  -1.4 dBFS
[Parsed_ebur128_0 @ 0x75bec0d2c0] t: 236.199979 TARGET:-23 LUFS    M: -14.0 S: -17.7     I: -16.2 LUFS       LRA:   2.9 LU  FTPK:  -1.6 dBFS  TPK:  -1.4 dBFS
[Parsed_ebur128_0 @ 0x75bec0d2c0] t: 236.299979 TARGET:-23 LUFS    M: -14.0 S: -17.4     I: -16.2 LUFS       LRA:   2.9 LU  FTPK:  -1.5 dBFS  TPK:  -1.4 dBFS
[Parsed_ebur128_0 @ 0x75bec0d2c0] t: 236.399979 TARGET:-23 LUFS    M: -13.4 S: -17.3     I: -16.2 LUFS       LRA:   2.9 LU  FTPK:  -4.4 dBFS  TPK:  -1.4 dBFS
[Parsed_ebur128_0 @ 0x75bec0d2c0] t: 236.499979 TARGET:-23 LUFS    M: -15.2 S: -17.4     I: -16.2 LUFS       LRA:   2.9 LU  FTPK: -13.2 dBFS  TPK:  -1.4 dBFS
[Parsed_ebur128_0 @ 0x75bec0d2c0] t: 236.599979 TARGET:-23 LUFS    M: -17.4 S: -17.3     I: -16.2 LUFS       LRA:   2.9 LU  FTPK:  -7.3 dBFS  TPK:  -1.4 dBFS
[Parsed_ebur128_0 @ 0x75bec0d2c0] t: 236.699979 TARGET:-23 LUFS    M: -17.0 S: -17.3     I: -16.2 LUFS       LRA:   2.9 LU  FTPK:  -1.5 dBFS  TPK:  -1.4 dBFS
[Parsed_ebur128_0 @ 0x75bec0d2c0] t: 236.799979 TARGET:-23 LUFS    M: -15.7 S: -17.0     I: -16.2 LUFS       LRA:   2.9 LU  FTPK:  -2.7 dBFS  TPK:  -1.4 dBFS
[Parsed_ebur128_0 @ 0x75bec0d2c0] t: 236.899979 TARGET:-23 LUFS    M: -13.9 S: -16.7     I: -16.2 LUFS       LRA:   2.9 LU  FTPK:  -1.5 dBFS  TPK:  -1.4 dBFS
[Parsed_ebur128_0 @ 0x75bec0d2c0] t: 236.999979 TARGET:-23 LUFS    M: -12.9 S: -16.4     I: -16.2 LUFS       LRA:   2.9 LU  FTPK:  -3.3 dBFS  TPK:  -1.4 dBFS
[Parsed_ebur128_0 @ 0x75bec0d2c0] t: 237.099979 TARGET:-23 LUFS    M: -13.8 S: -16.8     I: -16.2 LUFS       LRA:   2.9 LU  FTPK:  -8.6 dBFS  TPK:  -1.4 dBFS
[Parsed_ebur128_0 @ 0x75bec0d2c0] t: 237.199979 TARGET:-23 LUFS    M: -15.1 S: -17.2     I: -16.2 LUFS       LRA:   2.9 LU  FTPK:  -7.3 dBFS  TPK:  -1.4 dBFS
[Parsed_ebur128_0 @ 0x75bec0d2c0] t: 237.299979 TARGET:-23 LUFS    M: -17.6 S: -17.4     I: -16.2 LUFS       LRA:   2.9 LU  FTPK:  -9.3 dBFS  TPK:  -1.4 dBFS
[Parsed_ebur128_0 @ 0x75bec0d2c0] t: 237.399979 TARGET:-23 LUFS    M: -19.1 S: -17.2     I: -16.2 LUFS       LRA:   2.9 LU  FTPK:  -5.5 dBFS  TPK:  -1.4 dBFS
[Parsed_ebur128_0 @ 0x75bec0d2c0] t: 237.499979 TARGET:-23 LUFS    M: -17.5 S: -17.0     I: -16.2 LUFS       LRA:   2.9 LU  FTPK:  -6.6 dBFS  TPK:  -1.4 dBFS
[Parsed_ebur128_0 @ 0x75bec0d2c0] t: 237.599979 TARGET:-23 LUFS    M: -17.5 S: -17.0     I: -16.2 LUFS       LRA:   2.9 LU  FTPK:  -7.3 dBFS  TPK:  -1.4 dBFS
[Parsed_ebur128_0 @ 0x75bec0d2c0] t: 237.699979 TARGET:-23 LUFS    M: -17.5 S: -17.0     I: -16.2 LUFS       LRA:   2.9 LU  FTPK: -12.4 dBFS  TPK:  -1.4 dBFS
[Parsed_ebur128_0 @ 0x75bec0d2c0] t: 237.799979 TARGET:-23 LUFS    M: -20.3 S: -17.0     I: -16.2 LUFS       LRA:   2.9 LU  FTPK: -20.9 dBFS  TPK:  -1.4 dBFS
[Parsed_ebur128_0 @ 0x75bec0d2c0] t: 237.899979 TARGET:-23 LUFS    M: -26.2 S: -17.0     I: -16.2 LUFS       LRA:   2.9 LU  FTPK: -53.3 dBFS  TPK:  -1.4 dBFS
[Parsed_ebur128_0 @ 0x75bec0d2c0] t: 237.999979 TARGET:-23 LUFS    M: -33.0 S: -17.0     I: -16.2 LUFS       LRA:   2.9 LU  FTPK: -65.9 dBFS  TPK:  -1.4 dBFS
[Parsed_ebur128_0 @ 0x75bec0d2c0] t: 238.099979 TARGET:-23 LUFS    M: -45.9 S: -17.0     I: -16.2 LUFS       LRA:   2.9 LU  FTPK: -58.9 dBFS  TPK:  -1.4 dBFS
[Parsed_ebur128_0 @ 0x75bec0d2c0] t: 238.199979 TARGET:-23 LUFS    M: -75.2 S: -17.0     I: -16.2 LUFS       LRA:   2.9 LU  FTPK: -62.7 dBFS  TPK:  -1.4 dBFS
[Parsed_silencedetect_1 @ 0x75bec0d380] silence_start: 237.761729
[Parsed_ebur128_0 @ 0x75bec0d2c0] t: 238.299979 TARGET:-23 LUFS    M: -82.7 S: -17.0     I: -16.2 LUFS       LRA:   2.9 LU  FTPK: -70.6 dBFS  TPK:  -1.4 dBFS
[Parsed_ebur128_0 @ 0x75bec0d2c0] t: 238.399979 TARGET:-23 LUFS    M: -83.9 S: -17.0     I: -16.2 LUFS       LRA:   2.9 LU  FTPK:  -inf dBFS  TPK:  -1.4 dBFS
[Parsed_ebur128_0 @ 0x75bec0d2c0] t: 238.499979 TARGET:-23 LUFS    M: -88.1 S: -17.0     I: -16.2 LUFS       LRA:   2.9 LU  FTPK:  -inf dBFS  TPK:  -1.4 dBFS
[Parsed_ebur128_0 @ 0x75bec0d2c0] t: 238.599979 TARGET:-23 LUFS    M: -95.9 S: -17.0     I: -16.2 LUFS       LRA:   2.9 LU  FTPK:  -inf dBFS  TPK:  -1.4 dBFS
[Parsed_ebur128_0 @ 0x75bec0d2c0] t: 238.699979 TARGET:-23 LUFS    M: -82.8 S: -17.2     I: -16.2 LUFS       LRA:   2.9 LU  FTPK: -60.5 dBFS  TPK:  -1.4 dBFS
[Parsed_ebur128_0 @ 0x75bec0d2c0] t: 238.799979 TARGET:-23 LUFS    M: -23.7 S: -17.4     I: -16.2 LUFS       LRA:   2.9 LU  FTPK:  -4.9 dBFS  TPK:  -1.4 dBFS
[Parsed_silencedetect_1 @ 0x75bec0d380] silence_end: 238.754333 | silence_duration: 0.992604
[Parsed_ebur128_0 @ 0x75bec0d2c0] t: 238.899979 TARGET:-23 LUFS    M: -23.2 S: -17.7     I: -16.2 LUFS       LRA:   2.9 LU  FTPK:  -6.9 dBFS  TPK:  -1.4 dBFS
[Parsed_ebur128_0 @ 0x75bec0d2c0] t: 238.999979 TARGET:-23 LUFS    M: -17.0 S: -17.2     I: -16.2 LUFS       LRA:   2.9 LU  FTPK:  -1.5 dBFS  TPK:  -1.4 dBFS
[Parsed_ebur128_0 @ 0x75bec0d2c0] t: 239.099979 TARGET:-23 LUFS    M: -15.0 S: -17.4     I: -16.2 LUFS       LRA:   2.9 LU  FTPK:  -1.5 dBFS  TPK:  -1.4 dBFS
[Parsed_ebur128_0 @ 0x75bec0d2c0] t: 239.199979 TARGET:-23 LUFS    M: -15.3 S: -17.8     I: -16.2 LUFS       LRA:   2.9 LU  FTPK:  -5.6 dBFS  TPK:  -1.4 dBFS
[Parsed_ebur128_0 @ 0x75bec0d2c0] t: 239.299979 TARGET:-23 LUFS    M: -14.0 S: -17.7     I: -16.2 LUFS       LRA:   2.9 LU  FTPK:  -1.5 dBFS  TPK:  -1.4 dBFS
[Parsed_ebur128_0 @ 0x75bec0d2c0] t: 239.399979 TARGET:-23 LUFS    M: -13.9 S: -17.4     I: -16.2 LUFS       LRA:   2.9 LU  FTPK:  -1.5 dBFS  TPK:  -1.4 dBFS
[Parsed_ebur128_0 @ 0x75bec0d2c0] t: 239.499979 TARGET:-23 LUFS    M: -14.8 S: -17.3     I: -16.2 LUFS       LRA:   2.9 LU  FTPK:  -3.2 dBFS  TPK:  -1.4 dBFS
[Parsed_ebur128_0 @ 0x75bec0d2c0] t: 239.599979 TARGET:-23 LUFS    M: -14.1 S: -17.1     I: -16.2 LUFS       LRA:   2.9 LU  FTPK:  -3.5 dBFS  TPK:  -1.4 dBFS
[Parsed_ebur128_0 @ 0x75bec0d2c0] t: 239.699979 TARGET:-23 LUFS    M: -14.3 S: -17.2     I: -16.2 LUFS       LRA:   2.9 LU  FTPK:  -3.5 dBFS  TPK:  -1.4 dBFS
[Parsed_ebur128_0 @ 0x75bec0d2c0] t: 239.799979 TARGET:-23 LUFS    M: -16.3 S: -17.5     I: -16.2 LUFS       LRA:   2.9 LU  FTPK:  -7.0 dBFS  TPK:  -1.4 dBFS
[Parsed_ebur128_0 @ 0x75bec0d2c0] t: 239.899979 TARGET:-23 LUFS    M: -16.4 S: -17.9     I: -16.2 LUFS       LRA:   2.9 LU  FTPK:  -4.6 dBFS  TPK:  -1.4 dBFS
[Parsed_ebur128_0 @ 0x75bec0d2c0] t: 239.999979 TARGET:-23 LUFS    M: -16.3 S: -18.0     I: -16.2 LUFS       LRA:   2.9 LU  FTPK:  -5.5 dBFS  TPK:  -1.4 dBFS
[Parsed_ebur128_0 @ 0x75bec0d2c0] t: 240.099979 TARGET:-23 LUFS    M: -17.8 S: -18.0     I: -16.2 LUFS       LRA:   2.9 LU  FTPK:  -8.3 dBFS  TPK:  -1.4 dBFS
[Parsed_ebur128_0 @ 0x75bec0d2c0] t: 240.199979 TARGET:-23 LUFS    M: -18.0 S: -18.0     I: -16.2 LUFS       LRA:   2.9 LU  FTPK:  -8.0 dBFS  TPK:  -1.4 dBFS
[Parsed_ebur128_0 @ 0x75bec0d2c0] t: 240.299979 TARGET:-23 LUFS    M: -18.5 S: -18.0     I: -16.2 LUFS       LRA:   2.9 LU  FTPK:  -8.6 dBFS  TPK:  -1.4 dBFS
[Parsed_ebur128_0 @ 0x75bec0d2c0] t: 240.399979 TARGET:-23 LUFS    M: -19.5 S: -18.1     I: -16.2 LUFS       LRA:   2.9 LU  FTPK:  -2.9 dBFS  TPK:  -1.4 dBFS
[Parsed_ebur128_0 @ 0x75bec0d2c0] t: 240.499979 TARGET:-23 LUFS    M: -16.4 S: -17.9     I: -16.2 LUFS       LRA:   2.9 LU  FTPK:  -3.4 dBFS  TPK:  -1.4 dBFS
[Parsed_ebur128_0 @ 0x75bec0d2c0] t: 240.599979 TARGET:-23 LUFS    M: -13.4 S: -17.1     I: -16.2 LUFS       LRA:   2.9 LU  FTPK:  -1.5 dBFS  TPK:  -1.4 dBFS
[Parsed_ebur128_0 @ 0x75bec0d2c0] t: 240.699979 TARGET:-23 LUFS    M: -13.4 S: -17.0     I: -16.2 LUFS       LRA:   2.9 LU  FTPK:  -5.9 dBFS  TPK:  -1.4 dBFS
[Parsed_ebur128_0 @ 0x75bec0d2c0] t: 240.799979 TARGET:-23 LUFS    M: -13.8 S: -17.0     I: -16.2 LUFS       LRA:   2.9 LU  FTPK: -13.4 dBFS  TPK:  -1.4 dBFS
[Parsed_ebur128_0 @ 0x75bec0d2c0] t: 240.899979 TARGET:-23 LUFS    M: -15.4 S: -17.0     I: -16.2 LUFS       LRA:   2.9 LU  FTPK: -10.9 dBFS  TPK:  -1.4 dBFS
[Parsed_ebur128_0 @ 0x75bec0d2c0] t: 240.999979 TARGET:-23 LUFS    M: -24.2 S: -17.0     I: -16.2 LUFS       LRA:   2.9 LU  FTPK: -20.7 dBFS  TPK:  -1.4 dBFS
[Parsed_ebur128_0 @ 0x75bec0d2c0] t: 241.099979 TARGET:-23 LUFS    M: -28.4 S: -17.0     I: -16.2 LUFS       LRA:   2.9 LU  FTPK: -55.4 dBFS  TPK:  -1.4 dBFS
[Parsed_ebur128_0 @ 0x75bec0d2c0] t: 241.199979 TARGET:-23 LUFS    M: -32.6 S: -17.0     I: -16.2 LUFS       LRA:   2.9 LU  FTPK: -69.3 dBFS  TPK:  -1.4 dBFS
[Parsed_ebur128_0 @ 0x75bec0d2c0] t: 241.299979 TARGET:-23 LUFS    M: -42.8 S: -17.0     I: -16.2 LUFS       LRA:   2.9 LU  FTPK: -66.1 dBFS  TPK:  -1.4 dBFS
[Parsed_ebur128_0 @ 0x75bec0d2c0] t: 241.399979 TARGET:-23 LUFS    M: -76.4 S: -17.0     I: -16.2 LUFS       LRA:   2.9 LU  FTPK: -53.1 dBFS  TPK:  -1.4 dBFS
[Parsed_silencedetect_1 @ 0x75bec0d380] silence_start: 240.956167
[Parsed_ebur128_0 @ 0x75bec0d2c0] t: 241.499979 TARGET:-23 LUFS    M: -78.3 S: -17.0     I: -16.2 LUFS       LRA:   2.9 LU  FTPK: -67.4 dBFS  TPK:  -1.4 dBFS
[Parsed_ebur128_0 @ 0x75bec0d2c0] t: 241.599979 TARGET:-23 LUFS    M: -78.1 S: -17.0     I: -16.2 LUFS       LRA:   2.9 LU  FTPK: -69.2 dBFS  TPK:  -1.4 dBFS
[Parsed_ebur128_0 @ 0x75bec0d2c0] t: 241.699979 TARGET:-23 LUFS    M: -78.2 S: -17.0     I: -16.2 LUFS       LRA:   2.9 LU  FTPK: -69.1 dBFS  TPK:  -1.4 dBFS
[Parsed_ebur128_0 @ 0x75bec0d2c0] t: 241.799979 TARGET:-23 LUFS    M: -83.6 S: -17.1     I: -16.2 LUFS       LRA:   2.9 LU  FTPK: -60.0 dBFS  TPK:  -1.4 dBFS
[Parsed_ebur128_0 @ 0x75bec0d2c0] t: 241.899979 TARGET:-23 LUFS    M: -79.1 S: -17.1     I: -16.2 LUFS       LRA:   2.9 LU  FTPK: -58.7 dBFS  TPK:  -1.4 dBFS
[Parsed_ebur128_0 @ 0x75bec0d2c0] t: 241.999979 TARGET:-23 LUFS    M: -21.7 S: -17.4     I: -16.2 LUFS       LRA:   2.9 LU  FTPK:  -1.5 dBFS  TPK:  -1.4 dBFS
[Parsed_silencedetect_1 @ 0x75bec0d380] silence_end: 241.956812 | silence_duration: 1.000646
[Parsed_ebur128_0 @ 0x75bec0d2c0] t: 242.099979 TARGET:-23 LUFS    M: -16.6 S: -17.3     I: -16.2 LUFS       LRA:   2.9 LU  FTPK:  -1.5 dBFS  TPK:  -1.4 dBFS
[Parsed_ebur128_0 @ 0x75bec0d2c0] t: 242.199979 TARGET:-23 LUFS    M: -15.7 S: -17.2     I: -16.2 LUFS       LRA:   2.9 LU  FTPK:  -5.8 dBFS  TPK:  -1.4 dBFS
[Parsed_ebur128_0 @ 0x75bec0d2c0] t: 242.299979 TARGET:-23 LUFS    M: -13.9 S: -17.1     I: -16.2 LUFS       LRA:   2.9 LU  FTPK:  -1.5 dBFS  TPK:  -1.4 dBFS
[Parsed_ebur128_0 @ 0x75bec0d2c0] t: 242.399979 TARGET:-23 LUFS    M: -13.8 S: -17.4     I: -16.2 LUFS       LRA:   2.9 LU  FTPK:  -4.3 dBFS  TPK:  -1.4 dBFS
[Parsed_ebur128_0 @ 0x75bec0d2c0] t: 242.499979 TARGET:-23 LUFS    M: -15.8 S: -17.5     I: -16.2 LUFS       LRA:   2.9 LU  FTPK: -12.3 dBFS  TPK:  -1.4 dBFS
[Parsed_ebur128_0 @ 0x75bec0d2c0] t: 242.599979 TARGET:-23 LUFS    M: -16.7 S: -17.8     I: -16.2 LUFS       LRA:   2.9 LU  FTPK: -45.1 dBFS  TPK:  -1.4 dBFS
[Parsed_ebur128_0 @ 0x75bec0d2c0] t: 242.699979 TARGET:-23 LUFS    M: -18.8 S: -17.9     I: -16.2 LUFS       LRA:   2.9 LU  FTPK:  -4.7 dBFS  TPK:  -1.4 dBFS
[Parsed_ebur128_0 @ 0x75bec0d2c0] t: 242.799979 TARGET:-23 LUFS    M: -19.6 S: -17.8     I: -16.2 LUFS       LRA:   2.9 LU  FTPK:  -5.8 dBFS  TPK:  -1.4 dBFS
[Parsed_ebur128_0 @ 0x75bec0d2c0] t: 242.899979 TARGET:-23 LUFS    M: -16.0 S: -17.4     I: -16.2 LUFS       LRA:   2.9 LU  FTPK:  -1.5 dBFS  TPK:  -1.4 dBFS
[Parsed_ebur128_0 @ 0x75bec0d2c0] t: 242.999979 TARGET:-23 LUFS    M: -15.4 S: -17.6     I: -16.2 LUFS       LRA:   2.9 LU  FTPK:  -7.1 dBFS  TPK:  -1.4 dBFS
[Parsed_ebur128_0 @ 0x75bec0d2c0] t: 243.099979 TARGET:-23 LUFS    M: -15.6 S: -17.5     I: -16.2 LUFS       LRA:   2.9 LU  FTPK:  -6.1 dBFS  TPK:  -1.4 dBFS
[Parsed_ebur128_0 @ 0x75bec0d2c0] t: 243.199979 TARGET:-23 LUFS    M: -14.7 S: -17.2     I: -16.2 LUFS       LRA:   2.9 LU  FTPK:  -1.5 dBFS  TPK:  -1.4 dBFS
[Parsed_ebur128_0 @ 0x75bec0d2c0] t: 243.299979 TARGET:-23 LUFS    M: -16.5 S: -17.2     I: -16.2 LUFS       LRA:   2.9 LU  FTPK:  -6.6 dBFS  TPK:  -1.4 dBFS
[Parsed_ebur128_0 @ 0x75bec0d2c0] t: 243.399979 TARGET:-23 LUFS    M: -15.6 S: -17.1     I: -16.2 LUFS       LRA:   2.9 LU  FTPK:  -5.5 dBFS  TPK:  -1.4 dBFS
[Parsed_ebur128_0 @ 0x75bec0d2c0] t: 243.499979 TARGET:-23 LUFS    M: -15.0 S: -17.2     I: -16.2 LUFS       LRA:   2.9 LU  FTPK:  -3.9 dBFS  TPK:  -1.4 dBFS
[Parsed_ebur128_0 @ 0x75bec0d2c0] t: 243.599979 TARGET:-23 LUFS    M: -16.1 S: -17.9     I: -16.2 LUFS       LRA:   2.9 LU  FTPK:  -3.4 dBFS  TPK:  -1.4 dBFS
[Parsed_ebur128_0 @ 0x75bec0d2c0] t: 243.699979 TARGET:-23 LUFS    M: -14.4 S: -17.5     I: -16.2 LUFS       LRA:   2.9 LU  FTPK:  -1.5 dBFS  TPK:  -1.4 dBFS
[Parsed_ebur128_0 @ 0x75bec0d2c0] t: 243.799979 TARGET:-23 LUFS    M: -15.3 S: -17.5     I: -16.2 LUFS       LRA:   2.9 LU  FTPK: -11.0 dBFS  TPK:  -1.4 dBFS
[Parsed_ebur128_0 @ 0x75bec0d2c0] t: 243.899979 TARGET:-23 LUFS    M: -16.4 S: -17.4     I: -16.2 LUFS       LRA:   2.9 LU  FTPK:  -9.0 dBFS  TPK:  -1.4 dBFS
[Parsed_ebur128_0 @ 0x75bec0d2c0] t: 243.999979 TARGET:-23 LUFS    M: -17.2 S: -17.4     I: -16.2 LUFS       LRA:   2.9 LU  FTPK: -11.4 dBFS  TPK:  -1.4 dBFS
[Parsed_ebur128_0 @ 0x75bec0d2c0] t: 244.099979 TARGET:-23 LUFS    M: -21.0 S: -17.3     I: -16.2 LUFS       LRA:   2.9 LU  FTPK:  -6.1 dBFS  TPK:  -1.4 dBFS
[Parsed_ebur128_0 @ 0x75bec0d2c0] t: 244.199979 TARGET:-23 LUFS    M: -19.8 S: -17.2     I: -16.2 LUFS       LRA:   2.9 LU  FTPK:  -6.4 dBFS  TPK:  -1.4 dBFS
[Parsed_ebur128_0 @ 0x75bec0d2c0] t: 244.299979 TARGET:-23 LUFS    M: -19.6 S: -17.1     I: -16.2 LUFS       LRA:   2.9 LU  FTPK:  -7.3 dBFS  TPK:  -1.4 dBFS
[Parsed_ebur128_0 @ 0x75bec0d2c0] t: 244.399979 TARGET:-23 LUFS    M: -17.8 S: -16.9     I: -16.2 LUFS       LRA:   2.9 LU  FTPK:  -3.8 dBFS  TPK:  -1.4 dBFS
[Parsed_ebur128_0 @ 0x75bec0d2c0] t: 244.499979 TARGET:-23 LUFS    M: -17.7 S: -16.8     I: -16.2 LUFS       LRA:   2.9 LU  FTPK:  -5.4 dBFS  TPK:  -1.4 dBFS
[Parsed_ebur128_0 @ 0x75bec0d2c0] t: 244.599979 TARGET:-23 LUFS    M: -17.9 S: -16.7     I: -16.2 LUFS       LRA:   2.9 LU  FTPK:  -5.2 dBFS  TPK:  -1.4 dBFS
[Parsed_ebur128_0 @ 0x75bec0d2c0] t: 244.699979 TARGET:-23 LUFS    M: -16.6 S: -16.5     I: -16.2 LUFS       LRA:   2.9 LU  FTPK:  -6.9 dBFS  TPK:  -1.4 dBFS
[Parsed_ebur128_0 @ 0x75bec0d2c0] t: 244.799979 TARGET:-23 LUFS    M: -15.1 S: -16.1     I: -16.2 LUFS       LRA:   2.9 LU  FTPK:  -1.5 dBFS  TPK:  -1.4 dBFS
[Parsed_ebur128_0 @ 0x75bec0d2c0] t: 244.899979 TARGET:-23 LUFS    M: -15.1 S: -16.0     I: -16.2 LUFS       LRA:   2.9 LU  FTPK:  -6.2 dBFS  TPK:  -1.4 dBFS
[Parsed_ebur128_0 @ 0x75bec0d2c0] t: 244.999979 TARGET:-23 LUFS    M: -15.1 S: -16.1     I: -16.2 LUFS       LRA:   2.9 LU  FTPK:  -5.0 dBFS  TPK:  -1.4 dBFS
[Parsed_ebur128_0 @ 0x75bec0d2c0] t: 245.099979 TARGET:-23 LUFS    M: -15.5 S: -16.3     I: -16.2 LUFS       LRA:   2.9 LU  FTPK:  -4.7 dBFS  TPK:  -1.4 dBFS
[Parsed_ebur128_0 @ 0x75bec0d2c0] t: 245.199979 TARGET:-23 LUFS    M: -16.0 S: -16.1     I: -16.2 LUFS       LRA:   2.9 LU  FTPK:  -3.4 dBFS  TPK:  -1.4 dBFS
[Parsed_ebur128_0 @ 0x75bec0d2c0] t: 245.299979 TARGET:-23 LUFS    M: -16.2 S: -16.4     I: -16.2 LUFS       LRA:   2.9 LU  FTPK:  -4.7 dBFS  TPK:  -1.4 dBFS
[Parsed_ebur128_0 @ 0x75bec0d2c0] t: 245.399979 TARGET:-23 LUFS    M: -16.5 S: -16.6     I: -16.2 LUFS       LRA:   2.9 LU  FTPK:  -9.4 dBFS  TPK:  -1.4 dBFS
[Parsed_ebur128_0 @ 0x75bec0d2c0] t: 245.499979 TARGET:-23 LUFS    M: -17.5 S: -16.5     I: -16.2 LUFS       LRA:   2.9 LU  FTPK:  -9.5 dBFS  TPK:  -1.4 dBFS
[Parsed_ebur128_0 @ 0x75bec0d2c0] t: 245.599979 TARGET:-23 LUFS    M: -22.3 S: -16.5     I: -16.2 LUFS       LRA:   2.9 LU  FTPK: -18.3 dBFS  TPK:  -1.4 dBFS
[Parsed_ebur128_0 @ 0x75bec0d2c0] t: 245.699979 TARGET:-23 LUFS    M: -17.2 S: -16.3     I: -16.2 LUFS       LRA:   2.9 LU  FTPK:  -2.6 dBFS  TPK:  -1.4 dBFS
[Parsed_ebur128_0 @ 0x75bec0d2c0] t: 245.799979 TARGET:-23 LUFS    M: -17.2 S: -16.4     I: -16.2 LUFS       LRA:   2.9 LU  FTPK:  -7.1 dBFS  TPK:  -1.4 dBFS
[Parsed_ebur128_0 @ 0x75bec0d2c0] t: 245.899979 TARGET:-23 LUFS    M: -17.4 S: -16.7     I: -16.2 LUFS       LRA:   2.9 LU  FTPK: -17.6 dBFS  TPK:  -1.4 dBFS
[Parsed_ebur128_0 @ 0x75bec0d2c0] t: 245.999979 TARGET:-23 LUFS    M: -16.9 S: -16.8     I: -16.2 LUFS       LRA:   2.9 LU  FTPK: -10.2 dBFS  TPK:  -1.4 dBFS
[Parsed_ebur128_0 @ 0x75bec0d2c0] t: 246.099979 TARGET:-23 LUFS    M: -23.1 S: -16.9     I: -16.2 LUFS       LRA:   2.9 LU  FTPK: -21.8 dBFS  TPK:  -1.4 dBFS
[Parsed_ebur128_0 @ 0x75bec0d2c0] t: 246.199979 TARGET:-23 LUFS    M: -25.9 S: -17.2     I: -16.2 LUFS       LRA:   2.9 LU  FTPK: -62.8 dBFS  TPK:  -1.4 dBFS
[Parsed_ebur128_0 @ 0x75bec0d2c0] t: 246.299979 TARGET:-23 LUFS    M: -26.1 S: -17.3     I: -16.2 LUFS       LRA:   2.9 LU  FTPK: -71.3 dBFS  TPK:  -1.4 dBFS
[Parsed_ebur128_0 @ 0x75bec0d2c0] t: 246.399979 TARGET:-23 LUFS    M: -44.3 S: -17.6     I: -16.2 LUFS       LRA:   2.9 LU  FTPK:  -inf dBFS  TPK:  -1.4 dBFS
[Parsed_ebur128_0 @ 0x75bec0d2c0] t: 246.499979 TARGET:-23 LUFS    M: -82.9 S: -17.9     I: -16.2 LUFS       LRA:   2.9 LU  FTPK:  -inf dBFS  TPK:  -1.4 dBFS
[Parsed_silencedetect_1 @ 0x75bec0d380] silence_start: 246.04475
[Parsed_ebur128_0 @ 0x75bec0d2c0] t: 246.599979 TARGET:-23 LUFS    M: -92.5 S: -18.0     I: -16.2 LUFS       LRA:   2.9 LU  FTPK:  -inf dBFS  TPK:  -1.4 dBFS
[Parsed_ebur128_0 @ 0x75bec0d2c0] t: 246.699979 TARGET:-23 LUFS    M:-158.4 S: -18.6     I: -16.2 LUFS       LRA:   2.9 LU  FTPK:  -inf dBFS  TPK:  -1.4 dBFS
[Parsed_ebur128_0 @ 0x75bec0d2c0] t: 246.799979 TARGET:-23 LUFS    M:-166.0 S: -18.7     I: -16.2 LUFS       LRA:   2.9 LU  FTPK:  -inf dBFS  TPK:  -1.4 dBFS
[Parsed_ebur128_0 @ 0x75bec0d2c0] t: 246.899979 TARGET:-23 LUFS    M:-166.0 S: -18.8     I: -16.2 LUFS       LRA:   2.9 LU  FTPK:  -inf dBFS  TPK:  -1.4 dBFS
[Parsed_ebur128_0 @ 0x75bec0d2c0] t: 246.999979 TARGET:-23 LUFS    M: -86.4 S: -18.8     I: -16.2 LUFS       LRA:   2.9 LU  FTPK: -65.3 dBFS  TPK:  -1.4 dBFS
[Parsed_ebur128_0 @ 0x75bec0d2c0] t: 247.099979 TARGET:-23 LUFS    M: -22.5 S: -18.7     I: -16.2 LUFS       LRA:   2.9 LU  FTPK:  -2.1 dBFS  TPK:  -1.4 dBFS
[Parsed_silencedetect_1 @ 0x75bec0d380] silence_end: 247.043292 | silence_duration: 0.998542
[Parsed_ebur128_0 @ 0x75bec0d2c0] t: 247.199979 TARGET:-23 LUFS    M: -22.0 S: -18.9     I: -16.2 LUFS       LRA:   2.9 LU  FTPK: -10.4 dBFS  TPK:  -1.4 dBFS
[Parsed_ebur128_0 @ 0x75bec0d2c0] t: 247.299979 TARGET:-23 LUFS    M: -17.9 S: -18.5     I: -16.2 LUFS       LRA:   2.9 LU  FTPK:  -3.6 dBFS  TPK:  -1.4 dBFS
[Parsed_ebur128_0 @ 0x75bec0d2c0] t: 247.399979 TARGET:-23 LUFS    M: -17.4 S: -18.7     I: -16.2 LUFS       LRA:   2.9 LU  FTPK:  -7.9 dBFS  TPK:  -1.4 dBFS
[Parsed_ebur128_0 @ 0x75bec0d2c0] t: 247.499979 TARGET:-23 LUFS    M: -14.9 S: -18.1     I: -16.2 LUFS       LRA:   2.9 LU  FTPK:  -1.5 dBFS  TPK:  -1.4 dBFS
[Parsed_ebur128_0 @ 0x75bec0d2c0] t: 247.599979 TARGET:-23 LUFS    M: -13.3 S: -17.7     I: -16.2 LUFS       LRA:   2.9 LU  FTPK:  -3.7 dBFS  TPK:  -1.4 dBFS
[Parsed_ebur128_0 @ 0x75bec0d2c0] t: 247.699979 TARGET:-23 LUFS    M: -13.9 S: -17.8     I: -16.2 LUFS       LRA:   2.9 LU  FTPK:  -5.0 dBFS  TPK:  -1.4 dBFS
[Parsed_ebur128_0 @ 0x75bec0d2c0] t: 247.799979 TARGET:-23 LUFS    M: -13.1 S: -18.0     I: -16.2 LUFS       LRA:   2.9 LU  FTPK:  -3.9 dBFS  TPK:  -1.4 dBFS
[Parsed_ebur128_0 @ 0x75bec0d2c0] t: 247.899979 TARGET:-23 LUFS    M: -14.5 S: -17.9     I: -16.2 LUFS       LRA:   2.9 LU  FTPK:  -6.6 dBFS  TPK:  -1.4 dBFS
[Parsed_ebur128_0 @ 0x75bec0d2c0] t: 247.999979 TARGET:-23 LUFS    M: -16.8 S: -18.0     I: -16.2 LUFS       LRA:   2.9 LU  FTPK:  -8.2 dBFS  TPK:  -1.4 dBFS
[Parsed_ebur128_0 @ 0x75bec0d2c0] t: 248.099979 TARGET:-23 LUFS    M: -14.8 S: -17.7     I: -16.2 LUFS       LRA:   2.9 LU  FTPK:  -1.5 dBFS  TPK:  -1.4 dBFS
[Parsed_ebur128_0 @ 0x75bec0d2c0] t: 248.199979 TARGET:-23 LUFS    M: -14.4 S: -17.6     I: -16.2 LUFS       LRA:   2.9 LU  FTPK:  -2.0 dBFS  TPK:  -1.4 dBFS
[Parsed_ebur128_0 @ 0x75bec0d2c0] t: 248.299979 TARGET:-23 LUFS    M: -14.1 S: -17.4     I: -16.2 LUFS       LRA:   2.9 LU  FTPK:  -4.5 dBFS  TPK:  -1.4 dBFS
[Parsed_ebur128_0 @ 0x75bec0d2c0] t: 248.399979 TARGET:-23 LUFS    M: -13.1 S: -17.1     I: -16.2 LUFS       LRA:   2.9 LU  FTPK:  -2.3 dBFS  TPK:  -1.4 dBFS
[Parsed_ebur128_0 @ 0x75bec0d2c0] t: 248.499979 TARGET:-23 LUFS    M: -14.6 S: -17.1     I: -16.2 LUFS       LRA:   2.9 LU  FTPK:  -7.4 dBFS  TPK:  -1.4 dBFS
[Parsed_ebur128_0 @ 0x75bec0d2c0] t: 248.599979 TARGET:-23 LUFS    M: -15.0 S: -16.8     I: -16.2 LUFS       LRA:   2.9 LU  FTPK:  -2.1 dBFS  TPK:  -1.4 dBFS
[Parsed_ebur128_0 @ 0x75bec0d2c0] t: 248.699979 TARGET:-23 LUFS    M: -15.9 S: -17.2     I: -16.2 LUFS       LRA:   2.9 LU  FTPK:  -8.5 dBFS  TPK:  -1.4 dBFS
[Parsed_ebur128_0 @ 0x75bec0d2c0] t: 248.799979 TARGET:-23 LUFS    M: -17.0 S: -17.1     I: -16.2 LUFS       LRA:   2.9 LU  FTPK:  -1.5 dBFS  TPK:  -1.4 dBFS
[Parsed_ebur128_0 @ 0x75bec0d2c0] t: 248.899979 TARGET:-23 LUFS    M: -16.1 S: -17.0     I: -16.2 LUFS       LRA:   2.9 LU  FTPK:  -2.2 dBFS  TPK:  -1.4 dBFS
[Parsed_ebur128_0 @ 0x75bec0d2c0] t: 248.999979 TARGET:-23 LUFS    M: -17.4 S: -16.9     I: -16.2 LUFS       LRA:   2.9 LU  FTPK:  -4.5 dBFS  TPK:  -1.4 dBFS
[Parsed_ebur128_0 @ 0x75bec0d2c0] t: 249.099979 TARGET:-23 LUFS    M: -15.9 S: -16.6     I: -16.2 LUFS       LRA:   2.9 LU  FTPK:  -3.7 dBFS  TPK:  -1.4 dBFS
[Parsed_ebur128_0 @ 0x75bec0d2c0] t: 249.199979 TARGET:-23 LUFS    M: -14.9 S: -16.3     I: -16.2 LUFS       LRA:   2.9 LU  FTPK:  -1.5 dBFS  TPK:  -1.4 dBFS
[Parsed_ebur128_0 @ 0x75bec0d2c0] t: 249.299979 TARGET:-23 LUFS    M: -15.1 S: -16.2     I: -16.2 LUFS       LRA:   2.9 LU  FTPK:  -5.1 dBFS  TPK:  -1.4 dBFS
[Parsed_ebur128_0 @ 0x75bec0d2c0] t: 249.399979 TARGET:-23 LUFS    M: -15.6 S: -16.2     I: -16.2 LUFS       LRA:   2.9 LU  FTPK:  -7.2 dBFS  TPK:  -1.4 dBFS
[Parsed_ebur128_0 @ 0x75bec0d2c0] t: 249.499979 TARGET:-23 LUFS    M: -16.8 S: -16.1     I: -16.2 LUFS       LRA:   2.9 LU  FTPK:  -9.6 dBFS  TPK:  -1.4 dBFS
[Parsed_ebur128_0 @ 0x75bec0d2c0] t: 249.599979 TARGET:-23 LUFS    M: -18.3 S: -16.0     I: -16.2 LUFS       LRA:   2.9 LU  FTPK:  -6.4 dBFS  TPK:  -1.4 dBFS
[Parsed_ebur128_0 @ 0x75bec0d2c0] t: 249.699979 TARGET:-23 LUFS    M: -18.2 S: -15.9     I: -16.2 LUFS       LRA:   2.9 LU  FTPK:  -5.7 dBFS  TPK:  -1.4 dBFS
[Parsed_ebur128_0 @ 0x75bec0d2c0] t: 249.799979 TARGET:-23 LUFS    M: -16.9 S: -15.7     I: -16.2 LUFS       LRA:   2.9 LU  FTPK:  -3.8 dBFS  TPK:  -1.4 dBFS
[Parsed_ebur128_0 @ 0x75bec0d2c0] t: 249.899979 TARGET:-23 LUFS    M: -16.2 S: -15.6     I: -16.2 LUFS       LRA:   2.9 LU  FTPK:  -1.5 dBFS  TPK:  -1.4 dBFS
[Parsed_ebur128_0 @ 0x75bec0d2c0] t: 249.999979 TARGET:-23 LUFS    M: -15.5 S: -15.4     I: -16.2 LUFS       LRA:   2.9 LU  FTPK:  -3.9 dBFS  TPK:  -1.4 dBFS
[Parsed_ebur128_0 @ 0x75bec0d2c0] t: 250.099979 TARGET:-23 LUFS    M: -15.6 S: -15.4     I: -16.2 LUFS       LRA:   2.9 LU  FTPK:  -6.4 dBFS  TPK:  -1.4 dBFS
[Parsed_ebur128_0 @ 0x75bec0d2c0] t: 250.199979 TARGET:-23 LUFS    M: -16.2 S: -15.3     I: -16.2 LUFS       LRA:   2.9 LU  FTPK:  -9.2 dBFS  TPK:  -1.4 dBFS
[Parsed_ebur128_0 @ 0x75bec0d2c0] t: 250.299979 TARGET:-23 LUFS    M: -16.3 S: -15.4     I: -16.2 LUFS       LRA:   2.9 LU  FTPK:  -6.1 dBFS  TPK:  -1.4 dBFS
[Parsed_ebur128_0 @ 0x75bec0d2c0] t: 250.399979 TARGET:-23 LUFS    M: -17.6 S: -15.4     I: -16.2 LUFS       LRA:   2.9 LU  FTPK:  -6.2 dBFS  TPK:  -1.4 dBFS
[Parsed_ebur128_0 @ 0x75bec0d2c0] t: 250.499979 TARGET:-23 LUFS    M: -18.1 S: -15.7     I: -16.2 LUFS       LRA:   2.9 LU  FTPK:  -6.9 dBFS  TPK:  -1.4 dBFS
[Parsed_ebur128_0 @ 0x75bec0d2c0] t: 250.599979 TARGET:-23 LUFS    M: -18.9 S: -16.1     I: -16.2 LUFS       LRA:   2.9 LU  FTPK:  -8.3 dBFS  TPK:  -1.4 dBFS
[Parsed_ebur128_0 @ 0x75bec0d2c0] t: 250.699979 TARGET:-23 LUFS    M: -21.1 S: -16.2     I: -16.2 LUFS       LRA:   2.9 LU  FTPK: -34.7 dBFS  TPK:  -1.4 dBFS
[Parsed_ebur128_0 @ 0x75bec0d2c0] t: 250.799979 TARGET:-23 LUFS    M: -25.5 S: -16.4     I: -16.2 LUFS       LRA:   2.9 LU  FTPK: -63.2 dBFS  TPK:  -1.4 dBFS
[Parsed_ebur128_0 @ 0x75bec0d2c0] t: 250.899979 TARGET:-23 LUFS    M: -31.6 S: -16.6     I: -16.2 LUFS       LRA:   2.9 LU  FTPK:  -inf dBFS  TPK:  -1.4 dBFS
[Parsed_ebur128_0 @ 0x75bec0d2c0] t: 250.999979 TARGET:-23 LUFS    M: -58.5 S: -16.6     I: -16.2 LUFS       LRA:   2.9 LU  FTPK:  -inf dBFS  TPK:  -1.4 dBFS
[Parsed_ebur128_0 @ 0x75bec0d2c0] t: 251.099979 TARGET:-23 LUFS    M: -86.3 S: -17.0     I: -16.2 LUFS       LRA:   2.9 LU  FTPK:  -inf dBFS  TPK:  -1.4 dBFS
[Parsed_silencedetect_1 @ 0x75bec0d380] silence_start: 250.605729
[Parsed_ebur128_0 @ 0x75bec0d2c0] t: 251.199979 TARGET:-23 LUFS    M:   nan S: -17.5     I: -16.2 LUFS       LRA:   2.9 LU  FTPK:  -inf dBFS  TPK:  -1.4 dBFS
[Parsed_ebur128_0 @ 0x75bec0d2c0] t: 251.299979 TARGET:-23 LUFS    M:   nan S: -17.7     I: -16.2 LUFS       LRA:   2.9 LU  FTPK:  -inf dBFS  TPK:  -1.4 dBFS
[Parsed_ebur128_0 @ 0x75bec0d2c0] t: 251.399979 TARGET:-23 LUFS    M:   nan S: -18.1     I: -16.2 LUFS       LRA:   2.9 LU  FTPK:  -inf dBFS  TPK:  -1.4 dBFS
[Parsed_ebur128_0 @ 0x75bec0d2c0] t: 251.499979 TARGET:-23 LUFS    M:   nan S: -18.2     I: -16.2 LUFS       LRA:   2.9 LU  FTPK: -151.9 dBFS  TPK:  -1.4 dBFS
[Parsed_ebur128_0 @ 0x75bec0d2c0] t: 251.599979 TARGET:-23 LUFS    M: -83.0 S: -18.6     I: -16.2 LUFS       LRA:   2.9 LU  FTPK: -63.7 dBFS  TPK:  -1.4 dBFS
[Parsed_ebur128_0 @ 0x75bec0d2c0] t: 251.699979 TARGET:-23 LUFS    M: -19.9 S: -18.3     I: -16.2 LUFS       LRA:   2.9 LU  FTPK:  -1.5 dBFS  TPK:  -1.4 dBFS
[Parsed_silencedetect_1 @ 0x75bec0d380] silence_end: 251.613604 | silence_duration: 1.007875
[Parsed_ebur128_0 @ 0x75bec0d2c0] t: 251.799979 TARGET:-23 LUFS    M: -19.2 S: -18.4     I: -16.2 LUFS       LRA:   2.9 LU  FTPK:  -5.0 dBFS  TPK:  -1.4 dBFS
[Parsed_ebur128_0 @ 0x75bec0d2c0] t: 251.899979 TARGET:-23 LUFS    M: -15.7 S: -18.1     I: -16.2 LUFS       LRA:   2.9 LU  FTPK:  -2.3 dBFS  TPK:  -1.4 dBFS
[Parsed_ebur128_0 @ 0x75bec0d2c0] t: 251.999979 TARGET:-23 LUFS    M: -14.2 S: -17.8     I: -16.2 LUFS       LRA:   2.9 LU  FTPK:  -2.2 dBFS  TPK:  -1.4 dBFS
[Parsed_ebur128_0 @ 0x75bec0d2c0] t: 252.099979 TARGET:-23 LUFS    M: -13.8 S: -17.7     I: -16.2 LUFS       LRA:   2.9 LU  FTPK:  -1.5 dBFS  TPK:  -1.4 dBFS
[Parsed_ebur128_0 @ 0x75bec0d2c0] t: 252.199979 TARGET:-23 LUFS    M: -13.0 S: -17.8     I: -16.2 LUFS       LRA:   2.9 LU  FTPK:  -3.6 dBFS  TPK:  -1.4 dBFS
[Parsed_ebur128_0 @ 0x75bec0d2c0] t: 252.299979 TARGET:-23 LUFS    M: -13.4 S: -17.5     I: -16.2 LUFS       LRA:   2.9 LU  FTPK:  -1.6 dBFS  TPK:  -1.4 dBFS
[Parsed_ebur128_0 @ 0x75bec0d2c0] t: 252.399979 TARGET:-23 LUFS    M: -14.4 S: -17.5     I: -16.2 LUFS       LRA:   2.9 LU  FTPK:  -6.9 dBFS  TPK:  -1.4 dBFS
[Parsed_ebur128_0 @ 0x75bec0d2c0] t: 252.499979 TARGET:-23 LUFS    M: -16.3 S: -17.6     I: -16.2 LUFS       LRA:   2.9 LU  FTPK: -12.5 dBFS  TPK:  -1.4 dBFS
[Parsed_ebur128_0 @ 0x75bec0d2c0] t: 252.599979 TARGET:-23 LUFS    M: -17.5 S: -17.7     I: -16.2 LUFS       LRA:   2.9 LU  FTPK:  -5.7 dBFS  TPK:  -1.4 dBFS
[Parsed_ebur128_0 @ 0x75bec0d2c0] t: 252.699979 TARGET:-23 LUFS    M: -19.3 S: -17.7     I: -16.2 LUFS       LRA:   2.9 LU  FTPK:  -7.0 dBFS  TPK:  -1.4 dBFS
[Parsed_ebur128_0 @ 0x75bec0d2c0] t: 252.799979 TARGET:-23 LUFS    M: -16.3 S: -17.4     I: -16.2 LUFS       LRA:   2.9 LU  FTPK:  -1.5 dBFS  TPK:  -1.4 dBFS
[Parsed_ebur128_0 @ 0x75bec0d2c0] t: 252.899979 TARGET:-23 LUFS    M: -15.5 S: -17.5     I: -16.2 LUFS       LRA:   2.9 LU  FTPK:  -6.0 dBFS  TPK:  -1.4 dBFS
[Parsed_ebur128_0 @ 0x75bec0d2c0] t: 252.999979 TARGET:-23 LUFS    M: -15.8 S: -17.7     I: -16.2 LUFS       LRA:   2.9 LU  FTPK:  -8.9 dBFS  TPK:  -1.4 dBFS
[Parsed_ebur128_0 @ 0x75bec0d2c0] t: 253.099979 TARGET:-23 LUFS    M: -16.4 S: -17.8     I: -16.2 LUFS       LRA:   2.9 LU  FTPK: -10.6 dBFS  TPK:  -1.4 dBFS
[Parsed_ebur128_0 @ 0x75bec0d2c0] t: 253.199979 TARGET:-23 LUFS    M: -16.9 S: -17.6     I: -16.2 LUFS       LRA:   2.9 LU  FTPK:  -1.5 dBFS  TPK:  -1.4 dBFS
[Parsed_ebur128_0 @ 0x75bec0d2c0] t: 253.299979 TARGET:-23 LUFS    M: -15.2 S: -17.2     I: -16.2 LUFS       LRA:   2.9 LU  FTPK:  -3.3 dBFS  TPK:  -1.4 dBFS
[Parsed_ebur128_0 @ 0x75bec0d2c0] t: 253.399979 TARGET:-23 LUFS    M: -14.5 S: -17.1     I: -16.2 LUFS       LRA:   2.9 LU  FTPK:  -5.3 dBFS  TPK:  -1.4 dBFS
[Parsed_ebur128_0 @ 0x75bec0d2c0] t: 253.499979 TARGET:-23 LUFS    M: -13.1 S: -16.8     I: -16.2 LUFS       LRA:   2.9 LU  FTPK:  -2.5 dBFS  TPK:  -1.4 dBFS
[Parsed_ebur128_0 @ 0x75bec0d2c0] t: 253.599979 TARGET:-23 LUFS    M: -13.9 S: -16.7     I: -16.2 LUFS       LRA:   2.9 LU  FTPK:  -5.9 dBFS  TPK:  -1.4 dBFS
[Parsed_ebur128_0 @ 0x75bec0d2c0] t: 253.699979 TARGET:-23 LUFS    M: -14.9 S: -16.5     I: -16.2 LUFS       LRA:   2.9 LU  FTPK:  -7.4 dBFS  TPK:  -1.4 dBFS
[Parsed_ebur128_0 @ 0x75bec0d2c0] t: 253.799979 TARGET:-23 LUFS    M: -14.0 S: -16.2     I: -16.2 LUFS       LRA:   2.9 LU  FTPK:  -1.5 dBFS  TPK:  -1.4 dBFS
[Parsed_ebur128_0 @ 0x75bec0d2c0] t: 253.899979 TARGET:-23 LUFS    M: -15.1 S: -16.0     I: -16.2 LUFS       LRA:   2.9 LU  FTPK:  -5.1 dBFS  TPK:  -1.4 dBFS
[Parsed_ebur128_0 @ 0x75bec0d2c0] t: 253.999979 TARGET:-23 LUFS    M: -15.0 S: -15.9     I: -16.2 LUFS       LRA:   2.9 LU  FTPK:  -5.2 dBFS  TPK:  -1.4 dBFS
[Parsed_ebur128_0 @ 0x75bec0d2c0] t: 254.099979 TARGET:-23 LUFS    M: -15.7 S: -15.9     I: -16.2 LUFS       LRA:   2.9 LU  FTPK:  -9.8 dBFS  TPK:  -1.4 dBFS
[Parsed_ebur128_0 @ 0x75bec0d2c0] t: 254.199979 TARGET:-23 LUFS    M: -19.1 S: -15.9     I: -16.2 LUFS       LRA:   2.9 LU  FTPK: -10.4 dBFS  TPK:  -1.4 dBFS
[Parsed_ebur128_0 @ 0x75bec0d2c0] t: 254.299979 TARGET:-23 LUFS    M: -19.5 S: -15.8     I: -16.2 LUFS       LRA:   2.9 LU  FTPK:  -5.1 dBFS  TPK:  -1.4 dBFS
[Parsed_ebur128_0 @ 0x75bec0d2c0] t: 254.399979 TARGET:-23 LUFS    M: -19.0 S: -15.7     I: -16.2 LUFS       LRA:   2.9 LU  FTPK:  -4.7 dBFS  TPK:  -1.4 dBFS
[Parsed_ebur128_0 @ 0x75bec0d2c0] t: 254.499979 TARGET:-23 LUFS    M: -19.1 S: -15.6     I: -16.2 LUFS       LRA:   2.9 LU  FTPK: -11.9 dBFS  TPK:  -1.4 dBFS
[Parsed_ebur128_0 @ 0x75bec0d2c0] t: 254.599979 TARGET:-23 LUFS    M: -19.0 S: -15.6     I: -16.2 LUFS       LRA:   2.9 LU  FTPK:  -9.6 dBFS  TPK:  -1.4 dBFS
[Parsed_ebur128_0 @ 0x75bec0d2c0] t: 254.699979 TARGET:-23 LUFS    M: -20.2 S: -15.8     I: -16.2 LUFS       LRA:   2.9 LU  FTPK: -12.6 dBFS  TPK:  -1.4 dBFS
[Parsed_ebur128_0 @ 0x75bec0d2c0] t: 254.799979 TARGET:-23 LUFS    M: -23.2 S: -15.8     I: -16.2 LUFS       LRA:   2.9 LU  FTPK:  -9.8 dBFS  TPK:  -1.4 dBFS
[Parsed_ebur128_0 @ 0x75bec0d2c0] t: 254.899979 TARGET:-23 LUFS    M: -24.4 S: -16.2     I: -16.2 LUFS       LRA:   2.9 LU  FTPK: -43.1 dBFS  TPK:  -1.4 dBFS
[Parsed_ebur128_0 @ 0x75bec0d2c0] t: 254.999979 TARGET:-23 LUFS    M: -26.2 S: -16.4     I: -16.2 LUFS       LRA:   2.9 LU  FTPK: -43.3 dBFS  TPK:  -1.4 dBFS
[Parsed_ebur128_0 @ 0x75bec0d2c0] t: 255.099979 TARGET:-23 LUFS    M: -21.9 S: -16.7     I: -16.2 LUFS       LRA:   2.9 LU  FTPK:  -4.2 dBFS  TPK:  -1.4 dBFS
[Parsed_ebur128_0 @ 0x75bec0d2c0] t: 255.199979 TARGET:-23 LUFS    M: -19.9 S: -16.8     I: -16.2 LUFS       LRA:   2.9 LU  FTPK:  -1.5 dBFS  TPK:  -1.4 dBFS
[Parsed_ebur128_0 @ 0x75bec0d2c0] t: 255.299979 TARGET:-23 LUFS    M: -15.5 S: -16.6     I: -16.2 LUFS       LRA:   2.9 LU  FTPK:  -1.5 dBFS  TPK:  -1.4 dBFS
[Parsed_ebur128_0 @ 0x75bec0d2c0] t: 255.399979 TARGET:-23 LUFS    M: -14.3 S: -16.4     I: -16.2 LUFS       LRA:   2.9 LU  FTPK:  -4.1 dBFS  TPK:  -1.4 dBFS
[Parsed_ebur128_0 @ 0x75bec0d2c0] t: 255.499979 TARGET:-23 LUFS    M: -14.4 S: -16.3     I: -16.2 LUFS       LRA:   2.9 LU  FTPK:  -6.6 dBFS  TPK:  -1.4 dBFS
[Parsed_ebur128_0 @ 0x75bec0d2c0] t: 255.599979 TARGET:-23 LUFS    M: -14.3 S: -16.3     I: -16.2 LUFS       LRA:   2.9 LU  FTPK:  -6.5 dBFS  TPK:  -1.4 dBFS
[Parsed_ebur128_0 @ 0x75bec0d2c0] t: 255.699979 TARGET:-23 LUFS    M: -16.6 S: -16.3     I: -16.2 LUFS       LRA:   2.9 LU  FTPK:  -8.2 dBFS  TPK:  -1.4 dBFS
[Parsed_ebur128_0 @ 0x75bec0d2c0] t: 255.799979 TARGET:-23 LUFS    M: -18.7 S: -16.7     I: -16.2 LUFS       LRA:   2.9 LU  FTPK:  -9.0 dBFS  TPK:  -1.4 dBFS
[Parsed_ebur128_0 @ 0x75bec0d2c0] t: 255.899979 TARGET:-23 LUFS    M: -17.5 S: -16.6     I: -16.2 LUFS       LRA:   2.9 LU  FTPK:  -3.7 dBFS  TPK:  -1.4 dBFS
[Parsed_ebur128_0 @ 0x75bec0d2c0] t: 255.999979 TARGET:-23 LUFS    M: -17.6 S: -16.5     I: -16.2 LUFS       LRA:   2.9 LU  FTPK:  -6.6 dBFS  TPK:  -1.4 dBFS
[Parsed_ebur128_0 @ 0x75bec0d2c0] t: 256.099979 TARGET:-23 LUFS    M: -17.5 S: -16.5     I: -16.2 LUFS       LRA:   2.9 LU  FTPK:  -7.2 dBFS  TPK:  -1.4 dBFS
[Parsed_ebur128_0 @ 0x75bec0d2c0] t: 256.199979 TARGET:-23 LUFS    M: -15.8 S: -16.5     I: -16.2 LUFS       LRA:   2.9 LU  FTPK:  -1.5 dBFS  TPK:  -1.4 dBFS
[Parsed_ebur128_0 @ 0x75bec0d2c0] t: 256.299979 TARGET:-23 LUFS    M: -17.1 S: -16.9     I: -16.2 LUFS       LRA:   2.9 LU  FTPK:  -8.3 dBFS  TPK:  -1.4 dBFS
[Parsed_ebur128_0 @ 0x75bec0d2c0] t: 256.399979 TARGET:-23 LUFS    M: -17.2 S: -17.0     I: -16.2 LUFS       LRA:   2.9 LU  FTPK:  -7.8 dBFS  TPK:  -1.4 dBFS
[Parsed_ebur128_0 @ 0x75bec0d2c0] t: 256.499979 TARGET:-23 LUFS    M: -17.2 S: -17.3     I: -16.2 LUFS       LRA:   2.9 LU  FTPK:  -6.8 dBFS  TPK:  -1.4 dBFS
[Parsed_ebur128_0 @ 0x75bec0d2c0] t: 256.599979 TARGET:-23 LUFS    M: -19.1 S: -17.3     I: -16.2 LUFS       LRA:   2.9 LU  FTPK:  -7.2 dBFS  TPK:  -1.4 dBFS
[Parsed_ebur128_0 @ 0x75bec0d2c0] t: 256.699979 TARGET:-23 LUFS    M: -19.4 S: -17.5     I: -16.2 LUFS       LRA:   2.9 LU  FTPK: -10.3 dBFS  TPK:  -1.4 dBFS
[Parsed_ebur128_0 @ 0x75bec0d2c0] t: 256.799979 TARGET:-23 LUFS    M: -20.0 S: -17.9     I: -16.2 LUFS       LRA:   2.9 LU  FTPK:  -6.0 dBFS  TPK:  -1.4 dBFS
[Parsed_ebur128_0 @ 0x75bec0d2c0] t: 256.899979 TARGET:-23 LUFS    M: -20.6 S: -18.1     I: -16.2 LUFS       LRA:   2.9 LU  FTPK: -10.3 dBFS  TPK:  -1.4 dBFS
[Parsed_ebur128_0 @ 0x75bec0d2c0] t: 256.999979 TARGET:-23 LUFS    M: -18.8 S: -18.0     I: -16.2 LUFS       LRA:   2.9 LU  FTPK:  -2.5 dBFS  TPK:  -1.4 dBFS
[Parsed_ebur128_0 @ 0x75bec0d2c0] t: 257.099979 TARGET:-23 LUFS    M: -15.2 S: -17.4     I: -16.2 LUFS       LRA:   2.9 LU  FTPK:  -2.6 dBFS  TPK:  -1.4 dBFS
[Parsed_ebur128_0 @ 0x75bec0d2c0] t: 257.199979 TARGET:-23 LUFS    M: -15.3 S: -17.3     I: -16.2 LUFS       LRA:   2.9 LU  FTPK:  -6.9 dBFS  TPK:  -1.4 dBFS
[Parsed_ebur128_0 @ 0x75bec0d2c0] t: 257.299979 TARGET:-23 LUFS    M: -15.4 S: -17.4     I: -16.2 LUFS       LRA:   2.9 LU  FTPK:  -9.3 dBFS  TPK:  -1.4 dBFS
[Parsed_ebur128_0 @ 0x75bec0d2c0] t: 257.399979 TARGET:-23 LUFS    M: -16.6 S: -17.6     I: -16.2 LUFS       LRA:   2.9 LU  FTPK: -26.0 dBFS  TPK:  -1.4 dBFS
[Parsed_ebur128_0 @ 0x75bec0d2c0] t: 257.499979 TARGET:-23 LUFS    M: -24.7 S: -17.7     I: -16.2 LUFS       LRA:   2.9 LU  FTPK: -53.9 dBFS  TPK:  -1.4 dBFS
[Parsed_ebur128_0 @ 0x75bec0d2c0] t: 257.599979 TARGET:-23 LUFS    M: -29.6 S: -17.7     I: -16.2 LUFS       LRA:   2.9 LU  FTPK: -67.9 dBFS  TPK:  -1.4 dBFS
[Parsed_ebur128_0 @ 0x75bec0d2c0] t: 257.699979 TARGET:-23 LUFS    M: -47.1 S: -17.8     I: -16.2 LUFS       LRA:   2.9 LU  FTPK: -68.6 dBFS  TPK:  -1.4 dBFS
[Parsed_ebur128_0 @ 0x75bec0d2c0] t: 257.799979 TARGET:-23 LUFS    M: -77.2 S: -17.8     I: -16.2 LUFS       LRA:   2.9 LU  FTPK: -68.7 dBFS  TPK:  -1.4 dBFS
[Parsed_silencedetect_1 @ 0x75bec0d380] silence_start: 257.344396
[Parsed_ebur128_0 @ 0x75bec0d2c0] t: 257.899979 TARGET:-23 LUFS    M: -84.2 S: -17.8     I: -16.2 LUFS       LRA:   2.9 LU  FTPK: -69.1 dBFS  TPK:  -1.4 dBFS
[Parsed_ebur128_0 @ 0x75bec0d2c0] t: 257.999979 TARGET:-23 LUFS    M: -84.5 S: -17.8     I: -16.2 LUFS       LRA:   2.9 LU  FTPK: -68.7 dBFS  TPK:  -1.4 dBFS
[Parsed_ebur128_0 @ 0x75bec0d2c0] t: 258.099979 TARGET:-23 LUFS    M: -84.6 S: -18.0     I: -16.2 LUFS       LRA:   2.9 LU  FTPK: -69.1 dBFS  TPK:  -1.4 dBFS
[Parsed_ebur128_0 @ 0x75bec0d2c0] t: 258.199979 TARGET:-23 LUFS    M: -82.9 S: -18.2     I: -16.2 LUFS       LRA:   2.9 LU  FTPK: -59.1 dBFS  TPK:  -1.4 dBFS
[Parsed_ebur128_0 @ 0x75bec0d2c0] t: 258.299979 TARGET:-23 LUFS    M: -82.1 S: -18.9     I: -16.2 LUFS       LRA:   2.9 LU  FTPK: -63.2 dBFS  TPK:  -1.4 dBFS
[Parsed_ebur128_0 @ 0x75bec0d2c0] t: 258.399979 TARGET:-23 LUFS    M: -28.1 S: -19.3     I: -16.2 LUFS       LRA:   2.9 LU  FTPK:  -5.8 dBFS  TPK:  -1.4 dBFS
[Parsed_silencedetect_1 @ 0x75bec0d380] silence_end: 258.355771 | silence_duration: 1.011375
[Parsed_ebur128_0 @ 0x75bec0d2c0] t: 258.499979 TARGET:-23 LUFS    M: -17.4 S: -18.7     I: -16.2 LUFS       LRA:   2.9 LU  FTPK:  -1.5 dBFS  TPK:  -1.4 dBFS
[Parsed_ebur128_0 @ 0x75bec0d2c0] t: 258.599979 TARGET:-23 LUFS    M: -15.3 S: -18.5     I: -16.2 LUFS       LRA:   2.9 LU  FTPK:  -1.5 dBFS  TPK:  -1.4 dBFS
[Parsed_ebur128_0 @ 0x75bec0d2c0] t: 258.699979 TARGET:-23 LUFS    M: -13.1 S: -17.9     I: -16.2 LUFS       LRA:   2.9 LU  FTPK:  -1.5 dBFS  TPK:  -1.4 dBFS
[Parsed_ebur128_0 @ 0x75bec0d2c0] t: 258.799979 TARGET:-23 LUFS    M: -13.0 S: -17.8     I: -16.2 LUFS       LRA:   2.9 LU  FTPK:  -7.7 dBFS  TPK:  -1.4 dBFS
[Parsed_ebur128_0 @ 0x75bec0d2c0] t: 258.899979 TARGET:-23 LUFS    M: -13.4 S: -17.7     I: -16.2 LUFS       LRA:   2.9 LU  FTPK:  -1.9 dBFS  TPK:  -1.4 dBFS
[Parsed_ebur128_0 @ 0x75bec0d2c0] t: 258.999979 TARGET:-23 LUFS    M: -14.5 S: -17.8     I: -16.2 LUFS       LRA:   2.9 LU  FTPK: -11.5 dBFS  TPK:  -1.4 dBFS
[Parsed_ebur128_0 @ 0x75bec0d2c0] t: 259.099979 TARGET:-23 LUFS    M: -15.4 S: -17.5     I: -16.2 LUFS       LRA:   2.9 LU  FTPK:  -1.5 dBFS  TPK:  -1.4 dBFS
[Parsed_ebur128_0 @ 0x75bec0d2c0] t: 259.199979 TARGET:-23 LUFS    M: -15.4 S: -17.7     I: -16.2 LUFS       LRA:   2.9 LU  FTPK:  -6.9 dBFS  TPK:  -1.4 dBFS
[Parsed_ebur128_0 @ 0x75bec0d2c0] t: 259.299979 TARGET:-23 LUFS    M: -16.2 S: -17.5     I: -16.2 LUFS       LRA:   2.9 LU  FTPK:  -2.5 dBFS  TPK:  -1.4 dBFS
[Parsed_ebur128_0 @ 0x75bec0d2c0] t: 259.399979 TARGET:-23 LUFS    M: -15.1 S: -17.4     I: -16.2 LUFS       LRA:   2.9 LU  FTPK:  -5.9 dBFS  TPK:  -1.4 dBFS
[Parsed_ebur128_0 @ 0x75bec0d2c0] t: 259.499979 TARGET:-23 LUFS    M: -16.1 S: -17.3     I: -16.2 LUFS       LRA:   2.9 LU  FTPK:  -4.9 dBFS  TPK:  -1.4 dBFS
[Parsed_ebur128_0 @ 0x75bec0d2c0] t: 259.599979 TARGET:-23 LUFS    M: -16.5 S: -17.4     I: -16.2 LUFS       LRA:   2.9 LU  FTPK: -15.8 dBFS  TPK:  -1.4 dBFS
[Parsed_ebur128_0 @ 0x75bec0d2c0] t: 259.699979 TARGET:-23 LUFS    M: -14.8 S: -16.8     I: -16.2 LUFS       LRA:   2.9 LU  FTPK:  -1.5 dBFS  TPK:  -1.4 dBFS
[Parsed_ebur128_0 @ 0x75bec0d2c0] t: 259.799979 TARGET:-23 LUFS    M: -15.5 S: -16.9     I: -16.2 LUFS       LRA:   2.9 LU  FTPK:  -8.2 dBFS  TPK:  -1.4 dBFS
[Parsed_ebur128_0 @ 0x75bec0d2c0] t: 259.899979 TARGET:-23 LUFS    M: -15.7 S: -16.8     I: -16.2 LUFS       LRA:   2.9 LU  FTPK:  -7.5 dBFS  TPK:  -1.4 dBFS
[Parsed_ebur128_0 @ 0x75bec0d2c0] t: 259.999979 TARGET:-23 LUFS    M: -14.9 S: -16.8     I: -16.2 LUFS       LRA:   2.9 LU  FTPK:  -6.6 dBFS  TPK:  -1.4 dBFS
[Parsed_ebur128_0 @ 0x75bec0d2c0] t: 260.099979 TARGET:-23 LUFS    M: -16.9 S: -17.1     I: -16.2 LUFS       LRA:   2.9 LU  FTPK:  -5.9 dBFS  TPK:  -1.4 dBFS
[Parsed_ebur128_0 @ 0x75bec0d2c0] t: 260.199979 TARGET:-23 LUFS    M: -14.6 S: -16.7     I: -16.2 LUFS       LRA:   2.9 LU  FTPK:  -1.5 dBFS  TPK:  -1.4 dBFS
[Parsed_ebur128_0 @ 0x75bec0d2c0] t: 260.299979 TARGET:-23 LUFS    M: -13.9 S: -16.5     I: -16.2 LUFS       LRA:   2.9 LU  FTPK:  -4.5 dBFS  TPK:  -1.4 dBFS
[Parsed_ebur128_0 @ 0x75bec0d2c0] t: 260.399979 TARGET:-23 LUFS    M: -13.6 S: -16.2     I: -16.2 LUFS       LRA:   2.9 LU  FTPK:  -3.5 dBFS  TPK:  -1.4 dBFS
[Parsed_ebur128_0 @ 0x75bec0d2c0] t: 260.499979 TARGET:-23 LUFS    M: -14.1 S: -16.2     I: -16.2 LUFS       LRA:   2.9 LU  FTPK:  -8.6 dBFS  TPK:  -1.4 dBFS
[Parsed_ebur128_0 @ 0x75bec0d2c0] t: 260.599979 TARGET:-23 LUFS    M: -16.2 S: -16.1     I: -16.2 LUFS       LRA:   2.9 LU  FTPK: -10.3 dBFS  TPK:  -1.4 dBFS
[Parsed_ebur128_0 @ 0x75bec0d2c0] t: 260.699979 TARGET:-23 LUFS    M: -18.2 S: -16.1     I: -16.2 LUFS       LRA:   2.9 LU  FTPK:  -8.4 dBFS  TPK:  -1.4 dBFS
[Parsed_ebur128_0 @ 0x75bec0d2c0] t: 260.799979 TARGET:-23 LUFS    M: -20.7 S: -16.0     I: -16.2 LUFS       LRA:   2.9 LU  FTPK:  -5.3 dBFS  TPK:  -1.4 dBFS
[Parsed_ebur128_0 @ 0x75bec0d2c0] t: 260.899979 TARGET:-23 LUFS    M: -19.6 S: -15.9     I: -16.2 LUFS       LRA:   2.9 LU  FTPK:  -4.8 dBFS  TPK:  -1.4 dBFS
[Parsed_ebur128_0 @ 0x75bec0d2c0] t: 260.999979 TARGET:-23 LUFS    M: -16.8 S: -15.7     I: -16.2 LUFS       LRA:   2.9 LU  FTPK:  -1.5 dBFS  TPK:  -1.4 dBFS
[Parsed_ebur128_0 @ 0x75bec0d2c0] t: 261.099979 TARGET:-23 LUFS    M: -16.2 S: -15.6     I: -16.2 LUFS       LRA:   2.9 LU  FTPK:  -4.9 dBFS  TPK:  -1.4 dBFS
[Parsed_ebur128_0 @ 0x75bec0d2c0] t: 261.199979 TARGET:-23 LUFS    M: -15.0 S: -15.4     I: -16.2 LUFS       LRA:   2.9 LU  FTPK:  -1.5 dBFS  TPK:  -1.4 dBFS
[Parsed_ebur128_0 @ 0x75bec0d2c0] t: 261.299979 TARGET:-23 LUFS    M: -14.1 S: -15.1     I: -16.2 LUFS       LRA:   2.9 LU  FTPK:  -1.5 dBFS  TPK:  -1.4 dBFS
[Parsed_ebur128_0 @ 0x75bec0d2c0] t: 261.399979 TARGET:-23 LUFS    M: -15.3 S: -15.1     I: -16.2 LUFS       LRA:   2.9 LU  FTPK:  -7.3 dBFS  TPK:  -1.4 dBFS
[Parsed_ebur128_0 @ 0x75bec0d2c0] t: 261.499979 TARGET:-23 LUFS    M: -15.6 S: -15.4     I: -16.2 LUFS       LRA:   2.9 LU  FTPK:  -3.0 dBFS  TPK:  -1.4 dBFS
[Parsed_ebur128_0 @ 0x75bec0d2c0] t: 261.599979 TARGET:-23 LUFS    M: -15.1 S: -15.3     I: -16.2 LUFS       LRA:   2.9 LU  FTPK:  -3.3 dBFS  TPK:  -1.4 dBFS
[Parsed_ebur128_0 @ 0x75bec0d2c0] t: 261.699979 TARGET:-23 LUFS    M: -16.9 S: -15.7     I: -16.2 LUFS       LRA:   2.9 LU  FTPK:  -6.2 dBFS  TPK:  -1.4 dBFS
[Parsed_ebur128_0 @ 0x75bec0d2c0] t: 261.799979 TARGET:-23 LUFS    M: -17.1 S: -15.7     I: -16.2 LUFS       LRA:   2.9 LU  FTPK:  -7.7 dBFS  TPK:  -1.4 dBFS
[Parsed_ebur128_0 @ 0x75bec0d2c0] t: 261.899979 TARGET:-23 LUFS    M: -16.4 S: -15.9     I: -16.2 LUFS       LRA:   2.9 LU  FTPK:  -4.5 dBFS  TPK:  -1.4 dBFS
[Parsed_ebur128_0 @ 0x75bec0d2c0] t: 261.999979 TARGET:-23 LUFS    M: -16.7 S: -15.6     I: -16.2 LUFS       LRA:   2.9 LU  FTPK:  -1.5 dBFS  TPK:  -1.4 dBFS
[Parsed_ebur128_0 @ 0x75bec0d2c0] t: 262.099979 TARGET:-23 LUFS    M: -16.7 S: -15.8     I: -16.2 LUFS       LRA:   2.9 LU  FTPK: -11.8 dBFS  TPK:  -1.4 dBFS
[Parsed_ebur128_0 @ 0x75bec0d2c0] t: 262.199979 TARGET:-23 LUFS    M: -14.8 S: -15.6     I: -16.2 LUFS       LRA:   2.9 LU  FTPK:  -4.2 dBFS  TPK:  -1.4 dBFS
[Parsed_ebur128_0 @ 0x75bec0d2c0] t: 262.299979 TARGET:-23 LUFS    M: -15.0 S: -15.7     I: -16.2 LUFS       LRA:   2.9 LU  FTPK:  -7.5 dBFS  TPK:  -1.4 dBFS
[Parsed_ebur128_0 @ 0x75bec0d2c0] t: 262.399979 TARGET:-23 LUFS    M: -16.8 S: -15.8     I: -16.2 LUFS       LRA:   2.9 LU  FTPK: -12.9 dBFS  TPK:  -1.4 dBFS
[Parsed_ebur128_0 @ 0x75bec0d2c0] t: 262.499979 TARGET:-23 LUFS    M: -17.1 S: -16.0     I: -16.2 LUFS       LRA:   2.9 LU  FTPK:  -9.4 dBFS  TPK:  -1.4 dBFS
[Parsed_ebur128_0 @ 0x75bec0d2c0] t: 262.599979 TARGET:-23 LUFS    M: -16.4 S: -15.6     I: -16.2 LUFS       LRA:   2.9 LU  FTPK:  -1.5 dBFS  TPK:  -1.4 dBFS
[Parsed_ebur128_0 @ 0x75bec0d2c0] t: 262.699979 TARGET:-23 LUFS    M: -16.4 S: -15.9     I: -16.2 LUFS       LRA:   2.9 LU  FTPK:  -5.5 dBFS  TPK:  -1.4 dBFS
[Parsed_ebur128_0 @ 0x75bec0d2c0] t: 262.799979 TARGET:-23 LUFS    M: -16.5 S: -16.0     I: -16.2 LUFS       LRA:   2.9 LU  FTPK: -16.9 dBFS  TPK:  -1.4 dBFS
[Parsed_ebur128_0 @ 0x75bec0d2c0] t: 262.899979 TARGET:-23 LUFS    M: -16.7 S: -16.1     I: -16.2 LUFS       LRA:   2.9 LU  FTPK: -26.3 dBFS  TPK:  -1.4 dBFS
[Parsed_ebur128_0 @ 0x75bec0d2c0] t: 262.999979 TARGET:-23 LUFS    M: -23.0 S: -16.2     I: -16.2 LUFS       LRA:   2.9 LU  FTPK: -65.7 dBFS  TPK:  -1.4 dBFS
[Parsed_ebur128_0 @ 0x75bec0d2c0] t: 263.099979 TARGET:-23 LUFS    M: -35.8 S: -16.4     I: -16.2 LUFS       LRA:   2.9 LU  FTPK: -135.6 dBFS  TPK:  -1.4 dBFS
[Parsed_ebur128_0 @ 0x75bec0d2c0] t: 263.199979 TARGET:-23 LUFS    M: -48.7 S: -16.8     I: -16.2 LUFS       LRA:   2.9 LU  FTPK:  -inf dBFS  TPK:  -1.4 dBFS
[Parsed_ebur128_0 @ 0x75bec0d2c0] t: 263.299979 TARGET:-23 LUFS    M: -86.9 S: -17.2     I: -16.2 LUFS       LRA:   2.9 LU  FTPK:  -inf dBFS  TPK:  -1.4 dBFS
[Parsed_silencedetect_1 @ 0x75bec0d380] silence_start: 262.818187
[Parsed_ebur128_0 @ 0x75bec0d2c0] t: 263.399979 TARGET:-23 LUFS    M:-143.1 S: -17.4     I: -16.2 LUFS       LRA:   2.9 LU  FTPK:  -inf dBFS  TPK:  -1.4 dBFS
[Parsed_ebur128_0 @ 0x75bec0d2c0] t: 263.499979 TARGET:-23 LUFS    M:   nan S: -17.5     I: -16.2 LUFS       LRA:   2.9 LU  FTPK:  -inf dBFS  TPK:  -1.4 dBFS
[Parsed_ebur128_0 @ 0x75bec0d2c0] t: 263.599979 TARGET:-23 LUFS    M:   nan S: -17.6     I: -16.2 LUFS       LRA:   2.9 LU  FTPK:  -inf dBFS  TPK:  -1.4 dBFS
[Parsed_ebur128_0 @ 0x75bec0d2c0] t: 263.699979 TARGET:-23 LUFS    M:   nan S: -17.6     I: -16.2 LUFS       LRA:   2.9 LU  FTPK:  -inf dBFS  TPK:  -1.4 dBFS
[Parsed_ebur128_0 @ 0x75bec0d2c0] t: 263.799979 TARGET:-23 LUFS    M: -84.7 S: -17.7     I: -16.2 LUFS       LRA:   2.9 LU  FTPK: -63.5 dBFS  TPK:  -1.4 dBFS
[Parsed_ebur128_0 @ 0x75bec0d2c0] t: 263.899979 TARGET:-23 LUFS    M: -19.5 S: -17.5     I: -16.2 LUFS       LRA:   2.9 LU  FTPK:  -1.5 dBFS  TPK:  -1.4 dBFS
[Parsed_silencedetect_1 @ 0x75bec0d380] silence_end: 263.832437 | silence_duration: 1.01425
[Parsed_ebur128_0 @ 0x75bec0d2c0] t: 263.999979 TARGET:-23 LUFS    M: -16.4 S: -17.5     I: -16.2 LUFS       LRA:   2.9 LU  FTPK:  -3.2 dBFS  TPK:  -1.4 dBFS
[Parsed_ebur128_0 @ 0x75bec0d2c0] t: 264.099979 TARGET:-23 LUFS    M: -15.7 S: -17.5     I: -16.2 LUFS       LRA:   2.9 LU  FTPK:  -3.7 dBFS  TPK:  -1.4 dBFS
[Parsed_ebur128_0 @ 0x75bec0d2c0] t: 264.199979 TARGET:-23 LUFS    M: -14.2 S: -17.5     I: -16.2 LUFS       LRA:   2.9 LU  FTPK:  -1.5 dBFS  TPK:  -1.4 dBFS
[Parsed_ebur128_0 @ 0x75bec0d2c0] t: 264.299979 TARGET:-23 LUFS    M: -13.7 S: -17.4     I: -16.2 LUFS       LRA:   2.9 LU  FTPK:  -1.5 dBFS  TPK:  -1.4 dBFS
[Parsed_ebur128_0 @ 0x75bec0d2c0] t: 264.399979 TARGET:-23 LUFS    M: -14.6 S: -17.4     I: -16.2 LUFS       LRA:   2.9 LU  FTPK:  -6.9 dBFS  TPK:  -1.4 dBFS
[Parsed_ebur128_0 @ 0x75bec0d2c0] t: 264.499979 TARGET:-23 LUFS    M: -14.3 S: -17.2     I: -16.2 LUFS       LRA:   2.9 LU  FTPK:  -6.2 dBFS  TPK:  -1.4 dBFS
[Parsed_ebur128_0 @ 0x75bec0d2c0] t: 264.599979 TARGET:-23 LUFS    M: -15.1 S: -17.5     I: -16.2 LUFS       LRA:   2.9 LU  FTPK:  -1.5 dBFS  TPK:  -1.4 dBFS
[Parsed_ebur128_0 @ 0x75bec0d2c0] t: 264.699979 TARGET:-23 LUFS    M: -15.2 S: -17.1     I: -16.2 LUFS       LRA:   2.9 LU  FTPK:  -1.6 dBFS  TPK:  -1.4 dBFS
[Parsed_ebur128_0 @ 0x75bec0d2c0] t: 264.799979 TARGET:-23 LUFS    M: -15.0 S: -17.0     I: -16.2 LUFS       LRA:   2.9 LU  FTPK:  -4.0 dBFS  TPK:  -1.4 dBFS
[Parsed_ebur128_0 @ 0x75bec0d2c0] t: 264.899979 TARGET:-23 LUFS    M: -15.2 S: -17.0     I: -16.2 LUFS       LRA:   2.9 LU  FTPK:  -6.3 dBFS  TPK:  -1.4 dBFS
[Parsed_ebur128_0 @ 0x75bec0d2c0] t: 264.999979 TARGET:-23 LUFS    M: -14.0 S: -16.9     I: -16.2 LUFS       LRA:   2.9 LU  FTPK:  -2.4 dBFS  TPK:  -1.4 dBFS
[Parsed_ebur128_0 @ 0x75bec0d2c0] t: 265.099979 TARGET:-23 LUFS    M: -15.9 S: -17.0     I: -16.2 LUFS       LRA:   2.9 LU  FTPK:  -6.7 dBFS  TPK:  -1.4 dBFS
[Parsed_ebur128_0 @ 0x75bec0d2c0] t: 265.199979 TARGET:-23 LUFS    M: -15.3 S: -17.1     I: -16.2 LUFS       LRA:   2.9 LU  FTPK:  -2.5 dBFS  TPK:  -1.4 dBFS
[Parsed_ebur128_0 @ 0x75bec0d2c0] t: 265.299979 TARGET:-23 LUFS    M: -15.9 S: -17.2     I: -16.2 LUFS       LRA:   2.9 LU  FTPK: -10.1 dBFS  TPK:  -1.4 dBFS
[Parsed_ebur128_0 @ 0x75bec0d2c0] t: 265.399979 TARGET:-23 LUFS    M: -18.5 S: -17.1     I: -16.2 LUFS       LRA:   2.9 LU  FTPK:  -5.1 dBFS  TPK:  -1.4 dBFS
[Parsed_ebur128_0 @ 0x75bec0d2c0] t: 265.499979 TARGET:-23 LUFS    M: -17.2 S: -17.0     I: -16.2 LUFS       LRA:   2.9 LU  FTPK:  -6.2 dBFS  TPK:  -1.4 dBFS
[Parsed_ebur128_0 @ 0x75bec0d2c0] t: 265.599979 TARGET:-23 LUFS    M: -18.5 S: -17.4     I: -16.2 LUFS       LRA:   2.9 LU  FTPK:  -5.5 dBFS  TPK:  -1.4 dBFS
[Parsed_ebur128_0 @ 0x75bec0d2c0] t: 265.699979 TARGET:-23 LUFS    M: -17.9 S: -17.4     I: -16.2 LUFS       LRA:   2.9 LU  FTPK:  -3.6 dBFS  TPK:  -1.4 dBFS
[Parsed_ebur128_0 @ 0x75bec0d2c0] t: 265.799979 TARGET:-23 LUFS    M: -16.3 S: -17.1     I: -16.2 LUFS       LRA:   2.9 LU  FTPK:  -4.9 dBFS  TPK:  -1.4 dBFS
[Parsed_ebur128_0 @ 0x75bec0d2c0] t: 265.899979 TARGET:-23 LUFS    M: -17.3 S: -17.1     I: -16.2 LUFS       LRA:   2.9 LU  FTPK:  -6.4 dBFS  TPK:  -1.4 dBFS
[Parsed_ebur128_0 @ 0x75bec0d2c0] t: 265.999979 TARGET:-23 LUFS    M: -17.9 S: -17.0     I: -16.2 LUFS       LRA:   2.9 LU  FTPK: -12.1 dBFS  TPK:  -1.4 dBFS
[Parsed_ebur128_0 @ 0x75bec0d2c0] t: 266.099979 TARGET:-23 LUFS    M: -19.2 S: -17.0     I: -16.2 LUFS       LRA:   2.9 LU  FTPK: -17.6 dBFS  TPK:  -1.4 dBFS
[Parsed_ebur128_0 @ 0x75bec0d2c0] t: 266.199979 TARGET:-23 LUFS    M: -26.4 S: -17.0     I: -16.2 LUFS       LRA:   2.9 LU  FTPK: -43.0 dBFS  TPK:  -1.4 dBFS
[Parsed_ebur128_0 @ 0x75bec0d2c0] t: 266.299979 TARGET:-23 LUFS    M: -29.6 S: -17.0     I: -16.2 LUFS       LRA:   2.9 LU  FTPK: -60.1 dBFS  TPK:  -1.4 dBFS
[Parsed_ebur128_0 @ 0x75bec0d2c0] t: 266.399979 TARGET:-23 LUFS    M: -39.5 S: -17.0     I: -16.2 LUFS       LRA:   2.9 LU  FTPK: -70.7 dBFS  TPK:  -1.4 dBFS
[Parsed_ebur128_0 @ 0x75bec0d2c0] t: 266.499979 TARGET:-23 LUFS    M: -68.8 S: -17.0     I: -16.2 LUFS       LRA:   2.9 LU  FTPK: -139.0 dBFS  TPK:  -1.4 dBFS
[Parsed_silencedetect_1 @ 0x75bec0d380] silence_start: 266.092542
[Parsed_ebur128_0 @ 0x75bec0d2c0] t: 266.599979 TARGET:-23 LUFS    M: -86.2 S: -17.0     I: -16.2 LUFS       LRA:   2.9 LU  FTPK:  -inf dBFS  TPK:  -1.4 dBFS
[Parsed_ebur128_0 @ 0x75bec0d2c0] t: 266.699979 TARGET:-23 LUFS    M: -92.1 S: -17.0     I: -16.2 LUFS       LRA:   2.9 LU  FTPK:  -inf dBFS  TPK:  -1.4 dBFS
[Parsed_ebur128_0 @ 0x75bec0d2c0] t: 266.799979 TARGET:-23 LUFS    M:   nan S: -17.0     I: -16.2 LUFS       LRA:   2.9 LU  FTPK:  -inf dBFS  TPK:  -1.4 dBFS
[Parsed_ebur128_0 @ 0x75bec0d2c0] t: 266.899979 TARGET:-23 LUFS    M:   nan S: -17.4     I: -16.2 LUFS       LRA:   2.9 LU  FTPK:  -inf dBFS  TPK:  -1.4 dBFS
[Parsed_ebur128_0 @ 0x75bec0d2c0] t: 266.999979 TARGET:-23 LUFS    M: -82.8 S: -17.8     I: -16.2 LUFS       LRA:   2.9 LU  FTPK: -62.5 dBFS  TPK:  -1.4 dBFS
[Parsed_ebur128_0 @ 0x75bec0d2c0] t: 267.099979 TARGET:-23 LUFS    M: -22.1 S: -17.7     I: -16.2 LUFS       LRA:   2.9 LU  FTPK:  -2.8 dBFS  TPK:  -1.4 dBFS
[Parsed_silencedetect_1 @ 0x75bec0d380] silence_end: 267.039396 | silence_duration: 0.946854
[Parsed_ebur128_0 @ 0x75bec0d2c0] t: 267.199979 TARGET:-23 LUFS    M: -19.1 S: -17.9     I: -16.2 LUFS       LRA:   2.9 LU  FTPK:  -4.2 dBFS  TPK:  -1.4 dBFS
[Parsed_ebur128_0 @ 0x75bec0d2c0] t: 267.299979 TARGET:-23 LUFS    M: -15.0 S: -17.8     I: -16.2 LUFS       LRA:   2.9 LU  FTPK:  -1.5 dBFS  TPK:  -1.4 dBFS
[Parsed_ebur128_0 @ 0x75bec0d2c0] t: 267.399979 TARGET:-23 LUFS    M: -13.4 S: -17.4     I: -16.2 LUFS       LRA:   2.9 LU  FTPK:  -3.4 dBFS  TPK:  -1.4 dBFS
[Parsed_ebur128_0 @ 0x75bec0d2c0] t: 267.499979 TARGET:-23 LUFS    M: -13.5 S: -17.5     I: -16.2 LUFS       LRA:   2.9 LU  FTPK:  -3.8 dBFS  TPK:  -1.4 dBFS
[Parsed_ebur128_0 @ 0x75bec0d2c0] t: 267.599979 TARGET:-23 LUFS    M: -14.2 S: -17.6     I: -16.2 LUFS       LRA:   2.9 LU  FTPK: -13.6 dBFS  TPK:  -1.4 dBFS
[Parsed_ebur128_0 @ 0x75bec0d2c0] t: 267.699979 TARGET:-23 LUFS    M: -14.8 S: -17.7     I: -16.2 LUFS       LRA:   2.9 LU  FTPK:  -1.5 dBFS  TPK:  -1.4 dBFS
[Parsed_ebur128_0 @ 0x75bec0d2c0] t: 267.799979 TARGET:-23 LUFS    M: -13.5 S: -17.0     I: -16.2 LUFS       LRA:   2.9 LU  FTPK:  -1.5 dBFS  TPK:  -1.4 dBFS
[Parsed_ebur128_0 @ 0x75bec0d2c0] t: 267.899979 TARGET:-23 LUFS    M: -13.7 S: -17.1     I: -16.2 LUFS       LRA:   2.9 LU  FTPK:  -6.2 dBFS  TPK:  -1.4 dBFS
[Parsed_ebur128_0 @ 0x75bec0d2c0] t: 267.999979 TARGET:-23 LUFS    M: -13.5 S: -17.5     I: -16.2 LUFS       LRA:   2.9 LU  FTPK:  -7.4 dBFS  TPK:  -1.4 dBFS
[Parsed_ebur128_0 @ 0x75bec0d2c0] t: 268.099979 TARGET:-23 LUFS    M: -14.9 S: -17.5     I: -16.2 LUFS       LRA:   2.9 LU  FTPK:  -8.4 dBFS  TPK:  -1.4 dBFS
[Parsed_ebur128_0 @ 0x75bec0d2c0] t: 268.199979 TARGET:-23 LUFS    M: -20.6 S: -17.6     I: -16.2 LUFS       LRA:   2.9 LU  FTPK:  -4.2 dBFS  TPK:  -1.4 dBFS
[Parsed_ebur128_0 @ 0x75bec0d2c0] t: 268.299979 TARGET:-23 LUFS    M: -17.0 S: -17.3     I: -16.2 LUFS       LRA:   2.9 LU  FTPK:  -2.7 dBFS  TPK:  -1.4 dBFS
[Parsed_ebur128_0 @ 0x75bec0d2c0] t: 268.399979 TARGET:-23 LUFS    M: -14.8 S: -16.9     I: -16.2 LUFS       LRA:   2.9 LU  FTPK:  -2.0 dBFS  TPK:  -1.4 dBFS
[Parsed_ebur128_0 @ 0x75bec0d2c0] t: 268.499979 TARGET:-23 LUFS    M: -14.0 S: -16.8     I: -16.2 LUFS       LRA:   2.9 LU  FTPK:  -2.9 dBFS  TPK:  -1.4 dBFS
[Parsed_ebur128_0 @ 0x75bec0d2c0] t: 268.599979 TARGET:-23 LUFS    M: -13.9 S: -16.8     I: -16.2 LUFS       LRA:   2.9 LU  FTPK:  -6.0 dBFS  TPK:  -1.4 dBFS
[Parsed_ebur128_0 @ 0x75bec0d2c0] t: 268.699979 TARGET:-23 LUFS    M: -15.2 S: -16.8     I: -16.2 LUFS       LRA:   2.9 LU  FTPK:  -6.0 dBFS  TPK:  -1.4 dBFS
[Parsed_ebur128_0 @ 0x75bec0d2c0] t: 268.799979 TARGET:-23 LUFS    M: -18.1 S: -17.1     I: -16.2 LUFS       LRA:   2.9 LU  FTPK: -12.9 dBFS  TPK:  -1.4 dBFS
[Parsed_ebur128_0 @ 0x75bec0d2c0] t: 268.899979 TARGET:-23 LUFS    M: -18.6 S: -17.0     I: -16.2 LUFS       LRA:   2.9 LU  FTPK:  -2.0 dBFS  TPK:  -1.4 dBFS
[Parsed_ebur128_0 @ 0x75bec0d2c0] t: 268.999979 TARGET:-23 LUFS    M: -17.9 S: -16.8     I: -16.2 LUFS       LRA:   2.9 LU  FTPK:  -5.3 dBFS  TPK:  -1.4 dBFS
[Parsed_ebur128_0 @ 0x75bec0d2c0] t: 269.099979 TARGET:-23 LUFS    M: -18.5 S: -16.8     I: -16.2 LUFS       LRA:   2.9 LU  FTPK:  -7.1 dBFS  TPK:  -1.4 dBFS
[Parsed_ebur128_0 @ 0x75bec0d2c0] t: 269.199979 TARGET:-23 LUFS    M: -16.8 S: -16.6     I: -16.2 LUFS       LRA:   2.9 LU  FTPK:  -4.7 dBFS  TPK:  -1.4 dBFS
[Parsed_ebur128_0 @ 0x75bec0d2c0] t: 269.299979 TARGET:-23 LUFS    M: -16.5 S: -16.4     I: -16.2 LUFS       LRA:   2.9 LU  FTPK:  -4.2 dBFS  TPK:  -1.4 dBFS
[Parsed_ebur128_0 @ 0x75bec0d2c0] t: 269.399979 TARGET:-23 LUFS    M: -17.5 S: -16.4     I: -16.2 LUFS       LRA:   2.9 LU  FTPK:  -8.1 dBFS  TPK:  -1.4 dBFS
[Parsed_ebur128_0 @ 0x75bec0d2c0] t: 269.499979 TARGET:-23 LUFS    M: -17.8 S: -16.3     I: -16.2 LUFS       LRA:   2.9 LU  FTPK: -11.2 dBFS  TPK:  -1.4 dBFS
[Parsed_ebur128_0 @ 0x75bec0d2c0] t: 269.599979 TARGET:-23 LUFS    M: -17.2 S: -16.1     I: -16.2 LUFS       LRA:   2.9 LU  FTPK:  -4.4 dBFS  TPK:  -1.4 dBFS
[Parsed_ebur128_0 @ 0x75bec0d2c0] t: 269.699979 TARGET:-23 LUFS    M: -18.3 S: -16.0     I: -16.2 LUFS       LRA:   2.9 LU  FTPK:  -6.3 dBFS  TPK:  -1.4 dBFS
[Parsed_ebur128_0 @ 0x75bec0d2c0] t: 269.799979 TARGET:-23 LUFS    M: -18.0 S: -16.0     I: -16.2 LUFS       LRA:   2.9 LU  FTPK:  -8.8 dBFS  TPK:  -1.4 dBFS
[Parsed_ebur128_0 @ 0x75bec0d2c0] t: 269.899979 TARGET:-23 LUFS    M: -18.0 S: -16.0     I: -16.2 LUFS       LRA:   2.9 LU  FTPK: -13.5 dBFS  TPK:  -1.4 dBFS
[Parsed_ebur128_0 @ 0x75bec0d2c0] t: 269.999979 TARGET:-23 LUFS    M: -21.9 S: -16.0     I: -16.2 LUFS       LRA:   2.9 LU  FTPK: -41.1 dBFS  TPK:  -1.4 dBFS
[Parsed_ebur128_0 @ 0x75bec0d2c0] t: 270.099979 TARGET:-23 LUFS    M: -25.6 S: -16.1     I: -16.2 LUFS       LRA:   2.9 LU  FTPK: -18.4 dBFS  TPK:  -1.4 dBFS
[Parsed_ebur128_0 @ 0x75bec0d2c0] t: 270.199979 TARGET:-23 LUFS    M: -20.6 S: -16.1     I: -16.2 LUFS       LRA:   2.9 LU  FTPK:  -2.5 dBFS  TPK:  -1.4 dBFS
[Parsed_ebur128_0 @ 0x75bec0d2c0] t: 270.299979 TARGET:-23 LUFS    M: -16.4 S: -16.2     I: -16.2 LUFS       LRA:   2.9 LU  FTPK:  -1.8 dBFS  TPK:  -1.4 dBFS
[Parsed_ebur128_0 @ 0x75bec0d2c0] t: 270.399979 TARGET:-23 LUFS    M: -14.6 S: -16.2     I: -16.2 LUFS       LRA:   2.9 LU  FTPK:  -3.3 dBFS  TPK:  -1.4 dBFS
[Parsed_ebur128_0 @ 0x75bec0d2c0] t: 270.499979 TARGET:-23 LUFS    M: -14.4 S: -16.3     I: -16.2 LUFS       LRA:   2.9 LU  FTPK:  -9.0 dBFS  TPK:  -1.4 dBFS
[Parsed_ebur128_0 @ 0x75bec0d2c0] t: 270.599979 TARGET:-23 LUFS    M: -14.9 S: -16.2     I: -16.2 LUFS       LRA:   2.9 LU  FTPK:  -4.5 dBFS  TPK:  -1.4 dBFS
[Parsed_ebur128_0 @ 0x75bec0d2c0] t: 270.699979 TARGET:-23 LUFS    M: -17.3 S: -16.5     I: -16.2 LUFS       LRA:   2.9 LU  FTPK: -10.0 dBFS  TPK:  -1.4 dBFS
[Parsed_ebur128_0 @ 0x75bec0d2c0] t: 270.799979 TARGET:-23 LUFS    M: -20.4 S: -17.2     I: -16.2 LUFS       LRA:   2.9 LU  FTPK: -10.6 dBFS  TPK:  -1.4 dBFS
[Parsed_ebur128_0 @ 0x75bec0d2c0] t: 270.899979 TARGET:-23 LUFS    M: -20.9 S: -17.3     I: -16.2 LUFS       LRA:   2.9 LU  FTPK: -15.3 dBFS  TPK:  -1.4 dBFS
[Parsed_ebur128_0 @ 0x75bec0d2c0] t: 270.999979 TARGET:-23 LUFS    M: -19.6 S: -17.1     I: -16.2 LUFS       LRA:   2.9 LU  FTPK:  -4.1 dBFS  TPK:  -1.4 dBFS
[Parsed_ebur128_0 @ 0x75bec0d2c0] t: 271.099979 TARGET:-23 LUFS    M: -15.1 S: -16.6     I: -16.2 LUFS       LRA:   2.9 LU  FTPK:  -1.5 dBFS  TPK:  -1.4 dBFS
[Parsed_ebur128_0 @ 0x75bec0d2c0] t: 271.199979 TARGET:-23 LUFS    M: -14.6 S: -16.5     I: -16.2 LUFS       LRA:   2.9 LU  FTPK:  -1.5 dBFS  TPK:  -1.4 dBFS
[Parsed_ebur128_0 @ 0x75bec0d2c0] t: 271.299979 TARGET:-23 LUFS    M: -13.6 S: -16.6     I: -16.2 LUFS       LRA:   2.9 LU  FTPK:  -2.1 dBFS  TPK:  -1.4 dBFS
[Parsed_ebur128_0 @ 0x75bec0d2c0] t: 271.399979 TARGET:-23 LUFS    M: -14.1 S: -16.9     I: -16.2 LUFS       LRA:   2.9 LU  FTPK:  -8.9 dBFS  TPK:  -1.4 dBFS
[Parsed_ebur128_0 @ 0x75bec0d2c0] t: 271.499979 TARGET:-23 LUFS    M: -16.8 S: -17.1     I: -16.2 LUFS       LRA:   2.9 LU  FTPK:  -8.6 dBFS  TPK:  -1.4 dBFS
[Parsed_ebur128_0 @ 0x75bec0d2c0] t: 271.599979 TARGET:-23 LUFS    M: -18.2 S: -17.1     I: -16.2 LUFS       LRA:   2.9 LU  FTPK: -12.2 dBFS  TPK:  -1.4 dBFS
[Parsed_ebur128_0 @ 0x75bec0d2c0] t: 271.699979 TARGET:-23 LUFS    M: -21.3 S: -17.2     I: -16.2 LUFS       LRA:   2.9 LU  FTPK: -12.2 dBFS  TPK:  -1.4 dBFS
[Parsed_ebur128_0 @ 0x75bec0d2c0] t: 271.799979 TARGET:-23 LUFS    M: -23.0 S: -17.3     I: -16.2 LUFS       LRA:   2.9 LU  FTPK: -17.7 dBFS  TPK:  -1.4 dBFS
[Parsed_ebur128_0 @ 0x75bec0d2c0] t: 271.899979 TARGET:-23 LUFS    M: -27.1 S: -17.5     I: -16.2 LUFS       LRA:   2.9 LU  FTPK: -15.4 dBFS  TPK:  -1.4 dBFS
[Parsed_ebur128_0 @ 0x75bec0d2c0] t: 271.999979 TARGET:-23 LUFS    M: -29.2 S: -17.6     I: -16.2 LUFS       LRA:   2.9 LU  FTPK: -63.3 dBFS  TPK:  -1.4 dBFS
[Parsed_ebur128_0 @ 0x75bec0d2c0] t: 272.099979 TARGET:-23 LUFS    M: -34.4 S: -17.7     I: -16.2 LUFS       LRA:   2.9 LU  FTPK: -69.6 dBFS  TPK:  -1.4 dBFS
[Parsed_ebur128_0 @ 0x75bec0d2c0] t: 272.199979 TARGET:-23 LUFS    M: -36.3 S: -17.9     I: -16.2 LUFS       LRA:   2.9 LU  FTPK:  -inf dBFS  TPK:  -1.4 dBFS
[Parsed_ebur128_0 @ 0x75bec0d2c0] t: 272.299979 TARGET:-23 LUFS    M: -82.5 S: -18.2     I: -16.2 LUFS       LRA:   2.9 LU  FTPK:  -inf dBFS  TPK:  -1.4 dBFS
[Parsed_silencedetect_1 @ 0x75bec0d380] silence_start: 271.853
[Parsed_ebur128_0 @ 0x75bec0d2c0] t: 272.399979 TARGET:-23 LUFS    M:-101.2 S: -18.3     I: -16.2 LUFS       LRA:   2.9 LU  FTPK:  -inf dBFS  TPK:  -1.4 dBFS
[Parsed_ebur128_0 @ 0x75bec0d2c0] t: 272.499979 TARGET:-23 LUFS    M:   nan S: -18.3     I: -16.2 LUFS       LRA:   2.9 LU  FTPK:  -inf dBFS  TPK:  -1.4 dBFS
[Parsed_ebur128_0 @ 0x75bec0d2c0] t: 272.599979 TARGET:-23 LUFS    M:   nan S: -18.7     I: -16.2 LUFS       LRA:   2.9 LU  FTPK:  -inf dBFS  TPK:  -1.4 dBFS
[Parsed_ebur128_0 @ 0x75bec0d2c0] t: 272.699979 TARGET:-23 LUFS    M:   nan S: -18.8     I: -16.2 LUFS       LRA:   2.9 LU  FTPK:  -inf dBFS  TPK:  -1.4 dBFS
[Parsed_ebur128_0 @ 0x75bec0d2c0] t: 272.799979 TARGET:-23 LUFS    M: -84.4 S: -18.9     I: -16.2 LUFS       LRA:   2.9 LU  FTPK: -63.8 dBFS  TPK:  -1.4 dBFS
[Parsed_ebur128_0 @ 0x75bec0d2c0] t: 272.899979 TARGET:-23 LUFS    M: -20.1 S: -18.5     I: -16.2 LUFS       LRA:   2.9 LU  FTPK:  -2.1 dBFS  TPK:  -1.4 dBFS
[Parsed_silencedetect_1 @ 0x75bec0d380] silence_end: 272.853958 | silence_duration: 1.000958
[Parsed_ebur128_0 @ 0x75bec0d2c0] t: 272.999979 TARGET:-23 LUFS    M: -16.1 S: -18.0     I: -16.2 LUFS       LRA:   2.9 LU  FTPK:  -1.5 dBFS  TPK:  -1.4 dBFS
[Parsed_ebur128_0 @ 0x75bec0d2c0] t: 273.099979 TARGET:-23 LUFS    M: -15.2 S: -17.8     I: -16.2 LUFS       LRA:   2.9 LU  FTPK:  -1.5 dBFS  TPK:  -1.4 dBFS
[Parsed_ebur128_0 @ 0x75bec0d2c0] t: 273.199979 TARGET:-23 LUFS    M: -14.5 S: -17.9     I: -16.2 LUFS       LRA:   2.9 LU  FTPK:  -2.4 dBFS  TPK:  -1.4 dBFS
[Parsed_ebur128_0 @ 0x75bec0d2c0] t: 273.299979 TARGET:-23 LUFS    M: -14.8 S: -18.1     I: -16.2 LUFS       LRA:   2.9 LU  FTPK:  -1.5 dBFS  TPK:  -1.4 dBFS
[Parsed_ebur128_0 @ 0x75bec0d2c0] t: 273.399979 TARGET:-23 LUFS    M: -15.3 S: -18.2     I: -16.2 LUFS       LRA:   2.9 LU  FTPK:  -3.6 dBFS  TPK:  -1.4 dBFS
[Parsed_ebur128_0 @ 0x75bec0d2c0] t: 273.499979 TARGET:-23 LUFS    M: -15.5 S: -18.1     I: -16.2 LUFS       LRA:   2.9 LU  FTPK:  -5.3 dBFS  TPK:  -1.4 dBFS
[Parsed_ebur128_0 @ 0x75bec0d2c0] t: 273.599979 TARGET:-23 LUFS    M: -15.4 S: -18.0     I: -16.2 LUFS       LRA:   2.9 LU  FTPK:  -5.4 dBFS  TPK:  -1.4 dBFS
[Parsed_ebur128_0 @ 0x75bec0d2c0] t: 273.699979 TARGET:-23 LUFS    M: -14.9 S: -17.6     I: -16.2 LUFS       LRA:   2.9 LU  FTPK:  -4.6 dBFS  TPK:  -1.4 dBFS
[Parsed_ebur128_0 @ 0x75bec0d2c0] t: 273.799979 TARGET:-23 LUFS    M: -14.0 S: -17.1     I: -16.2 LUFS       LRA:   2.9 LU  FTPK:  -1.5 dBFS  TPK:  -1.4 dBFS
[Parsed_ebur128_0 @ 0x75bec0d2c0] t: 273.899979 TARGET:-23 LUFS    M: -13.5 S: -16.9     I: -16.2 LUFS       LRA:   2.9 LU  FTPK:  -2.8 dBFS  TPK:  -1.4 dBFS
[Parsed_ebur128_0 @ 0x75bec0d2c0] t: 273.999979 TARGET:-23 LUFS    M: -13.8 S: -17.0     I: -16.2 LUFS       LRA:   2.9 LU  FTPK:  -8.1 dBFS  TPK:  -1.4 dBFS
[Parsed_ebur128_0 @ 0x75bec0d2c0] t: 274.099979 TARGET:-23 LUFS    M: -14.0 S: -17.4     I: -16.2 LUFS       LRA:   2.9 LU  FTPK:  -4.3 dBFS  TPK:  -1.4 dBFS
[Parsed_ebur128_0 @ 0x75bec0d2c0] t: 274.199979 TARGET:-23 LUFS    M: -15.7 S: -17.4     I: -16.2 LUFS       LRA:   2.9 LU  FTPK:  -1.5 dBFS  TPK:  -1.4 dBFS
[Parsed_ebur128_0 @ 0x75bec0d2c0] t: 274.299979 TARGET:-23 LUFS    M: -15.1 S: -17.3     I: -16.2 LUFS       LRA:   2.9 LU  FTPK:  -1.5 dBFS  TPK:  -1.4 dBFS
[Parsed_ebur128_0 @ 0x75bec0d2c0] t: 274.399979 TARGET:-23 LUFS    M: -14.9 S: -17.2     I: -16.2 LUFS       LRA:   2.9 LU  FTPK:  -5.8 dBFS  TPK:  -1.4 dBFS
[Parsed_ebur128_0 @ 0x75bec0d2c0] t: 274.499979 TARGET:-23 LUFS    M: -14.4 S: -16.9     I: -16.2 LUFS       LRA:   2.9 LU  FTPK:  -1.5 dBFS  TPK:  -1.4 dBFS
[Parsed_ebur128_0 @ 0x75bec0d2c0] t: 274.599979 TARGET:-23 LUFS    M: -13.7 S: -16.6     I: -16.2 LUFS       LRA:   2.9 LU  FTPK:  -3.6 dBFS  TPK:  -1.4 dBFS
[Parsed_ebur128_0 @ 0x75bec0d2c0] t: 274.699979 TARGET:-23 LUFS    M: -14.3 S: -16.4     I: -16.2 LUFS       LRA:   2.9 LU  FTPK:  -1.8 dBFS  TPK:  -1.4 dBFS
[Parsed_ebur128_0 @ 0x75bec0d2c0] t: 274.799979 TARGET:-23 LUFS    M: -14.0 S: -16.3     I: -16.2 LUFS       LRA:   2.9 LU  FTPK:  -2.4 dBFS  TPK:  -1.4 dBFS
[Parsed_ebur128_0 @ 0x75bec0d2c0] t: 274.899979 TARGET:-23 LUFS    M: -14.8 S: -16.1     I: -16.2 LUFS       LRA:   2.9 LU  FTPK:  -1.5 dBFS  TPK:  -1.4 dBFS
[Parsed_ebur128_0 @ 0x75bec0d2c0] t: 274.999979 TARGET:-23 LUFS    M: -15.8 S: -16.0     I: -16.2 LUFS       LRA:   2.9 LU  FTPK:  -4.7 dBFS  TPK:  -1.4 dBFS
[Parsed_ebur128_0 @ 0x75bec0d2c0] t: 275.099979 TARGET:-23 LUFS    M: -16.1 S: -15.8     I: -16.2 LUFS       LRA:   2.9 LU  FTPK:  -1.5 dBFS  TPK:  -1.4 dBFS
[Parsed_ebur128_0 @ 0x75bec0d2c0] t: 275.199979 TARGET:-23 LUFS    M: -15.5 S: -15.6     I: -16.1 LUFS       LRA:   2.9 LU  FTPK:  -4.9 dBFS  TPK:  -1.4 dBFS
[Parsed_ebur128_0 @ 0x75bec0d2c0] t: 275.299979 TARGET:-23 LUFS    M: -16.4 S: -15.6     I: -16.1 LUFS       LRA:   2.9 LU  FTPK:  -5.9 dBFS  TPK:  -1.4 dBFS
[Parsed_ebur128_0 @ 0x75bec0d2c0] t: 275.399979 TARGET:-23 LUFS    M: -16.8 S: -15.5     I: -16.2 LUFS       LRA:   2.9 LU  FTPK:  -3.4 dBFS  TPK:  -1.4 dBFS
[Parsed_ebur128_0 @ 0x75bec0d2c0] t: 275.499979 TARGET:-23 LUFS    M: -16.9 S: -15.4     I: -16.2 LUFS       LRA:   2.9 LU  FTPK:  -4.3 dBFS  TPK:  -1.4 dBFS
[Parsed_ebur128_0 @ 0x75bec0d2c0] t: 275.599979 TARGET:-23 LUFS    M: -19.0 S: -15.4     I: -16.2 LUFS       LRA:   2.9 LU  FTPK: -10.5 dBFS  TPK:  -1.4 dBFS
[Parsed_ebur128_0 @ 0x75bec0d2c0] t: 275.699979 TARGET:-23 LUFS    M: -18.2 S: -15.3     I: -16.2 LUFS       LRA:   2.9 LU  FTPK:  -6.0 dBFS  TPK:  -1.4 dBFS
[Parsed_ebur128_0 @ 0x75bec0d2c0] t: 275.799979 TARGET:-23 LUFS    M: -18.2 S: -15.2     I: -16.2 LUFS       LRA:   2.9 LU  FTPK:  -5.4 dBFS  TPK:  -1.4 dBFS
[Parsed_ebur128_0 @ 0x75bec0d2c0] t: 275.899979 TARGET:-23 LUFS    M: -20.0 S: -15.4     I: -16.2 LUFS       LRA:   2.9 LU  FTPK:  -6.4 dBFS  TPK:  -1.4 dBFS
[Parsed_ebur128_0 @ 0x75bec0d2c0] t: 275.999979 TARGET:-23 LUFS    M: -20.5 S: -15.7     I: -16.2 LUFS       LRA:   2.9 LU  FTPK:  -8.9 dBFS  TPK:  -1.4 dBFS
[Parsed_ebur128_0 @ 0x75bec0d2c0] t: 276.099979 TARGET:-23 LUFS    M: -20.0 S: -15.7     I: -16.2 LUFS       LRA:   2.9 LU  FTPK:  -4.2 dBFS  TPK:  -1.4 dBFS
[Parsed_ebur128_0 @ 0x75bec0d2c0] t: 276.199979 TARGET:-23 LUFS    M: -19.3 S: -15.7     I: -16.2 LUFS       LRA:   2.9 LU  FTPK:  -5.1 dBFS  TPK:  -1.4 dBFS
[Parsed_ebur128_0 @ 0x75bec0d2c0] t: 276.299979 TARGET:-23 LUFS    M: -18.4 S: -15.8     I: -16.2 LUFS       LRA:   2.9 LU  FTPK:  -8.3 dBFS  TPK:  -1.4 dBFS
[Parsed_ebur128_0 @ 0x75bec0d2c0] t: 276.399979 TARGET:-23 LUFS    M: -18.6 S: -16.0     I: -16.2 LUFS       LRA:   2.9 LU  FTPK: -11.7 dBFS  TPK:  -1.4 dBFS
[Parsed_ebur128_0 @ 0x75bec0d2c0] t: 276.499979 TARGET:-23 LUFS    M: -20.1 S: -16.1     I: -16.2 LUFS       LRA:   2.9 LU  FTPK:  -9.7 dBFS  TPK:  -1.4 dBFS
[Parsed_ebur128_0 @ 0x75bec0d2c0] t: 276.599979 TARGET:-23 LUFS    M: -21.3 S: -16.2     I: -16.2 LUFS       LRA:   2.9 LU  FTPK:  -8.4 dBFS  TPK:  -1.4 dBFS
[Parsed_ebur128_0 @ 0x75bec0d2c0] t: 276.699979 TARGET:-23 LUFS    M: -23.6 S: -16.5     I: -16.2 LUFS       LRA:   2.9 LU  FTPK: -51.0 dBFS  TPK:  -1.4 dBFS
[Parsed_ebur128_0 @ 0x75bec0d2c0] t: 276.799979 TARGET:-23 LUFS    M: -24.1 S: -17.0     I: -16.2 LUFS       LRA:   2.9 LU  FTPK: -68.8 dBFS  TPK:  -1.4 dBFS
[Parsed_ebur128_0 @ 0x75bec0d2c0] t: 276.899979 TARGET:-23 LUFS    M: -27.0 S: -17.2     I: -16.2 LUFS       LRA:   2.9 LU  FTPK: -194.1 dBFS  TPK:  -1.4 dBFS
[Parsed_ebur128_0 @ 0x75bec0d2c0] t: 276.999979 TARGET:-23 LUFS    M: -74.4 S: -17.3     I: -16.2 LUFS       LRA:   2.9 LU  FTPK:  -inf dBFS  TPK:  -1.4 dBFS
[Parsed_silencedetect_1 @ 0x75bec0d380] silence_start: 276.580354
[Parsed_ebur128_0 @ 0x75bec0d2c0] t: 277.099979 TARGET:-23 LUFS    M: -90.1 S: -17.6     I: -16.2 LUFS       LRA:   2.9 LU  FTPK:  -inf dBFS  TPK:  -1.4 dBFS
[Parsed_ebur128_0 @ 0x75bec0d2c0] t: 277.199979 TARGET:-23 LUFS    M:   nan S: -17.8     I: -16.2 LUFS       LRA:   2.9 LU  FTPK:  -inf dBFS  TPK:  -1.4 dBFS
[Parsed_ebur128_0 @ 0x75bec0d2c0] t: 277.299979 TARGET:-23 LUFS    M:   nan S: -18.3     I: -16.2 LUFS       LRA:   2.9 LU  FTPK:  -inf dBFS  TPK:  -1.4 dBFS
[Parsed_ebur128_0 @ 0x75bec0d2c0] t: 277.399979 TARGET:-23 LUFS    M:   nan S: -18.4     I: -16.2 LUFS       LRA:   2.9 LU  FTPK: -144.0 dBFS  TPK:  -1.4 dBFS
[Parsed_ebur128_0 @ 0x75bec0d2c0] t: 277.499979 TARGET:-23 LUFS    M: -87.9 S: -19.0     I: -16.2 LUFS       LRA:   2.9 LU  FTPK: -65.7 dBFS  TPK:  -1.4 dBFS
[Parsed_ebur128_0 @ 0x75bec0d2c0] t: 277.599979 TARGET:-23 LUFS    M: -59.7 S: -19.6     I: -16.2 LUFS       LRA:   2.9 LU  FTPK: -27.3 dBFS  TPK:  -1.4 dBFS
[Parsed_silencedetect_1 @ 0x75bec0d380] silence_end: 277.596583 | silence_duration: 1.016229
[Parsed_ebur128_0 @ 0x75bec0d2c0] t: 277.699979 TARGET:-23 LUFS    M: -24.6 S: -19.9     I: -16.2 LUFS       LRA:   2.9 LU  FTPK:  -3.8 dBFS  TPK:  -1.4 dBFS
[Parsed_ebur128_0 @ 0x75bec0d2c0] t: 277.799979 TARGET:-23 LUFS    M: -19.7 S: -19.8     I: -16.2 LUFS       LRA:   2.9 LU  FTPK:  -1.5 dBFS  TPK:  -1.4 dBFS
[Parsed_ebur128_0 @ 0x75bec0d2c0] t: 277.899979 TARGET:-23 LUFS    M: -18.6 S: -20.1     I: -16.2 LUFS       LRA:   2.9 LU  FTPK:  -3.8 dBFS  TPK:  -1.4 dBFS
[Parsed_ebur128_0 @ 0x75bec0d2c0] t: 277.999979 TARGET:-23 LUFS    M: -16.9 S: -20.0     I: -16.2 LUFS       LRA:   2.9 LU  FTPK:  -2.4 dBFS  TPK:  -1.4 dBFS
[Parsed_ebur128_0 @ 0x75bec0d2c0] t: 278.099979 TARGET:-23 LUFS    M: -16.9 S: -20.1     I: -16.2 LUFS       LRA:   2.9 LU  FTPK:  -3.8 dBFS  TPK:  -1.4 dBFS
[Parsed_ebur128_0 @ 0x75bec0d2c0] t: 278.199979 TARGET:-23 LUFS    M: -17.2 S: -20.4     I: -16.2 LUFS       LRA:   2.9 LU  FTPK:  -4.2 dBFS  TPK:  -1.4 dBFS
[Parsed_ebur128_0 @ 0x75bec0d2c0] t: 278.299979 TARGET:-23 LUFS    M: -17.9 S: -20.5     I: -16.2 LUFS       LRA:   2.9 LU  FTPK: -13.9 dBFS  TPK:  -1.4 dBFS
[Parsed_ebur128_0 @ 0x75bec0d2c0] t: 278.399979 TARGET:-23 LUFS    M: -16.9 S: -20.0     I: -16.2 LUFS       LRA:   2.9 LU  FTPK:  -2.0 dBFS  TPK:  -1.4 dBFS
[Parsed_ebur128_0 @ 0x75bec0d2c0] t: 278.499979 TARGET:-23 LUFS    M: -16.0 S: -19.8     I: -16.2 LUFS       LRA:   2.9 LU  FTPK:  -3.5 dBFS  TPK:  -1.4 dBFS
[Parsed_ebur128_0 @ 0x75bec0d2c0] t: 278.599979 TARGET:-23 LUFS    M: -16.6 S: -19.8     I: -16.2 LUFS       LRA:   2.9 LU  FTPK:  -4.3 dBFS  TPK:  -1.4 dBFS
[Parsed_ebur128_0 @ 0x75bec0d2c0] t: 278.699979 TARGET:-23 LUFS    M: -15.0 S: -19.5     I: -16.2 LUFS       LRA:   2.9 LU  FTPK:  -4.4 dBFS  TPK:  -1.4 dBFS
[Parsed_ebur128_0 @ 0x75bec0d2c0] t: 278.799979 TARGET:-23 LUFS    M: -15.0 S: -19.1     I: -16.2 LUFS       LRA:   2.9 LU  FTPK:  -3.6 dBFS  TPK:  -1.4 dBFS
[Parsed_ebur128_0 @ 0x75bec0d2c0] t: 278.899979 TARGET:-23 LUFS    M: -15.4 S: -18.9     I: -16.2 LUFS       LRA:   2.9 LU  FTPK:  -1.6 dBFS  TPK:  -1.4 dBFS
[Parsed_ebur128_0 @ 0x75bec0d2c0] t: 278.999979 TARGET:-23 LUFS    M: -14.6 S: -18.5     I: -16.2 LUFS       LRA:   2.9 LU  FTPK:  -4.6 dBFS  TPK:  -1.4 dBFS
[Parsed_ebur128_0 @ 0x75bec0d2c0] t: 279.099979 TARGET:-23 LUFS    M: -15.6 S: -18.7     I: -16.2 LUFS       LRA:   2.9 LU  FTPK:  -9.0 dBFS  TPK:  -1.4 dBFS
[Parsed_ebur128_0 @ 0x75bec0d2c0] t: 279.199979 TARGET:-23 LUFS    M: -17.1 S: -18.8     I: -16.2 LUFS       LRA:   2.9 LU  FTPK:  -4.7 dBFS  TPK:  -1.4 dBFS
[Parsed_ebur128_0 @ 0x75bec0d2c0] t: 279.299979 TARGET:-23 LUFS    M: -16.4 S: -18.5     I: -16.2 LUFS       LRA:   2.9 LU  FTPK:  -2.4 dBFS  TPK:  -1.4 dBFS
[Parsed_ebur128_0 @ 0x75bec0d2c0] t: 279.399979 TARGET:-23 LUFS    M: -15.9 S: -18.1     I: -16.2 LUFS       LRA:   2.9 LU  FTPK:  -2.8 dBFS  TPK:  -1.4 dBFS
[Parsed_ebur128_0 @ 0x75bec0d2c0] t: 279.499979 TARGET:-23 LUFS    M: -16.2 S: -18.1     I: -16.2 LUFS       LRA:   2.9 LU  FTPK:  -9.9 dBFS  TPK:  -1.4 dBFS
[Parsed_ebur128_0 @ 0x75bec0d2c0] t: 279.599979 TARGET:-23 LUFS    M: -15.8 S: -18.0     I: -16.2 LUFS       LRA:   2.9 LU  FTPK:  -4.7 dBFS  TPK:  -1.4 dBFS
[Parsed_ebur128_0 @ 0x75bec0d2c0] t: 279.699979 TARGET:-23 LUFS    M: -15.1 S: -17.5     I: -16.2 LUFS       LRA:   2.9 LU  FTPK:  -2.7 dBFS  TPK:  -1.4 dBFS
[Parsed_ebur128_0 @ 0x75bec0d2c0] t: 279.799979 TARGET:-23 LUFS    M: -16.1 S: -17.4     I: -16.2 LUFS       LRA:   2.9 LU  FTPK:  -6.8 dBFS  TPK:  -1.4 dBFS
[Parsed_ebur128_0 @ 0x75bec0d2c0] t: 279.899979 TARGET:-23 LUFS    M: -15.5 S: -17.3     I: -16.2 LUFS       LRA:   2.9 LU  FTPK:  -7.1 dBFS  TPK:  -1.4 dBFS
[Parsed_ebur128_0 @ 0x75bec0d2c0] t: 279.999979 TARGET:-23 LUFS    M: -16.1 S: -17.2     I: -16.2 LUFS       LRA:   2.9 LU  FTPK:  -9.6 dBFS  TPK:  -1.4 dBFS
[Parsed_ebur128_0 @ 0x75bec0d2c0] t: 280.099979 TARGET:-23 LUFS    M: -19.6 S: -17.2     I: -16.2 LUFS       LRA:   2.9 LU  FTPK: -44.3 dBFS  TPK:  -1.4 dBFS
[Parsed_ebur128_0 @ 0x75bec0d2c0] t: 280.199979 TARGET:-23 LUFS    M: -22.4 S: -17.2     I: -16.2 LUFS       LRA:   2.9 LU  FTPK: -49.8 dBFS  TPK:  -1.4 dBFS
[Parsed_ebur128_0 @ 0x75bec0d2c0] t: 280.299979 TARGET:-23 LUFS    M: -20.9 S: -17.0     I: -16.2 LUFS       LRA:   2.9 LU  FTPK:  -1.5 dBFS  TPK:  -1.4 dBFS
[Parsed_ebur128_0 @ 0x75bec0d2c0] t: 280.399979 TARGET:-23 LUFS    M: -16.1 S: -16.5     I: -16.2 LUFS       LRA:   2.9 LU  FTPK:  -1.5 dBFS  TPK:  -1.4 dBFS
[Parsed_ebur128_0 @ 0x75bec0d2c0] t: 280.499979 TARGET:-23 LUFS    M: -14.7 S: -16.3     I: -16.2 LUFS       LRA:   2.9 LU  FTPK:  -4.3 dBFS  TPK:  -1.4 dBFS
[Parsed_ebur128_0 @ 0x75bec0d2c0] t: 280.599979 TARGET:-23 LUFS    M: -14.4 S: -16.2     I: -16.2 LUFS       LRA:   2.9 LU  FTPK:  -8.3 dBFS  TPK:  -1.4 dBFS
[Parsed_ebur128_0 @ 0x75bec0d2c0] t: 280.699979 TARGET:-23 LUFS    M: -14.3 S: -16.1     I: -16.2 LUFS       LRA:   2.9 LU  FTPK:  -5.2 dBFS  TPK:  -1.4 dBFS
[Parsed_ebur128_0 @ 0x75bec0d2c0] t: 280.799979 TARGET:-23 LUFS    M: -15.5 S: -16.1     I: -16.2 LUFS       LRA:   2.9 LU  FTPK:  -3.0 dBFS  TPK:  -1.4 dBFS
[Parsed_ebur128_0 @ 0x75bec0d2c0] t: 280.899979 TARGET:-23 LUFS    M: -15.8 S: -16.0     I: -16.2 LUFS       LRA:   2.9 LU  FTPK:  -3.5 dBFS  TPK:  -1.4 dBFS
[Parsed_ebur128_0 @ 0x75bec0d2c0] t: 280.999979 TARGET:-23 LUFS    M: -14.7 S: -15.9     I: -16.2 LUFS       LRA:   2.9 LU  FTPK:  -2.1 dBFS  TPK:  -1.4 dBFS
[Parsed_ebur128_0 @ 0x75bec0d2c0] t: 281.099979 TARGET:-23 LUFS    M: -15.7 S: -16.0     I: -16.2 LUFS       LRA:   2.9 LU  FTPK: -12.8 dBFS  TPK:  -1.4 dBFS
[Parsed_ebur128_0 @ 0x75bec0d2c0] t: 281.199979 TARGET:-23 LUFS    M: -15.0 S: -15.8     I: -16.2 LUFS       LRA:   2.9 LU  FTPK:  -1.6 dBFS  TPK:  -1.4 dBFS
[Parsed_ebur128_0 @ 0x75bec0d2c0] t: 281.299979 TARGET:-23 LUFS    M: -15.8 S: -15.8     I: -16.2 LUFS       LRA:   2.9 LU  FTPK:  -6.7 dBFS  TPK:  -1.4 dBFS
[Parsed_ebur128_0 @ 0x75bec0d2c0] t: 281.399979 TARGET:-23 LUFS    M: -17.7 S: -16.0     I: -16.2 LUFS       LRA:   2.9 LU  FTPK:  -6.9 dBFS  TPK:  -1.4 dBFS
[Parsed_ebur128_0 @ 0x75bec0d2c0] t: 281.499979 TARGET:-23 LUFS    M: -15.9 S: -16.0     I: -16.2 LUFS       LRA:   2.9 LU  FTPK:  -3.9 dBFS  TPK:  -1.4 dBFS
[Parsed_ebur128_0 @ 0x75bec0d2c0] t: 281.599979 TARGET:-23 LUFS    M: -17.9 S: -15.9     I: -16.2 LUFS       LRA:   2.9 LU  FTPK:  -8.5 dBFS  TPK:  -1.4 dBFS
[Parsed_ebur128_0 @ 0x75bec0d2c0] t: 281.699979 TARGET:-23 LUFS    M: -17.0 S: -16.0     I: -16.2 LUFS       LRA:   2.9 LU  FTPK:  -4.4 dBFS  TPK:  -1.4 dBFS
[Parsed_ebur128_0 @ 0x75bec0d2c0] t: 281.799979 TARGET:-23 LUFS    M: -17.1 S: -16.3     I: -16.2 LUFS       LRA:   2.9 LU  FTPK: -10.7 dBFS  TPK:  -1.4 dBFS
[Parsed_ebur128_0 @ 0x75bec0d2c0] t: 281.899979 TARGET:-23 LUFS    M: -18.2 S: -16.3     I: -16.2 LUFS       LRA:   2.9 LU  FTPK:  -7.5 dBFS  TPK:  -1.4 dBFS
[Parsed_ebur128_0 @ 0x75bec0d2c0] t: 281.999979 TARGET:-23 LUFS    M: -16.6 S: -16.3     I: -16.2 LUFS       LRA:   2.9 LU  FTPK:  -3.9 dBFS  TPK:  -1.4 dBFS
[Parsed_ebur128_0 @ 0x75bec0d2c0] t: 282.099979 TARGET:-23 LUFS    M: -15.3 S: -16.0     I: -16.2 LUFS       LRA:   2.9 LU  FTPK:  -3.4 dBFS  TPK:  -1.4 dBFS
[Parsed_ebur128_0 @ 0x75bec0d2c0] t: 282.199979 TARGET:-23 LUFS    M: -15.2 S: -16.0     I: -16.2 LUFS       LRA:   2.9 LU  FTPK:  -8.5 dBFS  TPK:  -1.4 dBFS
[Parsed_ebur128_0 @ 0x75bec0d2c0] t: 282.299979 TARGET:-23 LUFS    M: -15.9 S: -16.2     I: -16.2 LUFS       LRA:   2.9 LU  FTPK: -12.9 dBFS  TPK:  -1.4 dBFS
[Parsed_ebur128_0 @ 0x75bec0d2c0] t: 282.399979 TARGET:-23 LUFS    M: -18.1 S: -16.5     I: -16.2 LUFS       LRA:   2.9 LU  FTPK: -15.6 dBFS  TPK:  -1.4 dBFS
[Parsed_ebur128_0 @ 0x75bec0d2c0] t: 282.499979 TARGET:-23 LUFS    M: -26.5 S: -16.5     I: -16.2 LUFS       LRA:   2.9 LU  FTPK: -13.5 dBFS  TPK:  -1.4 dBFS
[Parsed_ebur128_0 @ 0x75bec0d2c0] t: 282.599979 TARGET:-23 LUFS    M: -29.2 S: -16.7     I: -16.2 LUFS       LRA:   2.9 LU  FTPK: -43.8 dBFS  TPK:  -1.4 dBFS
[Parsed_ebur128_0 @ 0x75bec0d2c0] t: 282.699979 TARGET:-23 LUFS    M: -32.9 S: -17.0     I: -16.2 LUFS       LRA:   2.9 LU  FTPK: -65.7 dBFS  TPK:  -1.4 dBFS
[Parsed_ebur128_0 @ 0x75bec0d2c0] t: 282.799979 TARGET:-23 LUFS    M: -34.6 S: -17.2     I: -16.2 LUFS       LRA:   2.9 LU  FTPK:  -inf dBFS  TPK:  -1.4 dBFS
[Parsed_ebur128_0 @ 0x75bec0d2c0] t: 282.899979 TARGET:-23 LUFS    M: -67.3 S: -17.3     I: -16.2 LUFS       LRA:   2.9 LU  FTPK:  -inf dBFS  TPK:  -1.4 dBFS
[Parsed_silencedetect_1 @ 0x75bec0d380] silence_start: 282.492958
[Parsed_ebur128_0 @ 0x75bec0d2c0] t: 282.999979 TARGET:-23 LUFS    M: -89.9 S: -17.4     I: -16.2 LUFS       LRA:   2.9 LU  FTPK:  -inf dBFS  TPK:  -1.4 dBFS
[Parsed_ebur128_0 @ 0x75bec0d2c0] t: 283.099979 TARGET:-23 LUFS    M:   nan S: -17.4     I: -16.2 LUFS       LRA:   2.9 LU  FTPK:  -inf dBFS  TPK:  -1.4 dBFS
[Parsed_ebur128_0 @ 0x75bec0d2c0] t: 283.199979 TARGET:-23 LUFS    M:   nan S: -17.4     I: -16.2 LUFS       LRA:   2.9 LU  FTPK:  -inf dBFS  TPK:  -1.4 dBFS
[Parsed_ebur128_0 @ 0x75bec0d2c0] t: 283.299979 TARGET:-23 LUFS    M:   nan S: -17.6     I: -16.2 LUFS       LRA:   2.9 LU  FTPK:  -inf dBFS  TPK:  -1.4 dBFS
[Parsed_ebur128_0 @ 0x75bec0d2c0] t: 283.399979 TARGET:-23 LUFS    M:-125.1 S: -18.2     I: -16.2 LUFS       LRA:   2.9 LU  FTPK: -98.3 dBFS  TPK:  -1.4 dBFS
[Parsed_ebur128_0 @ 0x75bec0d2c0] t: 283.499979 TARGET:-23 LUFS    M: -43.7 S: -18.6     I: -16.2 LUFS       LRA:   2.9 LU  FTPK: -18.8 dBFS  TPK:  -1.4 dBFS
[Parsed_silencedetect_1 @ 0x75bec0d380] silence_end: 283.489604 | silence_duration: 0.996646
[Parsed_ebur128_0 @ 0x75bec0d2c0] t: 283.599979 TARGET:-23 LUFS    M: -25.1 S: -18.6     I: -16.2 LUFS       LRA:   2.9 LU  FTPK:  -7.2 dBFS  TPK:  -1.4 dBFS
[Parsed_ebur128_0 @ 0x75bec0d2c0] t: 283.699979 TARGET:-23 LUFS    M: -19.4 S: -18.5     I: -16.2 LUFS       LRA:   2.9 LU  FTPK:  -3.0 dBFS  TPK:  -1.4 dBFS
[Parsed_ebur128_0 @ 0x75bec0d2c0] t: 283.799979 TARGET:-23 LUFS    M: -16.1 S: -18.3     I: -16.2 LUFS       LRA:   2.9 LU  FTPK:  -4.5 dBFS  TPK:  -1.4 dBFS
[Parsed_ebur128_0 @ 0x75bec0d2c0] t: 283.899979 TARGET:-23 LUFS    M: -15.7 S: -18.5     I: -16.2 LUFS       LRA:   2.9 LU  FTPK:  -8.4 dBFS  TPK:  -1.4 dBFS
[Parsed_ebur128_0 @ 0x75bec0d2c0] t: 283.999979 TARGET:-23 LUFS    M: -14.9 S: -18.6     I: -16.2 LUFS       LRA:   2.9 LU  FTPK:  -3.2 dBFS  TPK:  -1.4 dBFS
[Parsed_ebur128_0 @ 0x75bec0d2c0] t: 284.099979 TARGET:-23 LUFS    M: -15.3 S: -18.4     I: -16.2 LUFS       LRA:   2.9 LU  FTPK:  -6.0 dBFS  TPK:  -1.4 dBFS
[Parsed_ebur128_0 @ 0x75bec0d2c0] t: 284.199979 TARGET:-23 LUFS    M: -17.1 S: -18.8     I: -16.2 LUFS       LRA:   2.9 LU  FTPK:  -5.1 dBFS  TPK:  -1.4 dBFS
[Parsed_ebur128_0 @ 0x75bec0d2c0] t: 284.299979 TARGET:-23 LUFS    M: -16.5 S: -18.7     I: -16.2 LUFS       LRA:   2.9 LU  FTPK:  -3.2 dBFS  TPK:  -1.4 dBFS
[Parsed_ebur128_0 @ 0x75bec0d2c0] t: 284.399979 TARGET:-23 LUFS    M: -15.8 S: -18.3     I: -16.2 LUFS       LRA:   2.9 LU  FTPK:  -2.4 dBFS  TPK:  -1.4 dBFS
[Parsed_ebur128_0 @ 0x75bec0d2c0] t: 284.499979 TARGET:-23 LUFS    M: -15.6 S: -18.3     I: -16.2 LUFS       LRA:   2.9 LU  FTPK:  -3.2 dBFS  TPK:  -1.4 dBFS
[Parsed_ebur128_0 @ 0x75bec0d2c0] t: 284.599979 TARGET:-23 LUFS    M: -15.5 S: -18.3     I: -16.2 LUFS       LRA:   2.9 LU  FTPK:  -9.3 dBFS  TPK:  -1.4 dBFS
[Parsed_ebur128_0 @ 0x75bec0d2c0] t: 284.699979 TARGET:-23 LUFS    M: -15.2 S: -18.3     I: -16.2 LUFS       LRA:   2.9 LU  FTPK:  -3.2 dBFS  TPK:  -1.4 dBFS
[Parsed_ebur128_0 @ 0x75bec0d2c0] t: 284.799979 TARGET:-23 LUFS    M: -16.0 S: -18.1     I: -16.2 LUFS       LRA:   2.9 LU  FTPK:  -4.4 dBFS  TPK:  -1.4 dBFS
[Parsed_ebur128_0 @ 0x75bec0d2c0] t: 284.899979 TARGET:-23 LUFS    M: -16.4 S: -18.0     I: -16.2 LUFS       LRA:   2.9 LU  FTPK:  -2.5 dBFS  TPK:  -1.4 dBFS
[Parsed_ebur128_0 @ 0x75bec0d2c0] t: 284.999979 TARGET:-23 LUFS    M: -15.7 S: -18.1     I: -16.2 LUFS       LRA:   2.9 LU  FTPK:  -5.2 dBFS  TPK:  -1.4 dBFS
[Parsed_ebur128_0 @ 0x75bec0d2c0] t: 285.099979 TARGET:-23 LUFS    M: -15.3 S: -18.3     I: -16.2 LUFS       LRA:   2.9 LU  FTPK:  -5.0 dBFS  TPK:  -1.4 dBFS
[Parsed_ebur128_0 @ 0x75bec0d2c0] t: 285.199979 TARGET:-23 LUFS    M: -15.2 S: -18.1     I: -16.2 LUFS       LRA:   2.9 LU  FTPK:  -4.9 dBFS  TPK:  -1.4 dBFS
[Parsed_ebur128_0 @ 0x75bec0d2c0] t: 285.299979 TARGET:-23 LUFS    M: -15.9 S: -18.0     I: -16.2 LUFS       LRA:   2.9 LU  FTPK:  -7.5 dBFS  TPK:  -1.4 dBFS
[Parsed_ebur128_0 @ 0x75bec0d2c0] t: 285.399979 TARGET:-23 LUFS    M: -14.5 S: -17.5     I: -16.2 LUFS       LRA:   2.9 LU  FTPK:  -1.5 dBFS  TPK:  -1.4 dBFS
[Parsed_ebur128_0 @ 0x75bec0d2c0] t: 285.499979 TARGET:-23 LUFS    M: -14.6 S: -17.2     I: -16.2 LUFS       LRA:   2.9 LU  FTPK:  -6.0 dBFS  TPK:  -1.4 dBFS
[Parsed_ebur128_0 @ 0x75bec0d2c0] t: 285.599979 TARGET:-23 LUFS    M: -15.7 S: -17.2     I: -16.2 LUFS       LRA:   2.9 LU  FTPK: -18.9 dBFS  TPK:  -1.4 dBFS
[Parsed_ebur128_0 @ 0x75bec0d2c0] t: 285.699979 TARGET:-23 LUFS    M: -14.8 S: -17.0     I: -16.2 LUFS       LRA:   2.9 LU  FTPK:  -4.7 dBFS  TPK:  -1.4 dBFS
[Parsed_ebur128_0 @ 0x75bec0d2c0] t: 285.799979 TARGET:-23 LUFS    M: -16.5 S: -16.8     I: -16.2 LUFS       LRA:   2.9 LU  FTPK:  -5.1 dBFS  TPK:  -1.4 dBFS
[Parsed_ebur128_0 @ 0x75bec0d2c0] t: 285.899979 TARGET:-23 LUFS    M: -18.5 S: -16.8     I: -16.2 LUFS       LRA:   2.9 LU  FTPK: -13.5 dBFS  TPK:  -1.4 dBFS
[Parsed_ebur128_0 @ 0x75bec0d2c0] t: 285.999979 TARGET:-23 LUFS    M: -18.5 S: -16.8     I: -16.2 LUFS       LRA:   2.9 LU  FTPK: -36.6 dBFS  TPK:  -1.4 dBFS
[Parsed_ebur128_0 @ 0x75bec0d2c0] t: 286.099979 TARGET:-23 LUFS    M: -22.1 S: -16.8     I: -16.2 LUFS       LRA:   2.9 LU  FTPK: -38.8 dBFS  TPK:  -1.4 dBFS
[Parsed_ebur128_0 @ 0x75bec0d2c0] t: 286.199979 TARGET:-23 LUFS    M: -20.6 S: -16.6     I: -16.2 LUFS       LRA:   2.9 LU  FTPK:  -3.3 dBFS  TPK:  -1.4 dBFS
[Parsed_ebur128_0 @ 0x75bec0d2c0] t: 286.299979 TARGET:-23 LUFS    M: -15.7 S: -16.1     I: -16.2 LUFS       LRA:   2.9 LU  FTPK:  -1.5 dBFS  TPK:  -1.4 dBFS
[Parsed_ebur128_0 @ 0x75bec0d2c0] t: 286.399979 TARGET:-23 LUFS    M: -14.7 S: -15.9     I: -16.2 LUFS       LRA:   2.9 LU  FTPK:  -6.3 dBFS  TPK:  -1.4 dBFS
[Parsed_ebur128_0 @ 0x75bec0d2c0] t: 286.499979 TARGET:-23 LUFS    M: -14.1 S: -15.8     I: -16.2 LUFS       LRA:   2.9 LU  FTPK:  -5.8 dBFS  TPK:  -1.4 dBFS
[Parsed_ebur128_0 @ 0x75bec0d2c0] t: 286.599979 TARGET:-23 LUFS    M: -14.8 S: -15.8     I: -16.2 LUFS       LRA:   2.9 LU  FTPK:  -4.9 dBFS  TPK:  -1.4 dBFS
[Parsed_ebur128_0 @ 0x75bec0d2c0] t: 286.699979 TARGET:-23 LUFS    M: -15.3 S: -15.7     I: -16.2 LUFS       LRA:   2.9 LU  FTPK:  -2.1 dBFS  TPK:  -1.4 dBFS
[Parsed_ebur128_0 @ 0x75bec0d2c0] t: 286.799979 TARGET:-23 LUFS    M: -15.6 S: -15.9     I: -16.2 LUFS       LRA:   2.9 LU  FTPK:  -5.7 dBFS  TPK:  -1.4 dBFS
[Parsed_ebur128_0 @ 0x75bec0d2c0] t: 286.899979 TARGET:-23 LUFS    M: -14.8 S: -15.7     I: -16.2 LUFS       LRA:   2.9 LU  FTPK:  -4.1 dBFS  TPK:  -1.4 dBFS
[Parsed_ebur128_0 @ 0x75bec0d2c0] t: 286.999979 TARGET:-23 LUFS    M: -14.5 S: -15.8     I: -16.2 LUFS       LRA:   2.9 LU  FTPK:  -6.8 dBFS  TPK:  -1.4 dBFS
[Parsed_ebur128_0 @ 0x75bec0d2c0] t: 287.099979 TARGET:-23 LUFS    M: -16.4 S: -15.8     I: -16.2 LUFS       LRA:   2.9 LU  FTPK:  -7.9 dBFS  TPK:  -1.4 dBFS
[Parsed_ebur128_0 @ 0x75bec0d2c0] t: 287.199979 TARGET:-23 LUFS    M: -16.9 S: -15.8     I: -16.2 LUFS       LRA:   2.9 LU  FTPK:  -7.7 dBFS  TPK:  -1.4 dBFS
[Parsed_ebur128_0 @ 0x75bec0d2c0] t: 287.299979 TARGET:-23 LUFS    M: -17.2 S: -15.8     I: -16.2 LUFS       LRA:   2.9 LU  FTPK:  -4.3 dBFS  TPK:  -1.4 dBFS
[Parsed_ebur128_0 @ 0x75bec0d2c0] t: 287.399979 TARGET:-23 LUFS    M: -17.3 S: -15.9     I: -16.2 LUFS       LRA:   2.9 LU  FTPK:  -3.7 dBFS  TPK:  -1.4 dBFS
[Parsed_ebur128_0 @ 0x75bec0d2c0] t: 287.499979 TARGET:-23 LUFS    M: -16.3 S: -15.9     I: -16.2 LUFS       LRA:   2.9 LU  FTPK:  -4.5 dBFS  TPK:  -1.4 dBFS
[Parsed_ebur128_0 @ 0x75bec0d2c0] t: 287.599979 TARGET:-23 LUFS    M: -15.8 S: -15.9     I: -16.2 LUFS       LRA:   2.9 LU  FTPK:  -6.3 dBFS  TPK:  -1.4 dBFS
[Parsed_ebur128_0 @ 0x75bec0d2c0] t: 287.699979 TARGET:-23 LUFS    M: -16.0 S: -15.9     I: -16.2 LUFS       LRA:   2.9 LU  FTPK:  -3.2 dBFS  TPK:  -1.4 dBFS
[Parsed_ebur128_0 @ 0x75bec0d2c0] t: 287.799979 TARGET:-23 LUFS    M: -15.4 S: -15.9     I: -16.2 LUFS       LRA:   2.9 LU  FTPK:  -4.1 dBFS  TPK:  -1.4 dBFS
[Parsed_ebur128_0 @ 0x75bec0d2c0] t: 287.899979 TARGET:-23 LUFS    M: -16.4 S: -15.9     I: -16.2 LUFS       LRA:   2.9 LU  FTPK:  -7.7 dBFS  TPK:  -1.4 dBFS
[Parsed_ebur128_0 @ 0x75bec0d2c0] t: 287.999979 TARGET:-23 LUFS    M: -15.6 S: -15.9     I: -16.2 LUFS       LRA:   2.9 LU  FTPK:  -4.9 dBFS  TPK:  -1.4 dBFS
[Parsed_ebur128_0 @ 0x75bec0d2c0] t: 288.099979 TARGET:-23 LUFS    M: -16.2 S: -16.0     I: -16.2 LUFS       LRA:   2.9 LU  FTPK:  -5.7 dBFS  TPK:  -1.4 dBFS
[Parsed_ebur128_0 @ 0x75bec0d2c0] t: 288.199979 TARGET:-23 LUFS    M: -14.5 S: -15.7     I: -16.2 LUFS       LRA:   2.9 LU  FTPK:  -1.5 dBFS  TPK:  -1.4 dBFS
[Parsed_ebur128_0 @ 0x75bec0d2c0] t: 288.299979 TARGET:-23 LUFS    M: -13.6 S: -15.5     I: -16.2 LUFS       LRA:   2.9 LU  FTPK:  -4.3 dBFS  TPK:  -1.4 dBFS
[Parsed_ebur128_0 @ 0x75bec0d2c0] t: 288.399979 TARGET:-23 LUFS    M: -14.3 S: -15.8     I: -16.2 LUFS       LRA:   2.9 LU  FTPK:  -6.5 dBFS  TPK:  -1.4 dBFS
[Parsed_ebur128_0 @ 0x75bec0d2c0] t: 288.499979 TARGET:-23 LUFS    M: -14.8 S: -16.0     I: -16.2 LUFS       LRA:   2.9 LU  FTPK: -19.4 dBFS  TPK:  -1.4 dBFS
[Parsed_ebur128_0 @ 0x75bec0d2c0] t: 288.599979 TARGET:-23 LUFS    M: -18.5 S: -16.0     I: -16.2 LUFS       LRA:   2.9 LU  FTPK: -15.5 dBFS  TPK:  -1.4 dBFS
[Parsed_ebur128_0 @ 0x75bec0d2c0] t: 288.699979 TARGET:-23 LUFS    M: -24.4 S: -16.2     I: -16.2 LUFS       LRA:   2.9 LU  FTPK: -13.6 dBFS  TPK:  -1.4 dBFS
[Parsed_ebur128_0 @ 0x75bec0d2c0] t: 288.799979 TARGET:-23 LUFS    M: -30.8 S: -16.3     I: -16.2 LUFS       LRA:   2.9 LU  FTPK: -21.4 dBFS  TPK:  -1.4 dBFS
[Parsed_ebur128_0 @ 0x75bec0d2c0] t: 288.899979 TARGET:-23 LUFS    M: -31.9 S: -16.4     I: -16.2 LUFS       LRA:   2.9 LU  FTPK: -63.0 dBFS  TPK:  -1.4 dBFS
[Parsed_ebur128_0 @ 0x75bec0d2c0] t: 288.999979 TARGET:-23 LUFS    M: -33.5 S: -16.4     I: -16.2 LUFS       LRA:   2.9 LU  FTPK: -103.1 dBFS  TPK:  -1.4 dBFS
[Parsed_ebur128_0 @ 0x75bec0d2c0] t: 289.099979 TARGET:-23 LUFS    M: -45.2 S: -16.4     I: -16.2 LUFS       LRA:   2.9 LU  FTPK:  -inf dBFS  TPK:  -1.4 dBFS
[Parsed_ebur128_0 @ 0x75bec0d2c0] t: 289.199979 TARGET:-23 LUFS    M: -84.9 S: -16.6     I: -16.2 LUFS       LRA:   2.9 LU  FTPK:  -inf dBFS  TPK:  -1.4 dBFS
[Parsed_silencedetect_1 @ 0x75bec0d380] silence_start: 288.732896
[Parsed_ebur128_0 @ 0x75bec0d2c0] t: 289.299979 TARGET:-23 LUFS    M:-126.1 S: -17.1     I: -16.2 LUFS       LRA:   2.9 LU  FTPK:  -inf dBFS  TPK:  -1.4 dBFS
[Parsed_ebur128_0 @ 0x75bec0d2c0] t: 289.399979 TARGET:-23 LUFS    M:   nan S: -17.3     I: -16.2 LUFS       LRA:   2.9 LU  FTPK:  -inf dBFS  TPK:  -1.4 dBFS
[Parsed_ebur128_0 @ 0x75bec0d2c0] t: 289.499979 TARGET:-23 LUFS    M: -96.8 S: -17.5     I: -16.2 LUFS       LRA:   2.9 LU  FTPK: -72.3 dBFS  TPK:  -1.4 dBFS
[Parsed_ebur128_0 @ 0x75bec0d2c0] t: 289.599979 TARGET:-23 LUFS    M: -77.5 S: -17.5     I: -16.2 LUFS       LRA:   2.9 LU  FTPK: -50.7 dBFS  TPK:  -1.4 dBFS
[Parsed_ebur128_0 @ 0x75bec0d2c0] t: 289.699979 TARGET:-23 LUFS    M: -75.8 S: -18.1     I: -16.2 LUFS       LRA:   2.9 LU  FTPK: -56.7 dBFS  TPK:  -1.4 dBFS
[Parsed_ebur128_0 @ 0x75bec0d2c0] t: 289.799979 TARGET:-23 LUFS    M: -25.3 S: -18.2     I: -16.2 LUFS       LRA:   2.9 LU  FTPK:  -6.0 dBFS  TPK:  -1.4 dBFS
[Parsed_silencedetect_1 @ 0x75bec0d380] silence_end: 289.736583 | silence_duration: 1.003688
[Parsed_ebur128_0 @ 0x75bec0d2c0] t: 289.899979 TARGET:-23 LUFS    M: -17.8 S: -18.0     I: -16.2 LUFS       LRA:   2.9 LU  FTPK:  -1.5 dBFS  TPK:  -1.4 dBFS
[Parsed_ebur128_0 @ 0x75bec0d2c0] t: 289.999979 TARGET:-23 LUFS    M: -15.7 S: -17.8     I: -16.2 LUFS       LRA:   2.9 LU  FTPK:  -3.1 dBFS  TPK:  -1.4 dBFS
[Parsed_ebur128_0 @ 0x75bec0d2c0] t: 290.099979 TARGET:-23 LUFS    M: -14.4 S: -17.6     I: -16.2 LUFS       LRA:   2.9 LU  FTPK:  -3.7 dBFS  TPK:  -1.4 dBFS
[Parsed_ebur128_0 @ 0x75bec0d2c0] t: 290.199979 TARGET:-23 LUFS    M: -13.7 S: -17.4     I: -16.2 LUFS       LRA:   2.9 LU  FTPK:  -4.2 dBFS  TPK:  -1.4 dBFS
[Parsed_ebur128_0 @ 0x75bec0d2c0] t: 290.299979 TARGET:-23 LUFS    M: -13.9 S: -17.3     I: -16.2 LUFS       LRA:   2.9 LU  FTPK:  -1.5 dBFS  TPK:  -1.4 dBFS
[Parsed_ebur128_0 @ 0x75bec0d2c0] t: 290.399979 TARGET:-23 LUFS    M: -14.7 S: -17.3     I: -16.2 LUFS       LRA:   2.9 LU  FTPK:  -2.0 dBFS  TPK:  -1.4 dBFS
[Parsed_ebur128_0 @ 0x75bec0d2c0] t: 290.499979 TARGET:-23 LUFS    M: -14.7 S: -17.3     I: -16.2 LUFS       LRA:   2.9 LU  FTPK:  -2.2 dBFS  TPK:  -1.4 dBFS
[Parsed_ebur128_0 @ 0x75bec0d2c0] t: 290.599979 TARGET:-23 LUFS    M: -15.4 S: -17.3     I: -16.2 LUFS       LRA:   2.9 LU  FTPK:  -5.1 dBFS  TPK:  -1.4 dBFS
[Parsed_ebur128_0 @ 0x75bec0d2c0] t: 290.699979 TARGET:-23 LUFS    M: -16.3 S: -17.4     I: -16.2 LUFS       LRA:   2.9 LU  FTPK:  -3.0 dBFS  TPK:  -1.4 dBFS
[Parsed_ebur128_0 @ 0x75bec0d2c0] t: 290.799979 TARGET:-23 LUFS    M: -16.1 S: -17.4     I: -16.2 LUFS       LRA:   2.9 LU  FTPK:  -4.8 dBFS  TPK:  -1.4 dBFS
[Parsed_ebur128_0 @ 0x75bec0d2c0] t: 290.899979 TARGET:-23 LUFS    M: -17.2 S: -17.4     I: -16.2 LUFS       LRA:   2.9 LU  FTPK:  -6.5 dBFS  TPK:  -1.4 dBFS
[Parsed_ebur128_0 @ 0x75bec0d2c0] t: 290.999979 TARGET:-23 LUFS    M: -17.8 S: -17.7     I: -16.2 LUFS       LRA:   2.9 LU  FTPK:  -9.3 dBFS  TPK:  -1.4 dBFS
[Parsed_ebur128_0 @ 0x75bec0d2c0] t: 291.099979 TARGET:-23 LUFS    M: -18.6 S: -17.7     I: -16.2 LUFS       LRA:   2.9 LU  FTPK:  -5.7 dBFS  TPK:  -1.4 dBFS
[Parsed_ebur128_0 @ 0x75bec0d2c0] t: 291.199979 TARGET:-23 LUFS    M: -19.9 S: -18.3     I: -16.2 LUFS       LRA:   2.9 LU  FTPK:  -6.2 dBFS  TPK:  -1.4 dBFS
[Parsed_ebur128_0 @ 0x75bec0d2c0] t: 291.299979 TARGET:-23 LUFS    M: -21.0 S: -18.7     I: -16.2 LUFS       LRA:   2.9 LU  FTPK:  -6.7 dBFS  TPK:  -1.4 dBFS
[Parsed_ebur128_0 @ 0x75bec0d2c0] t: 291.399979 TARGET:-23 LUFS    M: -21.1 S: -18.8     I: -16.2 LUFS       LRA:   2.9 LU  FTPK:  -4.6 dBFS  TPK:  -1.4 dBFS
[Parsed_ebur128_0 @ 0x75bec0d2c0] t: 291.499979 TARGET:-23 LUFS    M: -19.8 S: -18.5     I: -16.2 LUFS       LRA:   2.9 LU  FTPK:  -4.5 dBFS  TPK:  -1.4 dBFS
[Parsed_ebur128_0 @ 0x75bec0d2c0] t: 291.599979 TARGET:-23 LUFS    M: -20.3 S: -18.5     I: -16.2 LUFS       LRA:   2.9 LU  FTPK: -15.3 dBFS  TPK:  -1.4 dBFS
[Parsed_ebur128_0 @ 0x75bec0d2c0] t: 291.699979 TARGET:-23 LUFS    M: -20.1 S: -18.5     I: -16.2 LUFS       LRA:   2.9 LU  FTPK:  -8.2 dBFS  TPK:  -1.4 dBFS
[Parsed_ebur128_0 @ 0x75bec0d2c0] t: 291.799979 TARGET:-23 LUFS    M: -20.8 S: -18.5     I: -16.2 LUFS       LRA:   2.9 LU  FTPK: -45.1 dBFS  TPK:  -1.4 dBFS
[Parsed_ebur128_0 @ 0x75bec0d2c0] t: 291.899979 TARGET:-23 LUFS    M: -26.3 S: -18.5     I: -16.2 LUFS       LRA:   2.9 LU  FTPK: -37.3 dBFS  TPK:  -1.4 dBFS
[Parsed_ebur128_0 @ 0x75bec0d2c0] t: 291.999979 TARGET:-23 LUFS    M: -26.8 S: -18.5     I: -16.2 LUFS       LRA:   2.9 LU  FTPK: -36.8 dBFS  TPK:  -1.4 dBFS
[Parsed_ebur128_0 @ 0x75bec0d2c0] t: 292.099979 TARGET:-23 LUFS    M: -18.0 S: -17.9     I: -16.2 LUFS       LRA:   2.9 LU  FTPK:  -1.5 dBFS  TPK:  -1.4 dBFS
[Parsed_ebur128_0 @ 0x75bec0d2c0] t: 292.199979 TARGET:-23 LUFS    M: -16.0 S: -17.6     I: -16.2 LUFS       LRA:   2.9 LU  FTPK:  -3.4 dBFS  TPK:  -1.4 dBFS
[Parsed_ebur128_0 @ 0x75bec0d2c0] t: 292.299979 TARGET:-23 LUFS    M: -15.1 S: -17.4     I: -16.2 LUFS       LRA:   2.9 LU  FTPK:  -3.9 dBFS  TPK:  -1.4 dBFS
[Parsed_ebur128_0 @ 0x75bec0d2c0] t: 292.399979 TARGET:-23 LUFS    M: -13.7 S: -17.0     I: -16.2 LUFS       LRA:   2.9 LU  FTPK:  -1.5 dBFS  TPK:  -1.4 dBFS
[Parsed_ebur128_0 @ 0x75bec0d2c0] t: 292.499979 TARGET:-23 LUFS    M: -15.3 S: -16.9     I: -16.2 LUFS       LRA:   2.9 LU  FTPK:  -3.7 dBFS  TPK:  -1.4 dBFS
[Parsed_ebur128_0 @ 0x75bec0d2c0] t: 292.599979 TARGET:-23 LUFS    M: -16.7 S: -16.9     I: -16.2 LUFS       LRA:   2.9 LU  FTPK: -10.5 dBFS  TPK:  -1.4 dBFS
[Parsed_ebur128_0 @ 0x75bec0d2c0] t: 292.699979 TARGET:-23 LUFS    M: -15.9 S: -16.6     I: -16.2 LUFS       LRA:   2.9 LU  FTPK:  -3.1 dBFS  TPK:  -1.4 dBFS
[Parsed_ebur128_0 @ 0x75bec0d2c0] t: 292.799979 TARGET:-23 LUFS    M: -17.7 S: -16.6     I: -16.2 LUFS       LRA:   2.9 LU  FTPK:  -7.1 dBFS  TPK:  -1.4 dBFS
[Parsed_ebur128_0 @ 0x75bec0d2c0] t: 292.899979 TARGET:-23 LUFS    M: -17.7 S: -16.9     I: -16.2 LUFS       LRA:   2.9 LU  FTPK:  -5.1 dBFS  TPK:  -1.4 dBFS
[Parsed_ebur128_0 @ 0x75bec0d2c0] t: 292.999979 TARGET:-23 LUFS    M: -15.2 S: -16.8     I: -16.2 LUFS       LRA:   2.9 LU  FTPK:  -1.5 dBFS  TPK:  -1.4 dBFS
[Parsed_ebur128_0 @ 0x75bec0d2c0] t: 293.099979 TARGET:-23 LUFS    M: -16.9 S: -17.1     I: -16.2 LUFS       LRA:   2.9 LU  FTPK: -19.7 dBFS  TPK:  -1.4 dBFS
[Parsed_ebur128_0 @ 0x75bec0d2c0] t: 293.199979 TARGET:-23 LUFS    M: -16.7 S: -17.2     I: -16.2 LUFS       LRA:   2.9 LU  FTPK:  -3.1 dBFS  TPK:  -1.4 dBFS
[Parsed_ebur128_0 @ 0x75bec0d2c0] t: 293.299979 TARGET:-23 LUFS    M: -16.7 S: -17.5     I: -16.2 LUFS       LRA:   2.9 LU  FTPK:  -7.6 dBFS  TPK:  -1.4 dBFS
[Parsed_ebur128_0 @ 0x75bec0d2c0] t: 293.399979 TARGET:-23 LUFS    M: -18.1 S: -17.3     I: -16.2 LUFS       LRA:   2.9 LU  FTPK:  -1.5 dBFS  TPK:  -1.4 dBFS
[Parsed_ebur128_0 @ 0x75bec0d2c0] t: 293.499979 TARGET:-23 LUFS    M: -16.6 S: -17.4     I: -16.2 LUFS       LRA:   2.9 LU  FTPK:  -3.7 dBFS  TPK:  -1.4 dBFS
[Parsed_ebur128_0 @ 0x75bec0d2c0] t: 293.599979 TARGET:-23 LUFS    M: -15.4 S: -17.2     I: -16.2 LUFS       LRA:   2.9 LU  FTPK:  -1.5 dBFS  TPK:  -1.4 dBFS
[Parsed_ebur128_0 @ 0x75bec0d2c0] t: 293.699979 TARGET:-23 LUFS    M: -14.3 S: -17.1     I: -16.2 LUFS       LRA:   2.9 LU  FTPK:  -1.5 dBFS  TPK:  -1.4 dBFS
[Parsed_ebur128_0 @ 0x75bec0d2c0] t: 293.799979 TARGET:-23 LUFS    M: -15.2 S: -17.2     I: -16.2 LUFS       LRA:   2.9 LU  FTPK: -11.0 dBFS  TPK:  -1.4 dBFS
[Parsed_ebur128_0 @ 0x75bec0d2c0] t: 293.899979 TARGET:-23 LUFS    M: -14.8 S: -17.0     I: -16.2 LUFS       LRA:   2.9 LU  FTPK:  -1.5 dBFS  TPK:  -1.4 dBFS
[Parsed_ebur128_0 @ 0x75bec0d2c0] t: 293.999979 TARGET:-23 LUFS    M: -15.9 S: -16.9     I: -16.2 LUFS       LRA:   2.9 LU  FTPK:  -3.6 dBFS  TPK:  -1.4 dBFS
[Parsed_ebur128_0 @ 0x75bec0d2c0] t: 294.099979 TARGET:-23 LUFS    M: -17.8 S: -17.0     I: -16.2 LUFS       LRA:   2.9 LU  FTPK:  -6.7 dBFS  TPK:  -1.4 dBFS
[Parsed_ebur128_0 @ 0x75bec0d2c0] t: 294.199979 TARGET:-23 LUFS    M: -16.9 S: -16.9     I: -16.2 LUFS       LRA:   2.9 LU  FTPK:  -5.8 dBFS  TPK:  -1.4 dBFS
[Parsed_ebur128_0 @ 0x75bec0d2c0] t: 294.299979 TARGET:-23 LUFS    M: -17.9 S: -16.8     I: -16.2 LUFS       LRA:   2.9 LU  FTPK:  -2.2 dBFS  TPK:  -1.4 dBFS
[Parsed_ebur128_0 @ 0x75bec0d2c0] t: 294.399979 TARGET:-23 LUFS    M: -16.9 S: -16.6     I: -16.2 LUFS       LRA:   2.9 LU  FTPK:  -1.5 dBFS  TPK:  -1.4 dBFS
[Parsed_ebur128_0 @ 0x75bec0d2c0] t: 294.499979 TARGET:-23 LUFS    M: -17.2 S: -16.7     I: -16.2 LUFS       LRA:   2.9 LU  FTPK: -12.5 dBFS  TPK:  -1.4 dBFS
[Parsed_ebur128_0 @ 0x75bec0d2c0] t: 294.599979 TARGET:-23 LUFS    M: -15.5 S: -16.4     I: -16.2 LUFS       LRA:   2.9 LU  FTPK:  -1.5 dBFS  TPK:  -1.4 dBFS
[Parsed_ebur128_0 @ 0x75bec0d2c0] t: 294.699979 TARGET:-23 LUFS    M: -15.7 S: -16.3     I: -16.2 LUFS       LRA:   2.9 LU  FTPK:  -5.5 dBFS  TPK:  -1.4 dBFS
[Parsed_ebur128_0 @ 0x75bec0d2c0] t: 294.799979 TARGET:-23 LUFS    M: -17.1 S: -16.3     I: -16.2 LUFS       LRA:   2.9 LU  FTPK: -11.0 dBFS  TPK:  -1.4 dBFS
[Parsed_ebur128_0 @ 0x75bec0d2c0] t: 294.899979 TARGET:-23 LUFS    M: -16.9 S: -16.3     I: -16.2 LUFS       LRA:   2.9 LU  FTPK:  -9.7 dBFS  TPK:  -1.4 dBFS
[Parsed_ebur128_0 @ 0x75bec0d2c0] t: 294.999979 TARGET:-23 LUFS    M: -21.4 S: -16.2     I: -16.2 LUFS       LRA:   2.9 LU  FTPK:  -9.0 dBFS  TPK:  -1.4 dBFS
[Parsed_ebur128_0 @ 0x75bec0d2c0] t: 295.099979 TARGET:-23 LUFS    M: -20.1 S: -16.5     I: -16.2 LUFS       LRA:   2.9 LU  FTPK:  -5.7 dBFS  TPK:  -1.4 dBFS
[Parsed_ebur128_0 @ 0x75bec0d2c0] t: 295.199979 TARGET:-23 LUFS    M: -19.0 S: -16.6     I: -16.2 LUFS       LRA:   2.9 LU  FTPK:  -7.7 dBFS  TPK:  -1.4 dBFS
[Parsed_ebur128_0 @ 0x75bec0d2c0] t: 295.299979 TARGET:-23 LUFS    M: -19.3 S: -16.8     I: -16.2 LUFS       LRA:   2.9 LU  FTPK: -13.9 dBFS  TPK:  -1.4 dBFS
[Parsed_ebur128_0 @ 0x75bec0d2c0] t: 295.399979 TARGET:-23 LUFS    M: -18.9 S: -17.1     I: -16.2 LUFS       LRA:   2.9 LU  FTPK: -11.4 dBFS  TPK:  -1.4 dBFS
[Parsed_ebur128_0 @ 0x75bec0d2c0] t: 295.499979 TARGET:-23 LUFS    M: -21.5 S: -17.1     I: -16.2 LUFS       LRA:   2.9 LU  FTPK: -14.9 dBFS  TPK:  -1.4 dBFS
[Parsed_ebur128_0 @ 0x75bec0d2c0] t: 295.599979 TARGET:-23 LUFS    M: -20.5 S: -17.0     I: -16.2 LUFS       LRA:   2.9 LU  FTPK:  -5.0 dBFS  TPK:  -1.4 dBFS
[Parsed_ebur128_0 @ 0x75bec0d2c0] t: 295.699979 TARGET:-23 LUFS    M: -17.0 S: -16.9     I: -16.2 LUFS       LRA:   2.9 LU  FTPK:  -3.9 dBFS  TPK:  -1.4 dBFS
[Parsed_ebur128_0 @ 0x75bec0d2c0] t: 295.799979 TARGET:-23 LUFS    M: -15.5 S: -16.7     I: -16.2 LUFS       LRA:   2.9 LU  FTPK:  -4.7 dBFS  TPK:  -1.4 dBFS
[Parsed_ebur128_0 @ 0x75bec0d2c0] t: 295.899979 TARGET:-23 LUFS    M: -15.3 S: -16.7     I: -16.2 LUFS       LRA:   2.9 LU  FTPK:  -7.8 dBFS  TPK:  -1.4 dBFS
[Parsed_ebur128_0 @ 0x75bec0d2c0] t: 295.999979 TARGET:-23 LUFS    M: -16.2 S: -17.1     I: -16.2 LUFS       LRA:   2.9 LU  FTPK: -19.7 dBFS  TPK:  -1.4 dBFS
[Parsed_ebur128_0 @ 0x75bec0d2c0] t: 296.099979 TARGET:-23 LUFS    M: -17.8 S: -17.0     I: -16.2 LUFS       LRA:   2.9 LU  FTPK:  -6.3 dBFS  TPK:  -1.4 dBFS
[Parsed_ebur128_0 @ 0x75bec0d2c0] t: 296.199979 TARGET:-23 LUFS    M: -21.2 S: -17.1     I: -16.2 LUFS       LRA:   2.9 LU  FTPK:  -8.8 dBFS  TPK:  -1.4 dBFS
[Parsed_ebur128_0 @ 0x75bec0d2c0] t: 296.299979 TARGET:-23 LUFS    M: -22.9 S: -17.2     I: -16.2 LUFS       LRA:   2.9 LU  FTPK: -64.7 dBFS  TPK:  -1.4 dBFS
[Parsed_ebur128_0 @ 0x75bec0d2c0] t: 296.399979 TARGET:-23 LUFS    M: -23.0 S: -17.5     I: -16.2 LUFS       LRA:   2.9 LU  FTPK: -68.6 dBFS  TPK:  -1.4 dBFS
[Parsed_ebur128_0 @ 0x75bec0d2c0] t: 296.499979 TARGET:-23 LUFS    M: -30.8 S: -17.7     I: -16.2 LUFS       LRA:   2.9 LU  FTPK:  -inf dBFS  TPK:  -1.4 dBFS
[Parsed_ebur128_0 @ 0x75bec0d2c0] t: 296.599979 TARGET:-23 LUFS    M: -83.1 S: -18.1     I: -16.2 LUFS       LRA:   2.9 LU  FTPK:  -inf dBFS  TPK:  -1.4 dBFS
[Parsed_silencedetect_1 @ 0x75bec0d380] silence_start: 296.158437
[Parsed_ebur128_0 @ 0x75bec0d2c0] t: 296.699979 TARGET:-23 LUFS    M: -96.6 S: -18.5     I: -16.2 LUFS       LRA:   2.9 LU  FTPK:  -inf dBFS  TPK:  -1.4 dBFS
[Parsed_ebur128_0 @ 0x75bec0d2c0] t: 296.799979 TARGET:-23 LUFS    M:   nan S: -18.6     I: -16.2 LUFS       LRA:   2.9 LU  FTPK:  -inf dBFS  TPK:  -1.4 dBFS
[Parsed_ebur128_0 @ 0x75bec0d2c0] t: 296.899979 TARGET:-23 LUFS    M:   nan S: -19.0     I: -16.2 LUFS       LRA:   2.9 LU  FTPK:  -inf dBFS  TPK:  -1.4 dBFS
[Parsed_ebur128_0 @ 0x75bec0d2c0] t: 296.999979 TARGET:-23 LUFS    M:   nan S: -19.2     I: -16.2 LUFS       LRA:   2.9 LU  FTPK:  -inf dBFS  TPK:  -1.4 dBFS
[Parsed_ebur128_0 @ 0x75bec0d2c0] t: 297.099979 TARGET:-23 LUFS    M:   nan S: -19.3     I: -16.2 LUFS       LRA:   2.9 LU  FTPK:  -inf dBFS  TPK:  -1.4 dBFS
[Parsed_ebur128_0 @ 0x75bec0d2c0] t: 297.199979 TARGET:-23 LUFS    M:   nan S: -19.5     I: -16.2 LUFS       LRA:   2.9 LU  FTPK:  -inf dBFS  TPK:  -1.4 dBFS
[Parsed_ebur128_0 @ 0x75bec0d2c0] t: 297.299979 TARGET:-23 LUFS    M:   nan S: -19.8     I: -16.2 LUFS       LRA:   2.9 LU  FTPK:  -inf dBFS  TPK:  -1.4 dBFS
[Parsed_ebur128_0 @ 0x75bec0d2c0] t: 297.399979 TARGET:-23 LUFS    M:   nan S: -20.3     I: -16.2 LUFS       LRA:   2.9 LU  FTPK:  -inf dBFS  TPK:  -1.4 dBFS
[Parsed_ebur128_0 @ 0x75bec0d2c0] t: 297.499979 TARGET:-23 LUFS    M:   nan S: -20.3     I: -16.2 LUFS       LRA:   2.9 LU  FTPK:  -inf dBFS  TPK:  -1.4 dBFS
[Parsed_ebur128_0 @ 0x75bec0d2c0] t: 297.599979 TARGET:-23 LUFS    M:   nan S: -21.3     I: -16.2 LUFS       LRA:   2.9 LU  FTPK:  -inf dBFS  TPK:  -1.4 dBFS
[Parsed_ebur128_0 @ 0x75bec0d2c0] t: 297.699979 TARGET:-23 LUFS    M:   nan S: -21.6     I: -16.2 LUFS       LRA:   2.9 LU  FTPK:  -inf dBFS  TPK:  -1.4 dBFS
[Parsed_ebur128_0 @ 0x75bec0d2c0] t: 297.799979 TARGET:-23 LUFS    M:   nan S: -21.7     I: -16.2 LUFS       LRA:   2.9 LU  FTPK:  -inf dBFS  TPK:  -1.4 dBFS
[Parsed_ebur128_0 @ 0x75bec0d2c0] t: 297.899979 TARGET:-23 LUFS    M:   nan S: -21.8     I: -16.2 LUFS       LRA:   2.9 LU  FTPK:  -inf dBFS  TPK:  -1.4 dBFS
[Parsed_ebur128_0 @ 0x75bec0d2c0] t: 297.999979 TARGET:-23 LUFS    M:   nan S: -21.9     I: -16.2 LUFS       LRA:   2.9 LU  FTPK:  -inf dBFS  TPK:  -1.4 dBFS
[Parsed_ebur128_0 @ 0x75bec0d2c0] t: 298.099979 TARGET:-23 LUFS    M:   nan S: -22.5     I: -16.2 LUFS       LRA:   2.9 LU  FTPK:  -inf dBFS  TPK:  -1.4 dBFS
[Parsed_ebur128_0 @ 0x75bec0d2c0] t: 298.199979 TARGET:-23 LUFS    M:   nan S: -23.0     I: -16.2 LUFS       LRA:   2.9 LU  FTPK:  -inf dBFS  TPK:  -1.4 dBFS
[Parsed_ebur128_0 @ 0x75bec0d2c0] t: 298.299979 TARGET:-23 LUFS    M:   nan S: -23.0     I: -16.2 LUFS       LRA:   2.9 LU  FTPK:  -inf dBFS  TPK:  -1.4 dBFS
[Parsed_ebur128_0 @ 0x75bec0d2c0] t: 298.399979 TARGET:-23 LUFS    M:   nan S: -23.2     I: -16.2 LUFS       LRA:   2.9 LU  FTPK:  -inf dBFS  TPK:  -1.4 dBFS
[Parsed_ebur128_0 @ 0x75bec0d2c0] t: 298.499979 TARGET:-23 LUFS    M:   nan S: -23.3     I: -16.2 LUFS       LRA:   2.9 LU  FTPK:  -inf dBFS  TPK:  -1.4 dBFS
[Parsed_ebur128_0 @ 0x75bec0d2c0] t: 298.599979 TARGET:-23 LUFS    M:   nan S: -24.1     I: -16.2 LUFS       LRA:   2.9 LU  FTPK:  -inf dBFS  TPK:  -1.4 dBFS
[Parsed_ebur128_0 @ 0x75bec0d2c0] t: 298.699979 TARGET:-23 LUFS    M:   nan S: -26.4     I: -16.2 LUFS       LRA:   2.9 LU  FTPK:  -inf dBFS  TPK:  -1.4 dBFS
[Parsed_ebur128_0 @ 0x75bec0d2c0] t: 298.799979 TARGET:-23 LUFS    M:   nan S: -30.0     I: -16.2 LUFS       LRA:   2.9 LU  FTPK:  -inf dBFS  TPK:  -1.4 dBFS
[Parsed_ebur128_0 @ 0x75bec0d2c0] t: 298.899979 TARGET:-23 LUFS    M:   nan S: -31.6     I: -16.2 LUFS       LRA:   2.9 LU  FTPK:  -inf dBFS  TPK:  -1.4 dBFS
[Parsed_ebur128_0 @ 0x75bec0d2c0] t: 298.999979 TARGET:-23 LUFS    M:   nan S: -31.8     I: -16.2 LUFS       LRA:   2.9 LU  FTPK:  -inf dBFS  TPK:  -1.4 dBFS
[Parsed_ebur128_0 @ 0x75bec0d2c0] t: 299.099979 TARGET:-23 LUFS    M:   nan S: -39.6     I: -16.2 LUFS       LRA:   2.9 LU  FTPK:  -inf dBFS  TPK:  -1.4 dBFS
[Parsed_ebur128_0 @ 0x75bec0d2c0] t: 299.199979 TARGET:-23 LUFS    M:   nan S: -91.9     I: -16.2 LUFS       LRA:   2.9 LU  FTPK:  -inf dBFS  TPK:  -1.4 dBFS
[Parsed_ebur128_0 @ 0x75bec0d2c0] t: 299.299979 TARGET:-23 LUFS    M:   nan S:-105.4     I: -16.2 LUFS       LRA:   2.9 LU  FTPK:  -inf dBFS  TPK:  -1.4 dBFS
[Parsed_ebur128_0 @ 0x75bec0d2c0] t: 299.399979 TARGET:-23 LUFS    M:   nan S:-143.2     I: -16.2 LUFS       LRA:   2.9 LU  FTPK:  -inf dBFS  TPK:  -1.4 dBFS
[Parsed_ebur128_0 @ 0x75bec0d2c0] t: 299.499979 TARGET:-23 LUFS    M:   nan S:-143.2     I: -16.2 LUFS       LRA:   2.9 LU  FTPK:  -inf dBFS  TPK:  -1.4 dBFS
[Parsed_ebur128_0 @ 0x75bec0d2c0] t: 299.599979 TARGET:-23 LUFS    M:   nan S:-143.2     I: -16.2 LUFS       LRA:   2.9 LU  FTPK:  -inf dBFS  TPK:  -1.4 dBFS
[Parsed_ebur128_0 @ 0x75bec0d2c0] t: 299.699979 TARGET:-23 LUFS    M:   nan S:-143.2     I: -16.2 LUFS       LRA:   2.9 LU  FTPK:  -inf dBFS  TPK:  -1.4 dBFS
[Parsed_ebur128_0 @ 0x75bec0d2c0] t: 299.799979 TARGET:-23 LUFS    M:   nan S:-143.2     I: -16.2 LUFS       LRA:   2.9 LU  FTPK:  -inf dBFS  TPK:  -1.4 dBFS
[Parsed_ebur128_0 @ 0x75bec0d2c0] t: 299.899979 TARGET:-23 LUFS    M:   nan S:-143.2     I: -16.2 LUFS       LRA:   2.9 LU  FTPK:  -inf dBFS  TPK:  -1.4 dBFS
[Parsed_ebur128_0 @ 0x75bec0d2c0] t: 299.999979 TARGET:-23 LUFS    M:   nan S:-143.2     I: -16.2 LUFS       LRA:   2.9 LU  FTPK:  -inf dBFS  TPK:  -1.4 dBFS
[Parsed_ebur128_0 @ 0x75bec0d2c0] t: 300.099979 TARGET:-23 LUFS    M:   nan S:-143.2     I: -16.2 LUFS       LRA:   2.9 LU  FTPK:  -inf dBFS  TPK:  -1.4 dBFS
[Parsed_ebur128_0 @ 0x75bec0d2c0] t: 300.199979 TARGET:-23 LUFS    M: -72.8 S: -81.5     I: -16.2 LUFS       LRA:   2.9 LU  FTPK: -53.8 dBFS  TPK:  -1.4 dBFS
[Parsed_ebur128_0 @ 0x75bec0d2c0] t: 300.299979 TARGET:-23 LUFS    M: -19.5 S: -28.2     I: -16.2 LUFS       LRA:   2.9 LU  FTPK:  -1.5 dBFS  TPK:  -1.4 dBFS
[Parsed_silencedetect_1 @ 0x75bec0d380] silence_end: 300.227333 | silence_duration: 4.068896
[Parsed_ebur128_0 @ 0x75bec0d2c0] t: 300.399979 TARGET:-23 LUFS    M: -16.9 S: -25.6     I: -16.2 LUFS       LRA:   2.9 LU  FTPK:  -3.2 dBFS  TPK:  -1.4 dBFS
[Parsed_ebur128_0 @ 0x75bec0d2c0] t: 300.499979 TARGET:-23 LUFS    M: -15.1 S: -23.8     I: -16.2 LUFS       LRA:   2.9 LU  FTPK:  -1.5 dBFS  TPK:  -1.4 dBFS
[Parsed_ebur128_0 @ 0x75bec0d2c0] t: 300.599979 TARGET:-23 LUFS    M: -14.2 S: -22.9     I: -16.2 LUFS       LRA:   2.9 LU  FTPK:  -3.8 dBFS  TPK:  -1.4 dBFS
[Parsed_ebur128_0 @ 0x75bec0d2c0] t: 300.699979 TARGET:-23 LUFS    M: -14.8 S: -22.3     I: -16.2 LUFS       LRA:   2.9 LU  FTPK:  -1.5 dBFS  TPK:  -1.4 dBFS
[Parsed_ebur128_0 @ 0x75bec0d2c0] t: 300.799979 TARGET:-23 LUFS    M: -15.7 S: -22.0     I: -16.2 LUFS       LRA:   2.9 LU  FTPK:  -8.6 dBFS  TPK:  -1.4 dBFS
[Parsed_ebur128_0 @ 0x75bec0d2c0] t: 300.899979 TARGET:-23 LUFS    M: -15.3 S: -20.9     I: -16.2 LUFS       LRA:   2.9 LU  FTPK:  -1.5 dBFS  TPK:  -1.4 dBFS
[Parsed_ebur128_0 @ 0x75bec0d2c0] t: 300.999979 TARGET:-23 LUFS    M: -15.1 S: -20.3     I: -16.2 LUFS       LRA:   3.0 LU  FTPK:  -1.5 dBFS  TPK:  -1.4 dBFS
[Parsed_ebur128_0 @ 0x75bec0d2c0] t: 301.099979 TARGET:-23 LUFS    M: -15.5 S: -20.2     I: -16.2 LUFS       LRA:   3.0 LU  FTPK:  -8.0 dBFS  TPK:  -1.4 dBFS
[Parsed_ebur128_0 @ 0x75bec0d2c0] t: 301.199979 TARGET:-23 LUFS    M: -16.0 S: -20.1     I: -16.2 LUFS       LRA:   3.0 LU  FTPK: -15.4 dBFS  TPK:  -1.4 dBFS
[Parsed_ebur128_0 @ 0x75bec0d2c0] t: 301.299979 TARGET:-23 LUFS    M: -16.4 S: -19.5     I: -16.2 LUFS       LRA:   3.0 LU  FTPK:  -4.2 dBFS  TPK:  -1.4 dBFS
[Parsed_ebur128_0 @ 0x75bec0d2c0] t: 301.399979 TARGET:-23 LUFS    M: -15.4 S: -18.8     I: -16.2 LUFS       LRA:   3.0 LU  FTPK:  -2.7 dBFS  TPK:  -1.4 dBFS
[Parsed_ebur128_0 @ 0x75bec0d2c0] t: 301.499979 TARGET:-23 LUFS    M: -14.5 S: -18.4     I: -16.2 LUFS       LRA:   3.0 LU  FTPK:  -4.5 dBFS  TPK:  -1.4 dBFS
[Parsed_ebur128_0 @ 0x75bec0d2c0] t: 301.599979 TARGET:-23 LUFS    M: -14.0 S: -18.2     I: -16.2 LUFS       LRA:   3.0 LU  FTPK:  -9.6 dBFS  TPK:  -1.4 dBFS
[Parsed_ebur128_0 @ 0x75bec0d2c0] t: 301.699979 TARGET:-23 LUFS    M: -13.7 S: -17.8     I: -16.2 LUFS       LRA:   3.0 LU  FTPK:  -1.8 dBFS  TPK:  -1.4 dBFS
[Parsed_ebur128_0 @ 0x75bec0d2c0] t: 301.799979 TARGET:-23 LUFS    M: -14.5 S: -17.5     I: -16.2 LUFS       LRA:   3.0 LU  FTPK:  -3.4 dBFS  TPK:  -1.4 dBFS
[Parsed_ebur128_0 @ 0x75bec0d2c0] t: 301.899979 TARGET:-23 LUFS    M: -15.8 S: -17.5     I: -16.2 LUFS       LRA:   3.0 LU  FTPK: -10.1 dBFS  TPK:  -1.4 dBFS
[Parsed_ebur128_0 @ 0x75bec0d2c0] t: 301.999979 TARGET:-23 LUFS    M: -16.6 S: -17.5     I: -16.2 LUFS       LRA:   3.0 LU  FTPK: -19.3 dBFS  TPK:  -1.4 dBFS
[Parsed_ebur128_0 @ 0x75bec0d2c0] t: 302.099979 TARGET:-23 LUFS    M: -19.2 S: -17.4     I: -16.2 LUFS       LRA:   3.0 LU  FTPK:  -7.4 dBFS  TPK:  -1.4 dBFS
[Parsed_ebur128_0 @ 0x75bec0d2c0] t: 302.199979 TARGET:-23 LUFS    M: -23.5 S: -17.4     I: -16.2 LUFS       LRA:   3.0 LU  FTPK: -21.9 dBFS  TPK:  -1.4 dBFS
[Parsed_ebur128_0 @ 0x75bec0d2c0] t: 302.299979 TARGET:-23 LUFS    M: -24.4 S: -17.4     I: -16.2 LUFS       LRA:   3.0 LU  FTPK: -66.6 dBFS  TPK:  -1.4 dBFS
[Parsed_ebur128_0 @ 0x75bec0d2c0] t: 302.399979 TARGET:-23 LUFS    M: -24.6 S: -17.4     I: -16.2 LUFS       LRA:   3.0 LU  FTPK: -107.8 dBFS  TPK:  -1.4 dBFS
[Parsed_ebur128_0 @ 0x75bec0d2c0] t: 302.499979 TARGET:-23 LUFS    M: -42.6 S: -17.4     I: -16.2 LUFS       LRA:   2.9 LU  FTPK:  -inf dBFS  TPK:  -1.4 dBFS
[Parsed_ebur128_0 @ 0x75bec0d2c0] t: 302.599979 TARGET:-23 LUFS    M: -86.6 S: -17.4     I: -16.2 LUFS       LRA:   2.9 LU  FTPK:  -inf dBFS  TPK:  -1.4 dBFS
[Parsed_silencedetect_1 @ 0x75bec0d380] silence_start: 302.133479
[Parsed_ebur128_0 @ 0x75bec0d2c0] t: 302.699979 TARGET:-23 LUFS    M:-132.9 S: -17.4     I: -16.2 LUFS       LRA:   2.9 LU  FTPK:  -inf dBFS  TPK:  -1.4 dBFS
[Parsed_ebur128_0 @ 0x75bec0d2c0] t: 302.799979 TARGET:-23 LUFS    M:   nan S: -17.4     I: -16.2 LUFS       LRA:   2.9 LU  FTPK:  -inf dBFS  TPK:  -1.4 dBFS
[Parsed_ebur128_0 @ 0x75bec0d2c0] t: 302.899979 TARGET:-23 LUFS    M:   nan S: -17.4     I: -16.2 LUFS       LRA:   2.9 LU  FTPK:  -inf dBFS  TPK:  -1.4 dBFS
[Parsed_ebur128_0 @ 0x75bec0d2c0] t: 302.999979 TARGET:-23 LUFS    M:   nan S: -17.4     I: -16.2 LUFS       LRA:   2.9 LU  FTPK:  -inf dBFS  TPK:  -1.4 dBFS
[Parsed_ebur128_0 @ 0x75bec0d2c0] t: 303.099979 TARGET:-23 LUFS    M: -70.1 S: -17.4     I: -16.2 LUFS       LRA:   2.9 LU  FTPK: -38.0 dBFS  TPK:  -1.4 dBFS
[Parsed_silencedetect_1 @ 0x75bec0d380] silence_end: 303.056312 | silence_duration: 0.922833
[Parsed_ebur128_0 @ 0x75bec0d2c0] t: 303.199979 TARGET:-23 LUFS    M: -18.8 S: -17.0     I: -16.2 LUFS       LRA:   2.9 LU  FTPK:  -1.5 dBFS  TPK:  -1.4 dBFS
[Parsed_ebur128_0 @ 0x75bec0d2c0] t: 303.299979 TARGET:-23 LUFS    M: -16.9 S: -17.1     I: -16.2 LUFS       LRA:   2.9 LU  FTPK:  -3.9 dBFS  TPK:  -1.4 dBFS
[Parsed_ebur128_0 @ 0x75bec0d2c0] t: 303.399979 TARGET:-23 LUFS    M: -15.0 S: -17.0     I: -16.2 LUFS       LRA:   2.9 LU  FTPK:  -2.0 dBFS  TPK:  -1.4 dBFS
[Parsed_ebur128_0 @ 0x75bec0d2c0] t: 303.499979 TARGET:-23 LUFS    M: -13.7 S: -17.0     I: -16.2 LUFS       LRA:   2.9 LU  FTPK:  -2.5 dBFS  TPK:  -1.4 dBFS
[Parsed_ebur128_0 @ 0x75bec0d2c0] t: 303.599979 TARGET:-23 LUFS    M: -14.3 S: -17.0     I: -16.2 LUFS       LRA:   2.9 LU  FTPK:  -4.0 dBFS  TPK:  -1.4 dBFS
[Parsed_ebur128_0 @ 0x75bec0d2c0] t: 303.699979 TARGET:-23 LUFS    M: -14.5 S: -17.0     I: -16.2 LUFS       LRA:   2.9 LU  FTPK:  -5.9 dBFS  TPK:  -1.4 dBFS
[Parsed_ebur128_0 @ 0x75bec0d2c0] t: 303.799979 TARGET:-23 LUFS    M: -14.2 S: -16.7     I: -16.2 LUFS       LRA:   2.9 LU  FTPK:  -3.8 dBFS  TPK:  -1.4 dBFS
[Parsed_ebur128_0 @ 0x75bec0d2c0] t: 303.899979 TARGET:-23 LUFS    M: -15.3 S: -17.0     I: -16.2 LUFS       LRA:   2.9 LU  FTPK:  -7.2 dBFS  TPK:  -1.4 dBFS
[Parsed_ebur128_0 @ 0x75bec0d2c0] t: 303.999979 TARGET:-23 LUFS    M: -15.5 S: -17.1     I: -16.2 LUFS       LRA:   2.9 LU  FTPK:  -5.0 dBFS  TPK:  -1.4 dBFS
[Parsed_ebur128_0 @ 0x75bec0d2c0] t: 304.099979 TARGET:-23 LUFS    M: -15.3 S: -17.0     I: -16.2 LUFS       LRA:   2.9 LU  FTPK:  -5.7 dBFS  TPK:  -1.4 dBFS
[Parsed_ebur128_0 @ 0x75bec0d2c0] t: 304.199979 TARGET:-23 LUFS    M: -15.5 S: -16.6     I: -16.2 LUFS       LRA:   2.9 LU  FTPK:  -4.4 dBFS  TPK:  -1.4 dBFS
[Parsed_ebur128_0 @ 0x75bec0d2c0] t: 304.299979 TARGET:-23 LUFS    M: -15.3 S: -16.8     I: -16.2 LUFS       LRA:   2.9 LU  FTPK:  -5.3 dBFS  TPK:  -1.4 dBFS
[Parsed_ebur128_0 @ 0x75bec0d2c0] t: 304.399979 TARGET:-23 LUFS    M: -16.4 S: -17.2     I: -16.2 LUFS       LRA:   2.9 LU  FTPK: -15.9 dBFS  TPK:  -1.4 dBFS
[Parsed_ebur128_0 @ 0x75bec0d2c0] t: 304.499979 TARGET:-23 LUFS    M: -17.0 S: -17.4     I: -16.2 LUFS       LRA:   2.9 LU  FTPK:  -8.3 dBFS  TPK:  -1.4 dBFS
[Parsed_ebur128_0 @ 0x75bec0d2c0] t: 304.599979 TARGET:-23 LUFS    M: -21.1 S: -17.6     I: -16.2 LUFS       LRA:   2.9 LU  FTPK: -21.8 dBFS  TPK:  -1.4 dBFS
[Parsed_ebur128_0 @ 0x75bec0d2c0] t: 304.699979 TARGET:-23 LUFS    M: -24.4 S: -18.1     I: -16.2 LUFS       LRA:   2.9 LU  FTPK: -64.2 dBFS  TPK:  -1.4 dBFS
[Parsed_ebur128_0 @ 0x75bec0d2c0] t: 304.799979 TARGET:-23 LUFS    M: -24.8 S: -18.3     I: -16.2 LUFS       LRA:   2.9 LU  FTPK: -67.8 dBFS  TPK:  -1.4 dBFS
[Parsed_ebur128_0 @ 0x75bec0d2c0] t: 304.899979 TARGET:-23 LUFS    M: -44.8 S: -18.4     I: -16.2 LUFS       LRA:   2.9 LU  FTPK: -70.9 dBFS  TPK:  -1.4 dBFS
[Parsed_ebur128_0 @ 0x75bec0d2c0] t: 304.999979 TARGET:-23 LUFS    M: -77.9 S: -18.4     I: -16.2 LUFS       LRA:   2.9 LU  FTPK: -53.9 dBFS  TPK:  -1.4 dBFS
[Parsed_silencedetect_1 @ 0x75bec0d380] silence_start: 304.532708
[Parsed_ebur128_0 @ 0x75bec0d2c0] t: 305.099979 TARGET:-23 LUFS    M: -78.5 S: -18.5     I: -16.2 LUFS       LRA:   2.9 LU  FTPK: -64.1 dBFS  TPK:  -1.4 dBFS
[Parsed_ebur128_0 @ 0x75bec0d2c0] t: 305.199979 TARGET:-23 LUFS    M: -78.3 S: -18.5     I: -16.2 LUFS       LRA:   2.9 LU  FTPK: -68.8 dBFS  TPK:  -1.4 dBFS
[Parsed_ebur128_0 @ 0x75bec0d2c0] t: 305.299979 TARGET:-23 LUFS    M: -78.1 S: -18.5     I: -16.2 LUFS       LRA:   2.9 LU  FTPK: -68.8 dBFS  TPK:  -1.4 dBFS
[Parsed_ebur128_0 @ 0x75bec0d2c0] t: 305.399979 TARGET:-23 LUFS    M: -82.5 S: -18.5     I: -16.2 LUFS       LRA:   2.9 LU  FTPK: -58.4 dBFS  TPK:  -1.4 dBFS
[Parsed_ebur128_0 @ 0x75bec0d2c0] t: 305.499979 TARGET:-23 LUFS    M: -81.1 S: -18.5     I: -16.2 LUFS       LRA:   2.9 LU  FTPK: -59.5 dBFS  TPK:  -1.4 dBFS
[Parsed_ebur128_0 @ 0x75bec0d2c0] t: 305.599979 TARGET:-23 LUFS    M: -32.3 S: -18.5     I: -16.2 LUFS       LRA:   2.9 LU  FTPK: -12.7 dBFS  TPK:  -1.4 dBFS
[Parsed_silencedetect_1 @ 0x75bec0d380] silence_end: 305.550292 | silence_duration: 1.017583
[Parsed_ebur128_0 @ 0x75bec0d2c0] t: 305.699979 TARGET:-23 LUFS    M: -24.0 S: -18.4     I: -16.2 LUFS       LRA:   2.9 LU  FTPK:  -8.0 dBFS  TPK:  -1.4 dBFS
[Parsed_ebur128_0 @ 0x75bec0d2c0] t: 305.799979 TARGET:-23 LUFS    M: -17.7 S: -17.9     I: -16.2 LUFS       LRA:   2.9 LU  FTPK:  -1.5 dBFS  TPK:  -1.4 dBFS
[Parsed_ebur128_0 @ 0x75bec0d2c0] t: 305.899979 TARGET:-23 LUFS    M: -16.5 S: -17.7     I: -16.2 LUFS       LRA:   2.9 LU  FTPK:  -7.0 dBFS  TPK:  -1.4 dBFS
[Parsed_ebur128_0 @ 0x75bec0d2c0] t: 305.999979 TARGET:-23 LUFS    M: -14.5 S: -17.2     I: -16.2 LUFS       LRA:   2.9 LU  FTPK:  -1.7 dBFS  TPK:  -1.4 dBFS
[Parsed_ebur128_0 @ 0x75bec0d2c0] t: 306.099979 TARGET:-23 LUFS    M: -14.3 S: -17.1     I: -16.2 LUFS       LRA:   2.9 LU  FTPK:  -6.3 dBFS  TPK:  -1.4 dBFS
[Parsed_ebur128_0 @ 0x75bec0d2c0] t: 306.199979 TARGET:-23 LUFS    M: -14.8 S: -17.2     I: -16.2 LUFS       LRA:   2.9 LU  FTPK:  -3.3 dBFS  TPK:  -1.4 dBFS
[Parsed_ebur128_0 @ 0x75bec0d2c0] t: 306.299979 TARGET:-23 LUFS    M: -14.7 S: -17.3     I: -16.2 LUFS       LRA:   2.9 LU  FTPK:  -4.6 dBFS  TPK:  -1.4 dBFS
[Parsed_ebur128_0 @ 0x75bec0d2c0] t: 306.399979 TARGET:-23 LUFS    M: -16.7 S: -17.6     I: -16.2 LUFS       LRA:   2.9 LU  FTPK:  -8.4 dBFS  TPK:  -1.4 dBFS
[Parsed_ebur128_0 @ 0x75bec0d2c0] t: 306.499979 TARGET:-23 LUFS    M: -17.6 S: -17.9     I: -16.2 LUFS       LRA:   2.9 LU  FTPK: -16.6 dBFS  TPK:  -1.4 dBFS
[Parsed_ebur128_0 @ 0x75bec0d2c0] t: 306.599979 TARGET:-23 LUFS    M: -20.0 S: -18.1     I: -16.2 LUFS       LRA:   2.9 LU  FTPK:  -9.0 dBFS  TPK:  -1.4 dBFS
[Parsed_ebur128_0 @ 0x75bec0d2c0] t: 306.699979 TARGET:-23 LUFS    M: -24.2 S: -18.4     I: -16.2 LUFS       LRA:   2.9 LU  FTPK: -38.7 dBFS  TPK:  -1.4 dBFS
[Parsed_ebur128_0 @ 0x75bec0d2c0] t: 306.799979 TARGET:-23 LUFS    M: -24.9 S: -18.9     I: -16.2 LUFS       LRA:   2.9 LU  FTPK:  -8.2 dBFS  TPK:  -1.4 dBFS
[Parsed_ebur128_0 @ 0x75bec0d2c0] t: 306.899979 TARGET:-23 LUFS    M: -17.6 S: -18.4     I: -16.2 LUFS       LRA:   2.9 LU  FTPK:  -1.5 dBFS  TPK:  -1.4 dBFS
[Parsed_ebur128_0 @ 0x75bec0d2c0] t: 306.999979 TARGET:-23 LUFS    M: -16.7 S: -18.4     I: -16.2 LUFS       LRA:   2.9 LU  FTPK:  -6.2 dBFS  TPK:  -1.4 dBFS
[Parsed_ebur128_0 @ 0x75bec0d2c0] t: 307.099979 TARGET:-23 LUFS    M: -15.0 S: -18.3     I: -16.2 LUFS       LRA:   2.9 LU  FTPK:  -1.5 dBFS  TPK:  -1.4 dBFS
[Parsed_ebur128_0 @ 0x75bec0d2c0] t: 307.199979 TARGET:-23 LUFS    M: -14.3 S: -18.5     I: -16.2 LUFS       LRA:   2.9 LU  FTPK:  -4.2 dBFS  TPK:  -1.4 dBFS
[Parsed_ebur128_0 @ 0x75bec0d2c0] t: 307.299979 TARGET:-23 LUFS    M: -16.3 S: -18.6     I: -16.2 LUFS       LRA:   2.9 LU  FTPK: -11.5 dBFS  TPK:  -1.4 dBFS
[Parsed_ebur128_0 @ 0x75bec0d2c0] t: 307.399979 TARGET:-23 LUFS    M: -16.3 S: -18.4     I: -16.2 LUFS       LRA:   2.9 LU  FTPK:  -1.6 dBFS  TPK:  -1.4 dBFS
[Parsed_ebur128_0 @ 0x75bec0d2c0] t: 307.499979 TARGET:-23 LUFS    M: -15.5 S: -18.0     I: -16.2 LUFS       LRA:   2.9 LU  FTPK:  -1.5 dBFS  TPK:  -1.4 dBFS
[Parsed_ebur128_0 @ 0x75bec0d2c0] t: 307.599979 TARGET:-23 LUFS    M: -16.2 S: -17.9     I: -16.2 LUFS       LRA:   2.9 LU  FTPK:  -9.2 dBFS  TPK:  -1.4 dBFS
[Parsed_ebur128_0 @ 0x75bec0d2c0] t: 307.699979 TARGET:-23 LUFS    M: -16.4 S: -17.9     I: -16.2 LUFS       LRA:   2.9 LU  FTPK: -20.9 dBFS  TPK:  -1.4 dBFS
[Parsed_ebur128_0 @ 0x75bec0d2c0] t: 307.799979 TARGET:-23 LUFS    M: -17.8 S: -17.9     I: -16.2 LUFS       LRA:   2.9 LU  FTPK: -13.7 dBFS  TPK:  -1.4 dBFS
[Parsed_ebur128_0 @ 0x75bec0d2c0] t: 307.899979 TARGET:-23 LUFS    M: -27.3 S: -17.9     I: -16.2 LUFS       LRA:   2.9 LU  FTPK: -59.2 dBFS  TPK:  -1.4 dBFS
[Parsed_ebur128_0 @ 0x75bec0d2c0] t: 307.999979 TARGET:-23 LUFS    M: -37.7 S: -17.9     I: -16.2 LUFS       LRA:   2.9 LU  FTPK: -67.9 dBFS  TPK:  -1.4 dBFS
[Parsed_ebur128_0 @ 0x75bec0d2c0] t: 308.099979 TARGET:-23 LUFS    M: -41.9 S: -17.9     I: -16.2 LUFS       LRA:   2.9 LU  FTPK:  -inf dBFS  TPK:  -1.4 dBFS
[Parsed_ebur128_0 @ 0x75bec0d2c0] t: 308.199979 TARGET:-23 LUFS    M: -79.9 S: -17.9     I: -16.2 LUFS       LRA:   2.9 LU  FTPK:  -inf dBFS  TPK:  -1.4 dBFS
[Parsed_silencedetect_1 @ 0x75bec0d380] silence_start: 307.775542
[Parsed_ebur128_0 @ 0x75bec0d2c0] t: 308.299979 TARGET:-23 LUFS    M: -93.9 S: -17.9     I: -16.2 LUFS       LRA:   2.9 LU  FTPK:  -inf dBFS  TPK:  -1.4 dBFS
[Parsed_ebur128_0 @ 0x75bec0d2c0] t: 308.399979 TARGET:-23 LUFS    M:   nan S: -17.9     I: -16.2 LUFS       LRA:   2.9 LU  FTPK:  -inf dBFS  TPK:  -1.4 dBFS
[Parsed_ebur128_0 @ 0x75bec0d2c0] t: 308.499979 TARGET:-23 LUFS    M:   nan S: -17.9     I: -16.2 LUFS       LRA:   2.9 LU  FTPK:  -inf dBFS  TPK:  -1.4 dBFS
[Parsed_ebur128_0 @ 0x75bec0d2c0] t: 308.599979 TARGET:-23 LUFS    M:   nan S: -17.9     I: -16.2 LUFS       LRA:   2.9 LU  FTPK:  -inf dBFS  TPK:  -1.4 dBFS
[Parsed_ebur128_0 @ 0x75bec0d2c0] t: 308.699979 TARGET:-23 LUFS    M:   nan S: -18.0     I: -16.2 LUFS       LRA:   2.9 LU  FTPK:  -inf dBFS  TPK:  -1.4 dBFS
[Parsed_ebur128_0 @ 0x75bec0d2c0] t: 308.799979 TARGET:-23 LUFS    M:   nan S: -18.5     I: -16.2 LUFS       LRA:   2.9 LU  FTPK:  -inf dBFS  TPK:  -1.4 dBFS
[Parsed_ebur128_0 @ 0x75bec0d2c0] t: 308.899979 TARGET:-23 LUFS    M:   nan S: -18.8     I: -16.2 LUFS       LRA:   2.9 LU  FTPK:  -inf dBFS  TPK:  -1.4 dBFS
[Parsed_ebur128_0 @ 0x75bec0d2c0] t: 308.999979 TARGET:-23 LUFS    M:   nan S: -19.4     I: -16.2 LUFS       LRA:   2.9 LU  FTPK:  -inf dBFS  TPK:  -1.4 dBFS
[Parsed_ebur128_0 @ 0x75bec0d2c0] t: 309.099979 TARGET:-23 LUFS    M:   nan S: -19.6     I: -16.2 LUFS       LRA:   2.9 LU  FTPK:  -inf dBFS  TPK:  -1.4 dBFS
[Parsed_ebur128_0 @ 0x75bec0d2c0] t: 309.199979 TARGET:-23 LUFS    M:   nan S: -20.2     I: -16.2 LUFS       LRA:   2.9 LU  FTPK:  -inf dBFS  TPK:  -1.4 dBFS
[Parsed_ebur128_0 @ 0x75bec0d2c0] t: 309.299979 TARGET:-23 LUFS    M:   nan S: -20.6     I: -16.2 LUFS       LRA:   2.9 LU  FTPK:  -inf dBFS  TPK:  -1.4 dBFS
[Parsed_ebur128_0 @ 0x75bec0d2c0] t: 309.399979 TARGET:-23 LUFS    M:   nan S: -20.7     I: -16.2 LUFS       LRA:   2.9 LU  FTPK:  -inf dBFS  TPK:  -1.4 dBFS
[Parsed_ebur128_0 @ 0x75bec0d2c0] t: 309.499979 TARGET:-23 LUFS    M:   nan S: -20.7     I: -16.2 LUFS       LRA:   2.9 LU  FTPK:  -inf dBFS  TPK:  -1.4 dBFS
[Parsed_ebur128_0 @ 0x75bec0d2c0] t: 309.599979 TARGET:-23 LUFS    M:   nan S: -20.8     I: -16.2 LUFS       LRA:   2.9 LU  FTPK:  -inf dBFS  TPK:  -1.4 dBFS
[Parsed_ebur128_0 @ 0x75bec0d2c0] t: 309.699979 TARGET:-23 LUFS    M:   nan S: -20.8     I: -16.2 LUFS       LRA:   2.9 LU  FTPK:  -inf dBFS  TPK:  -1.4 dBFS
[Parsed_ebur128_0 @ 0x75bec0d2c0] t: 309.799979 TARGET:-23 LUFS    M:   nan S: -20.9     I: -16.2 LUFS       LRA:   2.9 LU  FTPK:  -inf dBFS  TPK:  -1.4 dBFS
[Parsed_ebur128_0 @ 0x75bec0d2c0] t: 309.899979 TARGET:-23 LUFS    M:   nan S: -22.1     I: -16.2 LUFS       LRA:   2.9 LU  FTPK:  -inf dBFS  TPK:  -1.4 dBFS
[Parsed_ebur128_0 @ 0x75bec0d2c0] t: 309.999979 TARGET:-23 LUFS    M:   nan S: -22.7     I: -16.2 LUFS       LRA:   2.9 LU  FTPK:  -inf dBFS  TPK:  -1.4 dBFS
[Parsed_ebur128_0 @ 0x75bec0d2c0] Summary:

  Integrated loudness:
    I:         -16.2 LUFS
    Threshold: -26.5 LUFS

  Loudness range:
    LRA:         2.9 LU
    Threshold: -37.1 LUFS
    LRA low:   -18.6 LUFS
    LRA high:  -15.6 LUFS

  True peak:
    Peak:       -1.4 dBFS
[Parsed_silencedetect_1 @ 0x75bec0d380] silence_end: 310 | silence_duration: 2.224458
[out#0/null @ 0x75bec0ca80] video:0KiB audio:29062KiB subtitle:0KiB other streams:0KiB global headers:0KiB muxing overhead: unknown
size=N/A time=00:05:10.00 bitrate=N/A speed= 452x elapsed=0:00:00.68    
